YEAR,MAKE,MODEL,CONDITION,TRANSMISSION,CYLINDERS,FUEL,ODOMETER,ENGINE POWER,MILAGE,Price
2011,chevrolet,camaro,Excellent,Automatic,6,gas,12200,Avg CC,6,0
2012,chrysler,town & country,Excellent,Manual,6,gas,111000,Low CC,11,0
2009,jeep,liberty,Excellent,Manual,6,gas,68650,Low CC,49,0
2011,buick,lacrosse,Excellent,Manual,6,gas,123562,High CC,40,0
2008,chevrolet,cobalt,Excellent,Automatic,4,gas,138001,Avg CC,33,0
2013,ford,econoline,Excellent,Manual,8,gas,69163,Avg CC,38,0
2009,kia,borrego,Excellent,Automatic,6,gas,117018,High CC,5,0
2008,ford,f250 xl diesel,Excellent,Manual,8,diesel,294950,Low CC,44,0
2015,ram,promaster city,Excellent,Automatic,4,gas,26313,Avg CC,11,0
2016,chevrolet,silverado 1500,Excellent,Automatic,8,gas,12458,Avg CC,25,2
2006,ford,f250 super duty,Excellent,Automatic,8,diesel,335044,Low CC,6,0
2002,lexus,es 300,Excellent,Automatic,6,gas,152000,Avg CC,18,0
2014,chevrolet,silverado 1500,Excellent,Manual,8,gas,48304,High CC,43,0
2016,toyota,tundra,Excellent,Manual,8,gas,48879,Low CC,8,0
2015,jeep,wrangler-sahara,Excellent,Manual,6,gas,49040,Avg CC,14,1
1999,toyota,camry,Excellent,Manual,6,gas,164780,Avg CC,17,0
2002,pontiac,trans am,Excellent,Automatic,8,gas,63400,High CC,12,1
2012,volkswagen,jetta tdi,Excellent,Automatic,4,diesel,82000,Low CC,7,0
2002,nissan,frontier,Excellent,Automatic,6,gas,117000,Avg CC,16,0
2007,lexus,rx 350,Excellent,Automatic,6,gas,135982,Low CC,15,0
2007,honda,odyssey touring,Excellent,Automatic,6,gas,137000,Low CC,11,0
2015,jeep,wrangler unlimited sport,Excellent,Automatic,6,gas,62500,High CC,30,0
2014,kia,soul,Excellent,Manual,4,gas,93530,High CC,28,0
2015,jeep,compass,Excellent,Automatic,4,gas,106179,Avg CC,19,0
2005,cadillac,sts,Excellent,Manual,6,gas,76547,Low CC,28,0
2011,ford,f-250 super duty,Excellent,Automatic,8,gas,34815,Avg CC,21,0
2016,cadillac,escalade,Excellent,Manual,8,gas,22587,Avg CC,41,2
2011,dodge,journey,Excellent,Automatic,4,gas,136306,Avg CC,6,0
2015,ford,f150 super crew cab xlt,Excellent,Manual,6,gas,106410,Avg CC,40,0
2003,ford,excursion powerstroke,Excellent,Automatic,8,diesel,177575,Low CC,47,0
2006,ford,explorer,Excellent,Manual,8,gas,188731,Low CC,21,0
2009,ram,1500 slt,Excellent,Automatic,8,gas,142000,High CC,32,0
2004,gmc,envoy slt,Excellent,Automatic,6,gas,94400,Avg CC,50,0
2014,cadillac,cts coupe,Excellent,Manual,6,gas,23000,Low CC,7,0
2011,nissan,murano,Excellent,Automatic,6,gas,101820,Low CC,49,0
2012,dodge,grand caravna,Excellent,Automatic,6,gas,51784,Low CC,43,0
2016,ford,f-150,Excellent,Manual,6,gas,30525,Low CC,5,1
2003,toyota,avalon,Excellent,Automatic,6,gas,129000,Avg CC,37,0
2007,toyota,rav4,Excellent,Manual,4,gas,87110,High CC,42,0
2006,chevrolet,uplander,Excellent,Automatic,6,gas,128955,Low CC,34,0
2007,toyota,avalon xls,Excellent,Automatic,6,gas,206480,Low CC,22,0
2005,ford,focus,Excellent,Automatic,4,gas,138071,Low CC,39,0
2008,dodge,sprinter van,Excellent,Manual,6,diesel,84248,Avg CC,21,0
2003,ford,thunderbird,Excellent,Automatic,8,gas,111000,Low CC,30,0
2016,subaru,crosstrek premium awd,Excellent,Automatic,4,gas,52023,High CC,43,0
2008,nissan,altima 3.5 se,Excellent,Manual,6,gas,140405,Avg CC,46,0
2000,mazda,626,salvage,Automatic,6,gas,175608,Low CC,36,0
2011,nissan,frontier,Excellent,Automatic,6,gas,80900,Avg CC,23,0
2013,lexus,es 350,Excellent,Automatic,6,gas,47268,High CC,32,0
2001,toyota,camry,salvage,Automatic,4,gas,317000,Avg CC,16,0
2014,ford,f250,Excellent,Automatic,8,diesel,140012,High CC,23,1
2010,ford,fusion,Excellent,Automatic,4,gas,159129,Avg CC,24,0
2009,nissan,rogue,Excellent,Manual,4,gas,140581,Avg CC,22,0
2005,chevrolet,trailblazer,Excellent,Manual,6,gas,140000,Avg CC,7,0
2004,mazda,3,Excellent,Automatic,4,gas,138282,Low CC,37,0
2005,toyota,camry,Excellent,Manual,4,gas,213935,Low CC,7,0
2007,chrysler,300 limited awd 3.5,Excellent,Automatic,6,gas,71000,Avg CC,36,0
2018,honda,cr-v,Excellent,Automatic,4,gas,12365,Avg CC,8,0
2013,dodge,durango,Excellent,Automatic,6,gas,74749,Low CC,33,0
2008,toyota,avalon limited,Excellent,Automatic,6,gas,178250,High CC,18,0
2009,honda,civic,Excellent,Automatic,4,gas,263730,Low CC,40,0
2010,chevrolet,suburban,Excellent,Manual,8,gas,143443,Low CC,34,0
2007,chevrolet,uplander ls,Excellent,Manual,6,gas,108630,Avg CC,50,0
2009,mercedes-benz,benz e350,Excellent,Automatic,6,gas,129800,Avg CC,38,0
2014,cadillac,escalade,Excellent,Manual,8,gas,111138,High CC,28,1
2006,ford,expedition eddie bauer,Excellent,Automatic,8,gas,187840,Avg CC,42,0
2012,ram,3500,Excellent,Automatic,8,diesel,106966,Avg CC,17,1
2013,lexus,rx 350,Excellent,Automatic,6,gas,66843,High CC,20,0
2002,pontiac,grand prix,Excellent,Manual,6,gas,173745,Low CC,19,0
2013,ford,econoline cargo van,Excellent,Manual,8,gas,89248,High CC,5,0
2016,jeep,compass,Excellent,Automatic,4,gas,26504,High CC,5,0
2007,chevrolet,corvette,Excellent,Automatic,8,gas,28821,Avg CC,27,1
2013,kia,rio,Excellent,Manual,4,gas,45000,Low CC,46,0
2008,toyota,tundra,Excellent,Automatic,8,gas,226000,Low CC,18,0
2014,ford,edge,Excellent,Automatic,6,gas,139363,Avg CC,31,0
2011,volkswagen,jetta,Excellent,Automatic,5,gas,101310,Avg CC,31,0
2005,gmc,sierra 2500hd,Excellent,Automatic,8,diesel,186087,Avg CC,20,0
2008,honda,crv,Excellent,Manual,4,gas,203460,Avg CC,27,0
2004,ford,f-250 sd,Excellent,Manual,8,diesel,135840,Avg CC,27,0
1999,jeep,wrangler,Excellent,Manual,6,gas,80000,Avg CC,29,0
2014,gmc,seirra sle z71,Excellent,Automatic,8,gas,101910,Low CC,11,0
2014,ford,f150,Excellent,Automatic,6,gas,111843,Low CC,14,0
2013,dodge,durango,Excellent,Automatic,6,gas,74749,Low CC,15,0
2004,chevrolet,silverado 1500,Excellent,Automatic,8,gas,121841,Avg CC,11,0
2004,infiniti,g,Excellent,Manual,6,gas,132000,Low CC,45,0
2011,jeep,compass 4wd,Excellent,Manual,4,gas,49937,Low CC,42,0
2010,ford,taurus sho,Excellent,Automatic,6,gas,144000,Low CC,47,0
2003,bmw,745i,salvage,Automatic,8,gas,179,High CC,35,0
2014,dodge,challenger,salvage,Automatic,8,gas,126000,Low CC,48,0
2009,nissan,versa,Excellent,Automatic,4,gas,78693,Avg CC,27,0
1997,toyota,rav4,Excellent,Automatic,4,gas,204500,High CC,28,0
2008,ford,f250,Excellent,Automatic,8,diesel,154048,Low CC,34,0
2007,toyota,camry se,Excellent,Automatic,4,gas,197000,Avg CC,49,0
2012,hyundai,accent,Excellent,Automatic,4,gas,130000,Low CC,41,0
2008,ford,super duty f-350 srw,Excellent,Automatic,8,gas,237518,Low CC,7,0
2014,dodge,grand caravan,Excellent,Manual,6,gas,68110,Avg CC,33,0
2008,toyota,corolla,Excellent,Automatic,4,gas,68585,Avg CC,26,0
1998,chevrolet,s10,Excellent,Automatic,6,gas,120477,Avg CC,38,0
2014,honda,accord sport,Excellent,Automatic,4,gas,85746,Low CC,46,0
2013,chevrolet,silverado crew,Excellent,Automatic,8,gas,62656,Low CC,16,0
2012,chevrolet,impala,Excellent,Manual,6,gas,77732,Avg CC,42,0
2014,ford,escape titanium,Excellent,Manual,4,gas,44974,Avg CC,39,0
2006,ford,f-350 sd xl 4wd,Excellent,Manual,8,diesel,57000,Low CC,48,1
2006,toyota,highlander,Excellent,Manual,6,gas,232000,Low CC,39,0
2014,chrysler,300,Excellent,Automatic,6,gas,52513,Low CC,7,0
2009,honda,cr-v ex-l 4x4,Excellent,Automatic,4,gas,127789,High CC,21,0
2011,mercedes-benz,c300 4matic sport,Excellent,Automatic,6,gas,52101,Avg CC,43,0
2017,ford,focus,Excellent,Automatic,4,gas,29000,High CC,44,0
2009,ford,crown victoria,Excellent,Automatic,8,gas,100000,Avg CC,12,0
2010,infiniti,g37 convertible,Excellent,Automatic,6,gas,135000,Low CC,30,0
2012,kia,sorento,Excellent,Automatic,4,gas,123866,Low CC,18,0
2011,volkswagen,golf gti 6 speed,Excellent,Manual,4,gas,114165,High CC,49,0
2017,hyundai,elantra,Excellent,Manual,4,gas,23016,Avg CC,25,0
2013,mercedes-benz,e-class,Excellent,Automatic,6,gas,121971,Avg CC,47,0
2008,dodge,grand caravan,Excellent,Automatic,6,gas,103000,Avg CC,44,0
2009,hyundai,sonata,Excellent,Automatic,4,gas,132000,Avg CC,11,0
2009,hyundai,elantra touring,Excellent,Manual,4,gas,117293,Avg CC,19,0
2014,ram,2500,Excellent,Manual,6,gas,80717,Avg CC,10,1
2001,gmc,sierra 1500 crew cab hd 4wd,Excellent,Automatic,8,gas,160600,Avg CC,37,0
2009,volkswagen,rabbit,Excellent,Manual,5,gas,104197,Low CC,37,0
2014,chrysler,300,Excellent,Automatic,6,gas,33104,Avg CC,21,0
2016,ford,taurus,Excellent,Automatic,6,gas,68000,Low CC,44,0
2006,ford,freestyle sel,Excellent,Automatic,6,gas,155000,High CC,45,0
2010,mercedes-benz,gl-class,Excellent,Manual,8,gas,121527,High CC,29,0
2017,mercedes-benz,gla 250,Excellent,Manual,4,gas,38197,Low CC,30,1
2007,honda,odyssey,Excellent,Automatic,6,gas,219000,Avg CC,49,0
2004,chevrolet,trail blazer,Excellent,Manual,6,gas,120030,Low CC,5,0
2016,kia,sorento,Excellent,Manual,6,gas,76903,Avg CC,49,0
2011,nissan,murano,Excellent,Automatic,6,gas,81551,Low CC,43,0
2003,ford,focus,Excellent,Automatic,4,gas,109840,High CC,25,0
2011,nissan,juke,Excellent,Manual,4,gas,101500,High CC,8,0
2000,jeep,wrangler,Excellent,Automatic,6,gas,133438,Low CC,11,0
2015,honda,fit,Excellent,Manual,4,gas,36499,Low CC,40,0
2011,jeep,patriot,Excellent,Automatic,4,gas,102167,Avg CC,33,0
2014,ram,1500,Excellent,Manual,6,gas,79663,Avg CC,38,0
2015,infiniti,qx 60,Excellent,Automatic,6,gas,99196,Avg CC,39,0
2005,ford,f150 lariat super cab,Excellent,Automatic,8,gas,65724,Avg CC,21,0
2005,chevrolet,astro,Excellent,Manual,6,gas,155072,Avg CC,43,0
2007,subaru,impreza wrx sti limited,Excellent,Automatic,4,gas,100206,Low CC,27,0
2008,ford,mustang,Excellent,Automatic,6,gas,98673,Low CC,5,0
2015,honda,civic coupe,Excellent,Manual,4,gas,48656,Avg CC,17,0
2004,acura,tsx,Excellent,Automatic,4,gas,136000,Low CC,27,0
2010,ford,f-150,Excellent,Automatic,8,gas,132998,Avg CC,50,0
2013,dodge,dart,Excellent,Automatic,4,gas,68127,High CC,31,0
2014,chevrolet,camaro 2lt convertible,Excellent,Automatic,6,gas,40000,High CC,24,0
2015,mercedes-benz,benz ml400 4matic,Excellent,Automatic,6,gas,66480,Low CC,19,1
2016,audi,q5 2.0t premium plus,Excellent,Manual,4,gas,37800,Low CC,7,1
1961,chevrolet,impala,Excellent,Automatic,8,gas,82792,Avg CC,23,2
1969,ford,f100,Excellent,Automatic,8,gas,1000,Low CC,50,0
2009,dodge,grand cravan,Excellent,Automatic,6,gas,95302,Avg CC,37,0
2014,nissan,maxima,Excellent,Manual,6,gas,54428,Low CC,38,0
2002,bmw,525i,Excellent,Manual,6,gas,140005,Avg CC,39,0
2008,pontiac,g6,Excellent,Manual,6,gas,168280,Avg CC,32,0
1991,gmc,top kick,Excellent,Automatic,8,diesel,180275,Low CC,20,0
2003,chevrolet,silverado,salvage,Manual,6,gas,160371,Low CC,50,0
2015,ford,f-550,Excellent,Manual,8,diesel,183117,Low CC,11,0
2008,infiniti,g35s,Excellent,Automatic,6,gas,151800,High CC,45,0
2013,mini,cooper s,Excellent,Manual,4,gas,63000,Avg CC,11,0
2016,dodge,challenger,Excellent,Manual,6,gas,21946,Low CC,13,0
2007,mercury,mountaineer,Excellent,Manual,8,gas,145698,High CC,13,0
2012,ford,explorer,Excellent,Automatic,6,gas,105806,High CC,47,0
2017,ford,escape,Excellent,Manual,4,gas,92716,Avg CC,29,0
2004,gmc,sierra 1500,Excellent,Automatic,8,gas,144897,Avg CC,17,0
2001,chevrolet,silverado 2500hd,Excellent,Automatic,8,diesel,140000,Low CC,44,0
1972,chevrolet,c-20,Excellent,Manual,8,gas,144000,High CC,24,0
2008,ford,f150,Excellent,Manual,6,gas,89000,Low CC,37,0
2000,nissan,quest gle,Excellent,Manual,6,gas,273495,Avg CC,26,0
2004,chevrolet,silverado 3500,Excellent,Manual,8,diesel,144657,High CC,46,0
2012,audi,q7 quattro,Excellent,Manual,6,diesel,123000,Avg CC,16,0
2009,honda,cr-v,Excellent,Manual,4,gas,122211,Avg CC,11,0
2013,chevrolet,impala,Excellent,Automatic,6,gas,78000,High CC,8,0
2011,ford,explorer,Excellent,Automatic,6,gas,40976,Low CC,34,0
2012,ram,slt hemi,Excellent,Automatic,8,gas,108150,Low CC,12,0
2017,lincoln,mkx,Excellent,Automatic,6,gas,43938,High CC,19,1
2010,dodge,challenger,Excellent,Manual,8,gas,44718,High CC,10,0
2008,acura,tl type s,Excellent,Automatic,6,gas,211014,High CC,32,0
2002,toyota,sienna,Excellent,Manual,6,gas,102943,High CC,37,0
2013,toyota,highlander,Excellent,Manual,6,gas,89108,Avg CC,34,0
2013,kia,soul +,Excellent,Automatic,4,gas,75364,High CC,7,0
2014,chevrolet,cruze,Excellent,Automatic,4,gas,77000,Avg CC,29,0
2013,ford,f-150,Excellent,Automatic,8,gas,67808,High CC,10,1
2015,ford,f-150 xlt,Excellent,Manual,6,gas,91234,Avg CC,29,0
2002,ford,f150,Excellent,Automatic,8,gas,217000,Avg CC,29,0
2014,ram,2500,Excellent,Automatic,6,diesel,138183,High CC,50,1
2015,chevrolet,cruze,Excellent,Manual,4,gas,48000,High CC,8,0
2002,volkswagen,beetle,Excellent,Manual,4,gas,97752,Avg CC,42,0
2005,acura,rsx,Excellent,Automatic,4,gas,174133,Avg CC,30,0
2014,jeep,grand cherokee,Excellent,Automatic,8,gas,74164,Low CC,15,0
2012,chevrolet,silverado,Excellent,Automatic,8,gas,71174,High CC,14,0
2009,chevrolet,silverado 1500,Excellent,Automatic,8,gas,117004,Avg CC,18,0
1997,ford,windstar,Excellent,Automatic,6,gas,210000,Avg CC,49,0
2018,infiniti,qx60,Excellent,Automatic,6,gas,12525,Avg CC,42,0
2012,mercedes-benz,gl-class,Excellent,Manual,8,gas,114249,Avg CC,25,0
2010,toyota,yaris,Excellent,Automatic,4,gas,72960,Avg CC,23,0
2006,toyota,4runner sr5,Excellent,Automatic,8,gas,196900,Avg CC,46,0
2015,ford,fusion se,Excellent,Manual,4,gas,84500,Avg CC,44,0
2016,ford,escape se,Excellent,Manual,4,gas,128000,Low CC,23,0
2017,ford,transit,Excellent,Automatic,6,gas,51406,Low CC,7,1
2007,hyundai,tucson,Excellent,Automatic,4,gas,181295,High CC,14,0
2015,ford,f150,Excellent,Automatic,6,gas,60950,Avg CC,5,1
1979,ford,150 econoline van,salvage,Manual,8,gas,67946,Avg CC,8,0
2008,bmw,5 series535xi wagon awd,Excellent,Automatic,6,gas,77000,Avg CC,27,0
2003,chevrolet,suburban,Excellent,Manual,8,gas,188000,Avg CC,7,0
2009,chrysler,pt cruiser,Excellent,Manual,4,gas,126008,High CC,21,0
2013,chrysler,town country,Excellent,Automatic,6,gas,117083,Low CC,43,0
1977,ford,thunderbird,Excellent,Manual,8,gas,47138,Avg CC,38,0
2012,kia,soul,Excellent,Automatic,4,gas,83000,High CC,46,0
2005,gmc,2005 envoy slt,Excellent,Automatic,6,gas,108079,Low CC,32,0
2013,ford,f-150,Excellent,Automatic,6,gas,126000,High CC,45,0
2003,lexus,es300,Excellent,Manual,6,gas,167000,High CC,14,0
2007,ford,mustang shelby gt,Excellent,Automatic,8,gas,19158,High CC,32,1
2015,ford,f-150,Excellent,Automatic,6,gas,46244,Avg CC,23,1
2016,dodge,grand caravan,Excellent,Automatic,6,gas,46155,High CC,42,1
2012,ford,f450,Excellent,Automatic,8,diesel,266001,Avg CC,20,0
2018,chevrolet,express g2500,Excellent,Manual,6,gas,25423,Low CC,22,0
2015,chevrolet,malibu,Excellent,Automatic,4,gas,85139,Low CC,14,0
2014,ram,promaster 2500,Excellent,Manual,6,gas,80483,Low CC,7,0
2012,chevrolet,silverado 1500 ls,Excellent,Manual,8,gas,106913,Low CC,50,0
2011,audi,a4 1 owner!!,Excellent,Manual,4,gas,138505,High CC,11,0
2006,jeep,grand cherokee,Excellent,Manual,6,gas,144791,High CC,9,0
2011,ford,f-250 sd,Excellent,Manual,8,gas,123759,Low CC,40,0
2013,nissan,maxima 3.5 sv,Excellent,Manual,6,gas,41760,Low CC,16,0
1999,chevrolet,silverado,Excellent,Manual,8,gas,271000,Low CC,47,0
1998,chevrolet,cavalier,Excellent,Automatic,4,gas,82000,Low CC,5,0
2009,ford,f150,Excellent,Automatic,8,gas,83000,Low CC,7,0
2006,lexus,sc430,Excellent,Automatic,8,gas,42360,Avg CC,20,0
2003,ford,f-150,Excellent,Manual,8,gas,119475,High CC,41,0
2007,chevrolet,colorado,Excellent,Automatic,5,gas,223000,Low CC,20,0
2012,toyota,highlander,Excellent,Automatic,6,gas,123285,High CC,21,0
1991,chevrolet,corvette,Excellent,Automatic,8,gas,54000,Low CC,23,1
2001,honda,civic lx,Excellent,Manual,4,gas,227000,Avg CC,17,0
2015,mazda,cx-5,Excellent,Manual,4,gas,97272,Avg CC,38,0
2016,lincoln,mkc,Excellent,Automatic,4,gas,55828,Low CC,32,0
2008,gmc,sierra slt,Excellent,Automatic,8,gas,105000,Low CC,49,0
2015,chevrolet,cruze lt,Excellent,Automatic,4,gas,69822,Low CC,44,0
2002,dodge,durango sport,Excellent,Automatic,8,gas,240101,Avg CC,48,0
2008,ford,focus,Excellent,Automatic,4,gas,121000,Low CC,27,0
1981,chevrolet,1 ton,Excellent,Manual,8,gas,89000,Low CC,38,0
2005,gmc,yukon xl,Excellent,Automatic,8,gas,154546,Low CC,32,0
2016,volkswagen,golf gti autobahn,Excellent,Automatic,4,gas,58000,High CC,39,0
2010,gmc,yukon xl,Excellent,Automatic,8,gas,216400,Low CC,44,0
1983,jeep,cj5,Excellent,Manual,6,gas,6134,Avg CC,20,0
2006,honda,odyssey,Excellent,Manual,6,gas,195000,Low CC,28,0
2002,volvo,s60,Excellent,Manual,5,gas,139106,Avg CC,9,0
2004,jeep,grand cherokee loredo,salvage,Manual,6,gas,130000,High CC,18,0
2012,ford,escape,Excellent,Automatic,4,gas,99432,Low CC,48,0
2012,ford,escape,Excellent,Manual,4,gas,154665,Avg CC,50,0
2014,ford,focus se,Excellent,Automatic,4,gas,81051,Low CC,20,0
2005,dodge,dakota,Excellent,Automatic,8,gas,40933,Avg CC,10,0
2010,jeep,grand cherokee,Excellent,Automatic,6,gas,104200,Low CC,33,0
2018,dodge,journey,Excellent,Manual,6,gas,2400,High CC,15,0
2008,rover,lr3,Excellent,Automatic,8,gas,121121,Low CC,49,0
2009,toyota,rav4,Excellent,Manual,4,gas,232655,Avg CC,39,0
2016,ford,f-150,Excellent,Manual,8,gas,53252,Avg CC,29,1
2008,toyota,tundra,Excellent,Manual,8,gas,142768,Low CC,15,0
2015,chevrolet,silverado 2500hd,Excellent,Automatic,8,diesel,140543,Avg CC,38,1
2015,ford,f-350 sd,Excellent,Automatic,8,gas,138736,Low CC,8,0
2011,chevrolet,silverado 1500,Excellent,Automatic,8,gas,153000,Low CC,6,0
2011,toyota,rav-4 4x4,Excellent,Automatic,4,gas,108492,High CC,22,0
2012,ram,2500,Excellent,Manual,8,gas,118524,Avg CC,45,0
2015,toyota,tacoma trd sport,Excellent,Manual,6,gas,92329,High CC,38,0
2012,chevrolet,silverado 2500hd,Excellent,Manual,8,gas,159000,Avg CC,9,0
1996,mercedes-benz,sl 320,Excellent,Manual,6,gas,136500,Low CC,8,0
2013,chevrolet,malibu,Excellent,Automatic,4,gas,67461,Low CC,37,0
2013,nissan,murano sl awd,Excellent,Automatic,6,gas,102604,Avg CC,14,0
2013,ford,f-450 sd,Excellent,Automatic,8,diesel,85025,Avg CC,34,1
2017,jeep,wrangler,Excellent,Manual,6,gas,40017,Low CC,18,0
2000,chevrolet,s10 pickup,Excellent,Manual,4,gas,106300,Avg CC,33,0
2006,chevrolet,silverado ls,Excellent,Automatic,6,gas,138690,Avg CC,19,0
2015,nissan,altima 2.5 s,Excellent,Manual,4,gas,75277,Low CC,42,0
2008,ford,expedition,Excellent,Automatic,8,gas,211884,Avg CC,40,0
2006,nissan,xterra,Excellent,Automatic,6,gas,129000,Low CC,42,0
2013,kia,optima lx,Excellent,Manual,4,gas,159932,Avg CC,9,0
2013,dodge,charger,Excellent,Automatic,6,gas,67218,Low CC,25,0
2012,jeep,wrangler unlimited sport,Excellent,Automatic,6,gas,55700,Avg CC,45,1
2005,jeep,grand cherokee,Excellent,Automatic,6,gas,97000,Avg CC,16,0
2012,ford,expedition,Excellent,Manual,8,gas,123140,Low CC,22,0
2008,hyundai,santa fe,Excellent,Manual,6,gas,136001,Avg CC,27,0
2010,chevrolet,aveo,Excellent,Automatic,4,gas,61390,Avg CC,22,0
2013,chevrolet,cruze lt,Excellent,Automatic,4,gas,59916,High CC,22,0
2007,jeep,grand cherokee laredo 4x4,Excellent,Manual,6,gas,155150,Low CC,18,0
2003,chevrolet,suburban lt 4x4,Excellent,Manual,8,gas,213000,Avg CC,5,0
2017,ram,1500,Excellent,Manual,8,gas,35695,Avg CC,18,1
2015,audi,s5 cabriolet,Excellent,Manual,6,gas,4000,Low CC,27,2
1999,chevrolet,silverado ls,salvage,Automatic,8,gas,213310,High CC,50,0
2014,chrysler,200,Excellent,Automatic,6,gas,73419,Avg CC,5,0
2015,lincoln,mks,Excellent,Automatic,6,gas,35059,Avg CC,35,0
2009,acura,rdx,Excellent,Automatic,4,gas,117000,Low CC,49,0
2008,honda,pilot,Excellent,Manual,6,gas,192908,Low CC,37,0
2012,jeep,grand cherokee laredo,Excellent,Manual,6,gas,142000,Low CC,44,0
1999,nissan,altima gxe sedan,Excellent,Manual,4,gas,174215,Avg CC,8,0
2004,ford,explorer sport trac,Excellent,Automatic,6,gas,157980,High CC,38,0
2005,gmc,sierra 2500hd,Excellent,Automatic,8,gas,140554,Low CC,28,0
2014,jeep,grand cherokee limited,Excellent,Manual,6,gas,108319,Avg CC,22,0
2012,audi,s5,Excellent,Manual,8,gas,37000,High CC,44,0
2004,nissan,xterra xe 4wd 3.3 v6,salvage,Automatic,6,gas,162532,Avg CC,20,0
2019,ford,f150,Excellent,Manual,8,gas,13058,High CC,25,1
2009,chrysler,town and country,Excellent,Automatic,6,gas,140000,Avg CC,34,0
2016,ford,f150,Excellent,Automatic,6,gas,79586,Low CC,23,1
2010,ford,edge,Excellent,Manual,6,gas,109817,Avg CC,44,0
2015,fiat,500,Excellent,Manual,4,gas,66964,Avg CC,9,0
2018,chrysler,pacifica,Excellent,Manual,6,gas,47211,High CC,36,1
2003,lincoln,town car executive,Excellent,Automatic,8,gas,193038,Avg CC,32,0
2015,chrysler,200,Excellent,Automatic,4,gas,81279,Avg CC,27,0
2017,honda,pilot,Excellent,Manual,6,gas,43000,High CC,31,1
2015,gmc,sierra 3500hd,Excellent,Automatic,8,diesel,50000,Avg CC,8,1
2002,chevrolet,suburban z71,Excellent,Manual,8,gas,268000,High CC,34,0
1989,toyota,camry 1989,Excellent,Automatic,4,gas,125123,High CC,27,0
2016,chevrolet,impala,Excellent,Manual,6,gas,59510,Avg CC,15,0
2011,kia,sorento lx,Excellent,Automatic,4,gas,187740,Low CC,47,0
2015,nissan,altima,Excellent,Automatic,4,gas,73735,High CC,11,0
2014,subaru,forester 2.5i premium,Excellent,Automatic,4,gas,93602,High CC,7,0
2018,ford,f150 super crew,Excellent,Automatic,6,gas,5360,Low CC,38,1
2014,jeep,wrangler unlimited sahara,Excellent,Manual,6,gas,58931,Low CC,29,1
2013,honda,accord camry,Excellent,Automatic,6,gas,79395,Low CC,24,0
2017,ford,f-250sd,Excellent,Manual,8,diesel,66864,Avg CC,8,1
2005,nissan,frontier,Excellent,Manual,6,gas,153000,Low CC,18,0
2004,chrysler,sebring,Excellent,Automatic,6,gas,80000,Avg CC,14,0
2011,dodge,nitro heat 4x4,Excellent,Manual,6,gas,109000,Low CC,12,0
2010,ford,f-150 x-cab,Excellent,Automatic,8,gas,154081,Avg CC,38,0
2017,nissan,sentra sv,Excellent,Automatic,4,gas,15750,Avg CC,31,0
2014,ford,mustang,Excellent,Automatic,6,gas,67902,Avg CC,27,0
2013,chevrolet,express cargo van,Excellent,Automatic,8,gas,131658,Avg CC,39,0
2014,ford,escape,Excellent,Automatic,4,gas,57770,Low CC,39,0
2018,nissan,nv1500 cargo van,Excellent,Automatic,6,gas,7443,Low CC,6,0
2008,nissan,altima,Excellent,Automatic,4,gas,139500,Low CC,26,0
2003,chevrolet,monte carlo,Excellent,Manual,6,gas,126494,Low CC,49,0
2014,audi,s5,Excellent,Manual,6,gas,8000,Avg CC,8,1
2016,nissan,altima,Excellent,Automatic,4,gas,36023,Low CC,49,0
1927,ford,pickup,Excellent,Automatic,4,gas,80,Avg CC,6,1
2014,dodge,durango,Excellent,Automatic,6,gas,102037,Avg CC,12,0
2007,mercury,mariner,Excellent,Manual,6,gas,124000,High CC,13,0
2013,chevrolet,impala ltz,Excellent,Automatic,6,gas,35118,Low CC,31,0
2007,lincoln,mkx,Excellent,Automatic,6,gas,84300,Avg CC,22,0
2012,buick,enclave,Excellent,Automatic,6,gas,95319,Low CC,9,0
2011,infiniti,g37 journey coupe,Excellent,Automatic,6,gas,40000,Avg CC,49,0
2015,ford,edge,Excellent,Manual,4,gas,41869,Avg CC,8,0
2011,bmw,3-series,Excellent,Automatic,6,gas,88721,High CC,45,0
2019,ford,transit wagon,Excellent,Manual,6,gas,2750,Avg CC,6,1
2016,volkswagen,passat,Excellent,Automatic,4,gas,84330,High CC,21,0
2010,toyota,camry se,Excellent,Automatic,6,gas,124099,Avg CC,48,0
2013,hyundai,azera,Excellent,Automatic,6,gas,72863,Avg CC,38,0
2013,ford,f350 4wd,Excellent,Automatic,8,diesel,55422,Avg CC,21,1
2011,nissan,juke,Excellent,Automatic,4,gas,87683,Low CC,38,0
2009,ford,escape,Excellent,Manual,4,gas,101866,Low CC,25,0
2003,ram,2500,Excellent,Automatic,6,diesel,149800,Low CC,28,0
2012,jeep,grand cherokee overland,Excellent,Automatic,8,gas,119731,High CC,43,0
2011,ford,f 150,Excellent,Manual,8,gas,123799,High CC,19,0
2013,ford,fusion se,Excellent,Manual,4,gas,131290,High CC,26,0
2012,subaru,outback premium,Excellent,Automatic,4,gas,133628,High CC,25,0
2008,mazda,3,Excellent,Automatic,4,gas,156214,Avg CC,16,0
2006,ford,f-750,Excellent,Manual,6,diesel,38178,Avg CC,22,0
2012,ford,escape,Excellent,Automatic,6,gas,65000,High CC,7,0
2012,kia,soul,Excellent,Manual,4,gas,131500,Low CC,25,0
2004,volkswagen,touareg,Excellent,Automatic,6,gas,101047,Avg CC,27,0
2007,jeep,wrangler,Excellent,Automatic,6,gas,150862,Low CC,28,0
2018,acura,rdx awd advanced,Excellent,Manual,6,gas,9200,Avg CC,40,1
2015,ford,f-350 sd,Excellent,Automatic,8,gas,112241,Avg CC,50,0
2003,honda,accord lx 2-door,salvage,Manual,4,gas,170000,Avg CC,15,0
2014,nissan,altima s,Excellent,Automatic,4,gas,117770,Avg CC,27,0
1970,chevrolet,el camino,Excellent,Automatic,8,gas,72868,High CC,6,1
2018,buick,encore,Excellent,Automatic,4,gas,12140,Avg CC,21,0
2008,ford,f150,Excellent,Automatic,8,gas,191148,Low CC,36,0
2017,chevrolet,express,Excellent,Automatic,8,gas,36712,Low CC,25,1
2012,chevrolet,express,Excellent,Automatic,8,gas,43742,Avg CC,39,0
2017,subaru,impreza,Excellent,Manual,4,gas,24190,High CC,50,0
2016,ford,f-250 sd,Excellent,Manual,8,gas,87170,Low CC,40,0
2001,saturn,s series sedan,Excellent,Automatic,4,gas,188000,Low CC,42,0
2017,ford,f150,Excellent,Automatic,6,gas,41036,Avg CC,27,1
2010,ford,f-150,Excellent,Automatic,8,gas,72700,Avg CC,42,0
2008,chevrolet,express cargo van,Excellent,Automatic,8,gas,169472,Low CC,26,0
2008,chevrolet,silverado,Excellent,Automatic,8,gas,217000,Avg CC,18,0
2004,volkswagen,passat,Excellent,Automatic,6,gas,151451,Avg CC,26,0
2008,chevrolet,hhr,Excellent,Manual,4,gas,228000,Avg CC,46,0
2006,honda,pilot,Excellent,Automatic,6,gas,131000,High CC,5,0
2012,honda,civic,Excellent,Automatic,4,gas,107256,Low CC,19,0
1995,ford,f350,Excellent,Automatic,8,diesel,345000,Avg CC,42,0
2012,ford,super duty f-250 srw,Excellent,Automatic,8,diesel,143775,Avg CC,36,1
2011,chevrolet,express cargo van,Excellent,Automatic,6,gas,122653,Low CC,7,0
2003,chevrolet,trailblazer,Excellent,Automatic,6,gas,208950,Low CC,17,0
2004,jeep,liberty limited edition,Excellent,Automatic,6,gas,107000,Low CC,29,0
2003,chevrolet,tahoe,Excellent,Automatic,8,gas,227000,Avg CC,19,0
2015,toyota,tacoma,Excellent,Automatic,6,gas,110368,High CC,11,0
2010,mercedes-benz,e550,Excellent,Manual,8,gas,68182,Avg CC,41,0
2012,ford,expedition,Excellent,Manual,8,gas,123140,Low CC,9,0
2015,volkswagen,passat,Excellent,Automatic,6,gas,71468,Avg CC,26,0
2013,volkswagen,cc,Excellent,Automatic,4,gas,34000,Low CC,20,0
2007,chevrolet,silverado 3500hd,Excellent,Manual,8,diesel,379234,Avg CC,49,0
2018,buick,encore,Excellent,Manual,4,gas,46500,Avg CC,28,0
2008,toyota,sienna xle,Excellent,Automatic,6,gas,145250,Avg CC,36,0
2010,mazda,3i touring 2.0l auto,Excellent,Manual,4,gas,150000,Low CC,18,0
2016,chevrolet,silverado 1500,Excellent,Automatic,8,gas,23298,Avg CC,22,1
2007,bmw,525i,Excellent,Manual,6,gas,105000,Avg CC,31,0
2015,mercedes-benz,benz e350,Excellent,Manual,6,gas,68000,Low CC,15,0
2006,nissan,sentra,Excellent,Automatic,4,gas,177000,Low CC,14,0
1982,chevrolet,el camino,Excellent,Automatic,8,gas,50000,Avg CC,47,0
2017,dodge,grand caravan,Excellent,Manual,6,gas,25857,Avg CC,42,0
2017,nissan,murano,Excellent,Manual,6,gas,49412,Avg CC,28,0
2014,mercedes-benz,benz c-250 sport,Excellent,Automatic,4,gas,68000,Avg CC,17,0
2011,chevrolet,silverado 1500,Excellent,Manual,8,gas,119388,Low CC,41,0
2014,bmw,535xi,Excellent,Manual,6,gas,72658,Low CC,11,0
2018,ford,escape,Excellent,Automatic,4,gas,18200,Low CC,44,0
2013,hyundai,veloster,Excellent,Automatic,4,gas,100617,Low CC,38,0
2012,nissan,rogue sv,Excellent,Automatic,4,gas,116567,Avg CC,35,0
2012,honda,pilot ex-l 4x4,Excellent,Manual,6,gas,129214,Avg CC,6,0
2010,ford,xlt f150 crew cab,Excellent,Automatic,8,gas,112766,Avg CC,18,0
2011,cadillac,dts,Excellent,Automatic,8,gas,79088,Low CC,19,0
2003,toyota,matrix,Excellent,Automatic,4,gas,227452,Low CC,40,0
2014,nissan,pathfinder sv,Excellent,Automatic,6,gas,99072,Low CC,31,0
2014,chevrolet,silverado 1500,Excellent,Manual,8,gas,59000,Avg CC,25,1
2008,ford,f-150 limited,Excellent,Automatic,8,gas,120303,Avg CC,38,0
2000,honda,accord,salvage,Automatic,4,gas,248083,Avg CC,22,0
2011,chevrolet,silverado 2500hd,Excellent,Manual,8,diesel,156907,High CC,27,1
1955,pontiac,4 door,salvage,Manual,8,gas,26721,Avg CC,43,0
2014,chrysler,town country,Excellent,Automatic,6,gas,87148,Low CC,6,0
2004,toyota,corolla le,Excellent,Automatic,4,gas,149675,Low CC,19,0
2006,chevrolet,hhr,Excellent,Manual,4,gas,139974,High CC,36,0
2013,ford,focus titanium 2.0l auto,Excellent,Manual,4,gas,70000,Avg CC,24,0
1999,toyota,camry,Excellent,Automatic,4,gas,287249,Low CC,19,0
2012,gmc,terrain,Excellent,Manual,4,gas,96728,High CC,47,0
2017,ford,f-150,Excellent,Manual,8,gas,84150,Avg CC,37,1
2006,dodge,charger,Excellent,Automatic,8,gas,95073,Avg CC,25,0
2010,chevrolet,silverado 1500 crew,Excellent,Manual,8,gas,78897,Avg CC,32,0
2013,acura,tl,Excellent,Manual,6,gas,53000,High CC,44,0
2011,volvo,xc90,Excellent,Automatic,6,gas,114000,Avg CC,5,0
2008,nissan,quest,Excellent,Automatic,6,gas,56700,High CC,6,0
2014,chevrolet,equinox,Excellent,Manual,4,gas,122988,Avg CC,31,0
2010,bmw,135i / z3,Excellent,Automatic,6,gas,107000,Low CC,13,0
2005,honda,element,Excellent,Automatic,4,gas,132985,Low CC,36,0
2005,chrysler,pt cruiser touring,Excellent,Automatic,4,gas,92384,Avg CC,30,0
2017,hyundai,accent,Excellent,Manual,4,gas,36052,Low CC,50,0
2014,lincoln,mkz,Excellent,Manual,6,gas,85499,Low CC,10,0
2010,chevrolet,equinox,Excellent,Manual,4,gas,117470,High CC,35,0
2015,gmc,sierra,Excellent,Automatic,8,gas,40192,High CC,26,1
2006,chevrolet,trailblazer,Excellent,Manual,6,gas,112877,Avg CC,35,0
2013,volkswagen,passat se,Excellent,Automatic,5,gas,130000,Avg CC,17,0
2013,subaru,legacy,Excellent,Manual,4,gas,109298,High CC,10,0
2006,audi,a6,Excellent,Manual,6,gas,109000,Low CC,35,0
2010,chevrolet,traverse lt,Excellent,Manual,6,gas,91421,Low CC,14,0
2015,jeep,patriot,Excellent,Automatic,4,gas,47733,Low CC,32,0
2013,volvo,xc70 t6 awd,Excellent,Automatic,6,gas,94157,Avg CC,22,0
2005,ford,freestar,Excellent,Manual,6,gas,180232,Low CC,43,0
1997,jeep,wrangler,Excellent,Automatic,4,gas,97190,High CC,42,0
2007,honda,civic,Excellent,Manual,4,gas,155045,Low CC,43,0
2013,honda,civic,Excellent,Manual,4,gas,110602,Avg CC,25,0
1998,ford,crown victoria lx,Excellent,Manual,8,gas,103000,Avg CC,7,0
2004,gmc,starcraft conversion,Excellent,Manual,8,gas,182336,High CC,47,0
1961,chevrolet,impala,Excellent,Automatic,8,gas,2500,High CC,39,2
2015,dodge,dart,Excellent,Automatic,4,gas,62565,Avg CC,15,0
2012,chevrolet,silverado 2500 hd,salvage,Automatic,8,gas,67500,High CC,23,0
2000,toyota,sienna 4d pass van,Excellent,Manual,6,gas,158000,Avg CC,31,0
1998,toyota,4runner,Excellent,Manual,6,gas,200000,Avg CC,12,0
2011,gmc,sierra 1500 w/t regular-cab,Excellent,Manual,6,gas,77508,Avg CC,24,0
2015,bmw,x3 xdrive28i xline,Excellent,Manual,4,gas,48583,High CC,16,1
2001,dodge,intrepid,Excellent,Automatic,6,gas,70592,Avg CC,10,0
2012,kia,forte,Excellent,Automatic,4,gas,93202,Low CC,14,0
2006,bmw,325i,Excellent,Manual,6,gas,111109,Avg CC,31,0
2012,subaru,outback,Excellent,Manual,4,gas,133823,Avg CC,24,0
2001,gmc,seirra 1500 4x4,Excellent,Automatic,8,gas,230313,Avg CC,14,0
2005,dodge,neon,Excellent,Automatic,4,gas,160000,Avg CC,18,0
2016,nissan,versa sv,Excellent,Manual,4,gas,70715,Avg CC,6,0
2017,toyota,rav4 se awd,Excellent,Automatic,4,gas,14948,Avg CC,43,0
2007,honda,cr-v ex-l,Excellent,Manual,4,gas,135741,Avg CC,8,0
2015,nissan,frontier,Excellent,Automatic,6,gas,65276,Low CC,47,0
2008,bmw,535xi,Excellent,Automatic,6,gas,130000,Low CC,19,0
2013,chevrolet,tahoe,Excellent,Manual,8,gas,66557,High CC,18,1
2005,ford,f150,Excellent,Automatic,8,gas,152000,Low CC,31,0
2012,hyundai,sonata 2.0 turbo,Excellent,Automatic,4,gas,102917,Avg CC,27,0
2016,nissan,altima,Excellent,Manual,4,gas,65886,Low CC,12,0
2001,chevrolet,silverado,salvage,Manual,8,gas,231013,Low CC,17,0
2009,audi,tt,Excellent,Automatic,4,gas,64000,High CC,9,0
1996,chevrolet,corvette,Excellent,Automatic,8,gas,77216,High CC,46,0
2012,chevrolet,suburban lt 2500,Excellent,Manual,8,gas,125748,Avg CC,12,0
2004,toyota,sienna xle,Excellent,Manual,6,gas,186400,High CC,47,0
2016,kia,soul,Excellent,Automatic,4,gas,88911,Avg CC,8,0
2009,chevrolet,silverado 1500,Excellent,Automatic,8,gas,169724,Low CC,39,0
2008,nissan,versa,Excellent,Automatic,4,gas,144741,Low CC,40,0
2016,chrysler,200 sedan,Excellent,Automatic,4,gas,40752,Low CC,26,0
2010,ford,fusion sel,Excellent,Automatic,4,gas,67675,Avg CC,8,0
2015,ram,2500,Excellent,Manual,6,diesel,138372,High CC,20,1
2009,toyota,rav4,Excellent,Manual,4,gas,135000,Avg CC,5,0
1988,mercury,cougar,Excellent,Manual,8,gas,155884,Low CC,41,0
2018,gmc,sierra 1500,Excellent,Manual,6,gas,17412,Avg CC,6,0
2016,toyota,tundra,Excellent,Manual,8,gas,41820,Low CC,28,1
2014,ram,promaster 2500,Excellent,Manual,6,gas,229,Avg CC,36,0
2005,toyota,tundra,Excellent,Automatic,8,gas,66697,Avg CC,44,0
1999,chevrolet,tahoe,Excellent,Automatic,8,gas,196600,Low CC,28,0
2013,nissan,frontier sv,Excellent,Automatic,6,gas,91583,Low CC,25,0
2011,infiniti,g37,Excellent,Manual,6,gas,84800,Avg CC,20,0
2005,acura,mdx touring,Excellent,Automatic,6,gas,117430,Avg CC,9,0
2001,ram,1500,Excellent,Automatic,8,gas,207496,Avg CC,28,0
2018,ford,transit,Excellent,Automatic,6,gas,21555,Avg CC,12,1
2006,ford,mustang gt convertible,Excellent,Manual,8,gas,84057,Low CC,33,0
2011,ford,f-350,Excellent,Automatic,8,diesel,93345,High CC,45,1
2009,honda,civic,Excellent,Manual,4,gas,156584,Low CC,32,0
2006,hyundai,tucson,Excellent,Automatic,6,gas,142700,Avg CC,50,0
2017,chevrolet,traverse,Excellent,Automatic,6,gas,78187,Low CC,33,0
2011,ford,f-150,Excellent,Automatic,8,gas,168031,Avg CC,16,0
2006,mercury,mountaineer,Excellent,Manual,6,gas,130000,Avg CC,37,0
2008,nissan,titan,Excellent,Manual,8,gas,125732,Avg CC,15,0
2017,nissan,titan,Excellent,Automatic,8,gas,38961,Low CC,40,1
2008,jeep,wrangler,Excellent,Manual,6,gas,174644,Low CC,19,0
2015,ford,taurus sho,Excellent,Manual,6,gas,37236,High CC,17,0
2018,gmc,sierra,Excellent,Manual,6,gas,14000,Avg CC,30,0
2011,chevrolet,1500 lt,Excellent,Automatic,8,gas,191174,High CC,6,0
2018,ford,transit t250,Excellent,Automatic,6,gas,16369,Low CC,48,1
2012,ram,3500 long bed diesel truck,Excellent,Manual,6,diesel,133821,High CC,25,1
2015,hyundai,veloster,Excellent,Manual,4,gas,44187,Avg CC,15,0
2003,jaguar,s-type,Excellent,Manual,8,gas,58500,High CC,42,0
2012,honda,accord ex-l,Excellent,Automatic,4,gas,89650,Low CC,30,0
2017,buick,enclave,Excellent,Manual,6,gas,19519,Low CC,16,0
2000,chevrolet,malibu,Excellent,Automatic,6,gas,215865,Low CC,26,0
2009,mercury,mariner premier,salvage,Automatic,4,gas,131000,High CC,13,0
2003,honda,accord lx coupe,Excellent,Automatic,6,gas,180920,High CC,29,0
2010,ford,edge,Excellent,Automatic,6,gas,98953,Avg CC,13,0
2007,lexus,es 350,Excellent,Manual,6,gas,109775,Low CC,45,0
2009,subaru,forester,Excellent,Manual,4,gas,131101,Low CC,35,0
2010,ford,f250 xlt,Excellent,Manual,8,gas,116615,Avg CC,21,0
2016,jeep,grand cherokee,Excellent,Automatic,6,gas,33200,High CC,42,0
2015,bmw,x3,Excellent,Automatic,4,gas,64700,Low CC,47,0
2016,nissan,pathfinder,Excellent,Manual,6,gas,39400,Avg CC,12,0
2011,chevrolet,silverado 1500,Excellent,Manual,8,gas,113386,Avg CC,48,0
2017,ford,edge sel,Excellent,Manual,4,gas,45572,Low CC,15,0
2011,cadillac,cts,Excellent,Automatic,6,gas,32480,Low CC,45,0
2014,ford,taurus awd eco boost,Excellent,Automatic,6,gas,94209,Low CC,21,0
2018,ford,escape,Excellent,Manual,4,gas,27512,Low CC,35,0
2010,ford,e350,Excellent,Manual,8,gas,25258,Avg CC,8,0
2008,ford,escape xlt,Excellent,Manual,6,gas,182843,Low CC,21,0
2013,audi,a4,Excellent,Manual,4,gas,61000,Low CC,11,0
2008,lincoln,town car limousine,Excellent,Automatic,8,gas,67251,Avg CC,6,0
2016,chevrolet,silverado 1500,Excellent,Manual,8,gas,24985,High CC,24,1
2010,cadillac,srx,Excellent,Automatic,6,gas,97579,Avg CC,34,0
2004,infiniti,i35,Excellent,Manual,6,gas,135380,Avg CC,33,0
2015,chrysler,town & country touring,Excellent,Automatic,6,gas,60586,Avg CC,37,0
2007,hyundai,accent gs hb 1.6l at,Excellent,Automatic,4,gas,131000,High CC,27,0
2013,volkswagen,passat,Excellent,Manual,5,gas,76691,High CC,44,0
2016,toyota,camry,Excellent,Manual,4,gas,113984,Low CC,37,0
2005,ram,2500,Excellent,Automatic,8,gas,198575,Avg CC,22,0
2006,jaguar,xk8 convertible,Excellent,Manual,8,gas,41000,Avg CC,20,0
2008,ford,expedition,Excellent,Automatic,8,gas,111859,Avg CC,34,0
2014,ram,promaster,Excellent,Automatic,6,gas,103000,Low CC,36,0
2016,jeep,grand cherokee summit,Excellent,Automatic,6,diesel,44122,High CC,38,1
2016,ram,1500 st 4x4 hemi,Excellent,Automatic,8,gas,25764,Avg CC,14,1
2000,lexus,ls 400,Excellent,Automatic,8,gas,210000,Avg CC,46,0
2015,jeep,cherokee,Excellent,Manual,4,gas,80000,Low CC,28,0
2011,ford,f-150,Excellent,Automatic,8,gas,79466,High CC,50,0
2012,gmc,sierra,Excellent,Automatic,8,gas,184303,Low CC,33,0
2015,mercedes-benz,c300 4matic,Excellent,Automatic,4,gas,42365,Low CC,12,0
2019,nissan,z,Excellent,Automatic,6,gas,3503,Avg CC,40,1
2011,audi,q5,Excellent,Automatic,4,gas,96091,Low CC,5,0
2016,toyota,tundra,Excellent,Automatic,8,gas,41239,Low CC,21,1
2017,ford,escape,Excellent,Manual,4,gas,58582,Low CC,50,0
2008,ford,f-450 sd,Excellent,Manual,8,diesel,124746,Avg CC,14,0
2005,chevrolet,express 1500,Excellent,Automatic,6,gas,173100,Avg CC,19,0
2013,hyundai,sonata gls,Excellent,Automatic,4,gas,48284,Low CC,24,0
1999,ford,f150 pickup,Excellent,Automatic,8,gas,200000,High CC,12,0
2004,ford,tarus,salvage,Manual,6,gas,263000,High CC,50,0
2004,toyota,corolla,Excellent,Automatic,4,gas,260000,Avg CC,37,0
2013,volkswagen,tiguan,Excellent,Automatic,4,gas,90127,Avg CC,12,0
2012,jeep,wrangler,Excellent,Manual,6,gas,79962,Low CC,10,0
2006,honda,accord ex,Excellent,Automatic,4,gas,142921,Low CC,13,0
2011,ford,explore limited,Excellent,Automatic,6,gas,112000,Low CC,8,0
2003,bmw,3 series 325i,Excellent,Automatic,6,gas,110997,High CC,39,0
2015,dodge,charger,Excellent,Manual,6,gas,71024,High CC,26,0
1987,ford,thunderbird,Excellent,Automatic,4,gas,58285,Low CC,38,0
2005,dodge,grand caravan,Excellent,Manual,6,gas,157000,High CC,8,0
2008,bmw,328i with sport package,Excellent,Automatic,6,gas,89450,Avg CC,16,0
2016,volkswagen,passat se,Excellent,Automatic,4,gas,17800,Low CC,15,0
2016,subaru,outback,Excellent,Automatic,4,gas,48160,Low CC,35,0
2013,buick,enclave,Excellent,Automatic,6,gas,51200,High CC,37,0
2018,chevrolet,equinox premier awd,Excellent,Automatic,4,gas,12000,Avg CC,12,1
2014,audi,a4,Excellent,Automatic,4,gas,50726,Avg CC,33,0
2008,honda,ridgeline,Excellent,Automatic,6,gas,207082,Avg CC,11,0
2017,dodge,challenger,Excellent,Automatic,6,gas,21240,Avg CC,45,0
2016,hyundai,veloster,Excellent,Automatic,4,gas,50848,Avg CC,32,0
2010,dodge,avenger,salvage,Manual,4,gas,81727,High CC,17,0
2009,ford,f-250,Excellent,Automatic,8,diesel,92000,Low CC,47,0
2013,ford,super duty f-550 drw,Excellent,Manual,8,diesel,57157,Low CC,30,1
2010,ram,2500,Excellent,Automatic,6,diesel,96660,Low CC,34,0
2016,toyota,tacoma limited,Excellent,Manual,6,gas,77000,Low CC,30,1
2007,volvo,xc90,Excellent,Automatic,6,gas,138835,High CC,46,0
2009,ford,f150 crew 4x4 crew,Excellent,Automatic,8,gas,125095,Low CC,23,0
2014,ford,f-150,Excellent,Manual,8,gas,92178,Low CC,28,1
2016,hyundai,elantra gt,Excellent,Automatic,4,gas,42116,Avg CC,12,0
2011,audi,a4 premium plus,Excellent,Manual,4,gas,132000,Low CC,41,0
2011,chevrolet,silverado 3500hd,Excellent,Automatic,8,gas,134062,High CC,20,0
2013,ford,f-250 sd,Excellent,Automatic,8,gas,40866,Avg CC,32,0
2007,ford,f150,Excellent,Automatic,6,gas,194000,Avg CC,23,0
2011,jeep,grand cherokee laredo 4wd v,Excellent,Manual,8,gas,83565,Avg CC,23,0
2008,ford,escape,Excellent,Automatic,4,gas,187263,High CC,27,0
2017,chevrolet,cruze lt,Excellent,Manual,4,gas,28846,Low CC,17,0
2013,mitsubishi,outlander sport,Excellent,Automatic,4,gas,68200,Avg CC,40,0
2005,mercury,sable,Excellent,Manual,6,gas,90694,Low CC,16,0
2008,chevrolet,silverado 2500 ltz di,Excellent,Automatic,8,diesel,97523,Avg CC,24,1
2004,dodge,durango,Excellent,Automatic,8,gas,178282,Low CC,43,0
2008,toyota,tundra 4wd,Excellent,Automatic,8,gas,93000,Avg CC,15,0
1989,ford,350,Excellent,Automatic,8,gas,90300,High CC,23,0
2002,mercedes-benz,c-class,Excellent,Automatic,6,gas,129856,Avg CC,40,0
2013,hyundai,veloster,Excellent,Manual,4,gas,37000,Avg CC,20,0
1997,jaguar,xk series xk8 convertibl,Excellent,Automatic,8,gas,136166,Avg CC,7,0
2017,ford,f350,Excellent,Automatic,8,gas,34516,Avg CC,28,1
2007,honda,accord,Excellent,Manual,4,gas,92675,High CC,28,0
2012,ram,1500 4x4,Excellent,Automatic,8,gas,84872,Low CC,20,0
2005,gmc,c5c042,Excellent,Manual,8,diesel,103025,Avg CC,43,0
2013,ford,f-250 sd,Excellent,Manual,8,gas,110243,Low CC,32,0
2015,mercedes-benz,gl 350 4 matic,Excellent,Automatic,6,diesel,48000,Low CC,13,1
2013,volkswagen,passat,Excellent,Manual,4,diesel,37834,Low CC,41,0
2017,gmc,terrain,Excellent,Automatic,4,gas,25087,Avg CC,47,0
2006,jeep,grand cherokee,Excellent,Manual,8,gas,124463,Low CC,23,0
2006,dodge,grand caravan sxt,Excellent,Automatic,6,gas,86369,Low CC,23,0
2015,chevrolet,silverado 1500,Excellent,Automatic,8,gas,59425,Avg CC,6,1
2013,buick,encore convenience,Excellent,Automatic,4,gas,73819,Low CC,33,0
1958,ford,thunderbird,Excellent,Automatic,8,gas,0,Low CC,22,0
2010,acura,mdx sh-awd,Excellent,Manual,6,gas,135900,Avg CC,46,0
2005,mazda,6,Excellent,Manual,4,gas,190000,Low CC,41,0
2012,chevrolet,silverado 1500 ls,Excellent,Manual,8,gas,106913,Avg CC,5,0
2010,subaru,outback,Excellent,Automatic,4,gas,186873,Avg CC,25,0
2016,hyundai,elantra,Excellent,Manual,4,gas,55074,Avg CC,42,0
1997,jeep,wrangler,Excellent,Manual,4,gas,161000,High CC,30,0
2012,chevrolet,impala,Excellent,Automatic,6,gas,115930,Low CC,16,0
2013,volkswagen,touareg,Excellent,Automatic,6,gas,107517,Avg CC,14,0
2007,toyota,tundra,Excellent,Automatic,8,gas,0,Avg CC,12,0
1996,mazda,miata mx-5,Excellent,Automatic,4,gas,126126,Low CC,35,0
2009,dodge,journey,Excellent,Manual,6,gas,134531,High CC,11,0
2012,dodge,journey crew,Excellent,Manual,6,gas,178168,Avg CC,47,0
2007,chevrolet,trailblazer lt,Excellent,Manual,6,gas,181986,Avg CC,30,0
1977,ford,f150,Excellent,Automatic,8,gas,95000,Low CC,21,0
2016,toyota,corolla,Excellent,Manual,4,gas,47000,High CC,40,0
2017,mazda,3,Excellent,Manual,4,gas,19527,Low CC,46,0
2008,volkswagen,beetle se,Excellent,Automatic,5,gas,80000,Low CC,46,0
2008,honda,accord ex-l,Excellent,Manual,6,gas,216932,Avg CC,47,0
2014,jeep,wrangler,Excellent,Automatic,6,gas,17145,Avg CC,14,0
2008,volvo,s40 2.4i,Excellent,Automatic,5,gas,171375,Avg CC,13,0
2010,toyota,rav4,Excellent,Automatic,4,gas,165792,Avg CC,30,0
2010,dodge,challenger,Excellent,Manual,6,gas,110000,Avg CC,45,0
2015,kia,sorento,Excellent,Automatic,4,gas,132000,High CC,18,0
2012,ram,5500 cummins 4x4,Excellent,Automatic,6,diesel,214173,Avg CC,8,1
2015,chevrolet,silverado 2500,Excellent,Automatic,8,gas,257531,High CC,7,0
2015,ford,f-350 crew cab,Excellent,Automatic,8,gas,48844,Avg CC,9,1
1999,ram,1500 4wd,Excellent,Automatic,8,gas,191600,Low CC,49,0
1999,chrysler,sebring convertible,salvage,Manual,6,gas,123471,Low CC,19,0
2012,chevrolet,tahoe,Excellent,Automatic,8,gas,118009,Low CC,10,0
2013,ford,f-250 sd,Excellent,Manual,8,gas,45649,High CC,14,0
2005,cadillac,cts-v,Excellent,Manual,8,gas,73415,Avg CC,42,0
2011,chevrolet,express cargo van,Excellent,Manual,6,gas,153183,Low CC,47,0
2018,ford,super duty f-250,Excellent,Manual,8,diesel,64886,Low CC,38,1
2007,pontiac,g6 gt,Excellent,Manual,6,gas,130142,Low CC,39,0
2019,nissan,pathfinder,Excellent,Automatic,6,gas,185,Avg CC,21,0
2007,chevrolet,silverado 1500 classic,Excellent,Automatic,8,gas,303568,Avg CC,11,0
1993,dodge,190 roadtrek,Excellent,Automatic,8,gas,170000,Avg CC,10,0
2008,ford,f-150,Excellent,Automatic,8,gas,154000,Avg CC,48,0
2002,chevrolet,corvette,Excellent,Manual,8,gas,31168,High CC,28,0
2011,hyundai,santa fe,Excellent,Automatic,4,gas,69480,Low CC,15,0
2004,nissan,armada se,Excellent,Manual,8,gas,186320,Low CC,33,0
2006,toyota,4 runner,Excellent,Manual,8,gas,165000,Avg CC,29,0
2006,ford,econoline,Excellent,Automatic,8,gas,160596,High CC,42,0
2004,honda,pilot,Excellent,Automatic,6,gas,185182,Avg CC,16,0
2012,gmc,sierra denali,Excellent,Manual,8,gas,117722,Low CC,17,0
2011,bmw,135i,Excellent,Automatic,6,gas,68347,Avg CC,10,0
2011,volkswagen,gti,Excellent,Manual,4,gas,135209,Low CC,16,0
1999,honda,civic ex coupe,Excellent,Automatic,4,gas,212212,Avg CC,27,0
2014,dodge,charger,salvage,Automatic,6,gas,65390,Avg CC,7,0
2011,chevrolet,express cargo van,Excellent,Automatic,6,gas,154412,Low CC,27,0
2004,ford,mustang,Excellent,Automatic,8,gas,104104,Low CC,30,0
2006,chevrolet,corvette,Excellent,Automatic,8,gas,53500,Low CC,33,0
2013,ford,f150,Excellent,Automatic,6,gas,84735,Avg CC,44,0
2015,ford,f-150,Excellent,Manual,6,gas,59874,Low CC,15,1
2010,chevrolet,silverado 1500,Excellent,Automatic,8,gas,87350,High CC,37,0
2014,chevrolet,silverado 3500hd,Excellent,Automatic,8,gas,51361,High CC,23,1
2006,nissan,pathfinder,salvage,Automatic,6,gas,170000,Low CC,24,0
2005,acura,mdx,Excellent,Manual,6,gas,123686,Low CC,24,0
2002,mercedes-benz,benz s55,Excellent,Manual,8,gas,167298,Avg CC,50,0
2015,ford,fusion,Excellent,Automatic,4,gas,88934,Low CC,17,0
2017,mercedes-benz,gle,Excellent,Manual,6,gas,16725,Low CC,37,1
2008,nissan,altima,Excellent,Automatic,4,gas,168419,Avg CC,23,0
2006,chevrolet,trailblazer,Excellent,Manual,6,gas,104345,Avg CC,14,0
2013,ram,2500,Excellent,Manual,6,diesel,50426,Avg CC,16,1
2014,chevrolet,silverado ltz 4x4,Excellent,Manual,8,gas,84593,Avg CC,19,1
2010,hyundai,santa fe,Excellent,Automatic,6,gas,82961,Low CC,10,0
2012,chevrolet,express,Excellent,Manual,8,gas,187213,High CC,29,0
2014,jeep,cherokee,Excellent,Manual,4,gas,78831,High CC,15,0
2018,ford,f-250sd lifted,Excellent,Automatic,8,diesel,26079,Low CC,40,1
1946,ford,deluxe,Excellent,Manual,8,gas,17578,Avg CC,30,1
1988,ford,bronco 2,Excellent,Manual,6,gas,408087,Avg CC,15,0
2014,chevrolet,cruze eco,Excellent,Manual,4,gas,92010,High CC,24,0
2007,honda,odyssey,Excellent,Automatic,6,gas,145141,Avg CC,24,0
2013,ram,2500,Excellent,Automatic,8,gas,59268,Avg CC,7,1
2003,nissan,murano,Excellent,Automatic,6,gas,180814,Low CC,34,0
1999,buick,park avenue,Excellent,Automatic,6,gas,129615,Avg CC,9,0
2013,acura,mdx,Excellent,Automatic,6,gas,44720,Avg CC,33,0
2002,gmc,envoy,Excellent,Manual,6,gas,185556,Low CC,38,0
2015,volkswagen,beetle,Excellent,Manual,4,gas,91777,High CC,42,0
2002,toyota,tacoma,Excellent,Automatic,4,gas,101316,Low CC,27,0
2018,ford,f-250,Excellent,Manual,8,diesel,23607,Low CC,14,2
2004,acura,rsx type s,Excellent,Manual,4,gas,151968,Avg CC,33,0
2011,chevrolet,silverado 3500hd,Excellent,Automatic,8,diesel,121734,High CC,20,1
2011,ford,f-150,Excellent,Manual,6,gas,119622,Avg CC,21,0
2007,bmw,x3 m sport,Excellent,Manual,6,gas,160000,Avg CC,29,0
2011,ford,e350 super duty cargo,Excellent,Automatic,8,gas,76677,Avg CC,29,0
2002,jeep,wrangler,Excellent,Automatic,6,gas,145779,Low CC,21,0
2003,ford,explorer,Excellent,Automatic,6,gas,144958,High CC,15,0
2010,ford,f150 4x4,Excellent,Automatic,8,gas,133600,Avg CC,48,0
1999,ford,explorer sport utility,salvage,Automatic,8,gas,55000,Avg CC,38,0
2001,mazda,miata,Excellent,Automatic,4,gas,65000,Avg CC,16,0
2015,volkswagen,golf sportwagen tdi-s,Excellent,Manual,4,diesel,59866,Low CC,38,0
2007,ford,f-350,Excellent,Automatic,8,diesel,117896,High CC,25,0
2011,honda,crv,Excellent,Manual,4,gas,199000,Low CC,28,0
2008,ford,focus s 2.0l,Excellent,Automatic,4,gas,231087,Low CC,22,0
2008,chevrolet,aveo5,Excellent,Automatic,4,gas,83127,Low CC,35,0
2004,mercedes-benz,clk320,Excellent,Automatic,6,gas,110000,Avg CC,41,0
2017,jaguar,f-pace prestige 35t,Excellent,Automatic,6,gas,33750,Avg CC,7,1
2010,volvo,xc90,Excellent,Automatic,6,gas,184588,Low CC,39,0
2015,jeep,renegade,Excellent,Automatic,4,gas,39182,Low CC,35,0
2018,chevrolet,equinox awd premier,Excellent,Automatic,4,gas,22000,High CC,48,0
2014,chevrolet,equinox,Excellent,Automatic,4,gas,118715,Low CC,45,0
2007,chrysler,town & country touring,Excellent,Automatic,6,gas,140491,Low CC,30,0
2005,buick,terraza,Excellent,Automatic,6,gas,144625,High CC,21,0
2007,toyota,corolla,Excellent,Automatic,4,gas,112328,Avg CC,38,0
2017,ford,f-150,Excellent,Automatic,8,gas,12171,High CC,24,1
2005,infiniti,qx56 suv,Excellent,Manual,8,gas,164000,Avg CC,38,0
2011,ford,f-150,Excellent,Automatic,8,gas,163175,High CC,6,0
2004,chrysler,sebring,Excellent,Manual,4,gas,194840,Low CC,43,0
2005,toyota,sienna,Excellent,Automatic,6,gas,161889,Low CC,40,0
2017,ford,escape,Excellent,Manual,4,gas,27200,High CC,14,0
2006,bmw,x3,Excellent,Manual,6,gas,109000,Low CC,37,0
2016,ford,transit,Excellent,Manual,5,diesel,60075,High CC,43,0
2009,gmc,acadia slt,Excellent,Manual,6,gas,112000,Avg CC,43,0
2002,chevrolet,suburban,Excellent,Automatic,8,gas,166915,Low CC,33,0
2007,chevrolet,avalanche lt,salvage,Manual,8,gas,312584,Low CC,36,0
2016,ford,focus 4 dr hb se,Excellent,Manual,4,gas,15246,High CC,20,0
2014,ram,promaster 2500,Excellent,Manual,6,gas,80483,Avg CC,33,0
1987,ford,f250 custom,Excellent,Manual,8,gas,130000,Low CC,16,0
2015,chevrolet,high country,Excellent,Automatic,8,diesel,45900,Avg CC,26,2
2009,dodge,journey,Excellent,Automatic,6,gas,134531,Avg CC,45,0
2002,ford,escape xls,Excellent,Automatic,6,gas,129909,High CC,33,0
2014,ford,f-150xl,Excellent,Automatic,8,gas,41000,High CC,37,0
2015,audi,q5,Excellent,Automatic,4,gas,27267,Low CC,45,1
2003,chevrolet,tahoe,Excellent,Manual,8,gas,166000,Low CC,18,0
2007,ford,e150 cargo van,Excellent,Automatic,8,gas,124283,Low CC,14,0
2002,pontiac,firebird trans am,Excellent,Manual,8,gas,60800,High CC,49,0
2012,ford,e-350,Excellent,Automatic,8,gas,293596,Low CC,48,0
2018,hyundai,tucson,Excellent,Automatic,4,gas,3652,Low CC,37,0
2006,toyota,scion xb,Excellent,Manual,4,gas,146000,Avg CC,10,0
2006,honda,civic sedan,Excellent,Automatic,4,gas,142000,High CC,39,0
2008,kia,optima,Excellent,Automatic,4,gas,118912,Low CC,33,0
2015,bmw,535i,Excellent,Automatic,6,gas,49888,Avg CC,23,0
2013,bmw,x3 awd,Excellent,Automatic,6,gas,109075,Avg CC,20,0
2014,volkswagen,beetle,Excellent,Automatic,4,gas,32396,Avg CC,42,0
2013,ford,expedition,Excellent,Automatic,8,gas,166383,Avg CC,24,0
2002,cadillac,deville,Excellent,Automatic,8,gas,150921,Avg CC,32,0
2006,dodge,magnum sxt awd,Excellent,Manual,6,gas,195000,Avg CC,48,0
2012,mazda,mazda3 s touring 4d,Excellent,Manual,4,gas,78195,Avg CC,47,0
2011,gmc,yukon xl,Excellent,Manual,8,gas,243912,High CC,22,0
2007,jeep,wrangler,Excellent,Manual,6,gas,101160,High CC,48,0
2007,ford,f250,Excellent,Manual,8,diesel,173700,Avg CC,38,0
2007,jeep,wrangler,Excellent,Automatic,6,gas,123297,High CC,7,0
2014,chevrolet,equinox,Excellent,Automatic,4,gas,133548,High CC,8,0
2007,honda,pilot,Excellent,Automatic,6,gas,207000,Avg CC,11,0
2004,chevrolet,silverado 2500,Excellent,Manual,8,gas,221412,Low CC,6,0
2007,ford,mustang gt,Excellent,Manual,8,gas,82486,Low CC,35,0
2009,toyota,camry,Excellent,Manual,4,gas,127500,Avg CC,30,0
2006,ram,1500 laramie mega cab,Excellent,Manual,8,gas,167344,Avg CC,20,0
2010,toyota,tacoma,Excellent,Automatic,6,gas,246000,Low CC,23,0
2006,jeep,wrangler rubicon tj,Excellent,Automatic,6,gas,78891,Avg CC,35,0
2008,toyota,yaris,salvage,Manual,4,gas,132000,Avg CC,30,0
2010,toyota,fj cruiser,Excellent,Manual,6,gas,123900,Low CC,50,0
2017,buick,envision,Excellent,Automatic,4,gas,8065,Low CC,32,1
2007,bmw,335xi,Excellent,Manual,6,gas,94400,Avg CC,18,0
1965,ford,mustang,Excellent,Manual,8,gas,88000,Low CC,26,0
2016,ford,transit connect,Excellent,Automatic,4,gas,86301,High CC,20,0
1975,ford,ranger xlt,salvage,Automatic,6,gas,55,Avg CC,36,0
2018,jeep,wrangler jk,Excellent,Automatic,6,gas,19376,High CC,23,1
2002,ram,1500,Excellent,Manual,8,gas,163000,Avg CC,29,0
2006,pontiac,g6 gt,Excellent,Manual,6,gas,134898,Low CC,47,0
2005,chevrolet,2500hd duramax,Excellent,Manual,8,diesel,189555,High CC,48,0
2012,dodge,avenger,Excellent,Automatic,4,gas,162900,Avg CC,26,0
2017,gmc,acadia limited,Excellent,Automatic,6,gas,43940,Low CC,44,1
2006,gmc,yukon,Excellent,Manual,8,gas,173500,Avg CC,25,0
2015,gmc,sierra sle 4x4,Excellent,Automatic,8,gas,78831,Avg CC,11,1
1977,ford,f350,Excellent,Automatic,8,gas,77037,Low CC,17,0
2013,ram,1500,Excellent,Automatic,8,gas,83878,Low CC,17,0
1968,chevrolet,camaro,Excellent,Manual,8,gas,5843,Low CC,32,1
2007,ford,explorer sport trac,Excellent,Manual,8,gas,113036,High CC,35,0
2007,volvo,xc90 v8 awd,Excellent,Automatic,8,gas,139335,High CC,13,0
2005,chevrolet,impala,Excellent,Manual,6,gas,127275,High CC,12,0
1990,buick,reatta,Excellent,Automatic,8,gas,237000,Avg CC,39,0
2014,ram,2500,Excellent,Manual,6,diesel,108722,Avg CC,41,1
2013,dodge,dart,Excellent,Automatic,4,gas,109393,High CC,48,0
2007,ford,focus zx3,Excellent,Manual,4,gas,149000,Avg CC,24,0
2000,nissan,xterra se,Excellent,Automatic,6,gas,212000,Low CC,41,0
2004,ford,f 650 stake bed truck,Excellent,Automatic,6,diesel,205324,Avg CC,29,0
2015,ram,1500,Excellent,Manual,8,gas,94204,Avg CC,39,0
2012,mercedes-benz,c250,Excellent,Manual,4,gas,75625,Low CC,24,0
2013,gmc,sierra 2500 denali,Excellent,Automatic,8,diesel,170452,Avg CC,28,1
2011,chevrolet,silverado 1500,Excellent,Manual,8,gas,122213,Avg CC,24,0
2006,chevrolet,tahoe,Excellent,Automatic,8,gas,163168,Avg CC,12,0
2003,honda,odyssey,Excellent,Automatic,6,gas,146000,Low CC,23,0
2017,chevrolet,silverado 1500,Excellent,Manual,8,gas,20992,Low CC,29,1
2006,toyota,camry le,Excellent,Automatic,6,gas,119200,Low CC,10,0
2009,volvo,s60,Excellent,Automatic,5,gas,125311,Low CC,9,0
2016,nissan,nv3500,Excellent,Manual,8,gas,5175,Low CC,25,0
2007,nissan,frontier v6 4x4,Excellent,Manual,6,gas,116889,Avg CC,21,0
2007,jaguar,xj8l,Excellent,Manual,8,gas,104652,Low CC,38,0
2002,mercedes-benz,c240,Excellent,Manual,6,gas,183800,Avg CC,12,0
2006,pontiac,g6 gtp 3.9l v6,Excellent,Manual,6,gas,121769,Low CC,9,0
2006,ram,2500 mega cab,Excellent,Manual,6,diesel,221266,Avg CC,24,0
2014,chevrolet,express 3500 box truck,Excellent,Automatic,8,gas,101440,Avg CC,20,0
2017,ford,mustang,Excellent,Manual,4,gas,13380,Low CC,15,0
2017,ram,2500,Excellent,Automatic,6,gas,86156,Low CC,25,1
2009,toyota,highlander hybrid,Excellent,Automatic,6,gas,138793,Low CC,12,0
2008,honda,odyssey,Excellent,Automatic,6,gas,143000,High CC,22,0
2017,nissan,nv,Excellent,Manual,6,gas,919,Avg CC,24,0
2012,bmw,5 series 535 i,Excellent,Automatic,6,gas,77420,Avg CC,49,0
2011,ford,explorer,Excellent,Automatic,6,gas,146000,Avg CC,34,0
2001,chevrolet,corvette,Excellent,Automatic,8,gas,53433,Avg CC,33,0
2008,ford,f-150,salvage,Manual,8,gas,180123,High CC,39,0
2008,ford,mustang,Excellent,Automatic,6,gas,93952,Avg CC,27,0
2018,chevrolet,malibu,Excellent,Automatic,4,gas,15767,Low CC,14,0
2006,ford,freestyle,Excellent,Automatic,6,gas,165421,Low CC,34,0
2005,toyota,corolla s,Excellent,Automatic,4,gas,180000,Low CC,11,0
2003,audi,a4 cabriolet,salvage,Manual,6,gas,120400,Low CC,39,0
2019,ford,transit wagon,Excellent,Automatic,6,gas,2750,Low CC,18,1
2009,audi,a5,Excellent,Automatic,6,gas,115712,Avg CC,24,0
2010,bmw,535 xi,Excellent,Automatic,6,gas,157700,Low CC,20,0
2008,chevrolet,uplander ls,Excellent,Automatic,6,gas,124794,Avg CC,19,0
2008,ford,focus,Excellent,Automatic,4,gas,171000,High CC,50,0
2007,ford,mustang,Excellent,Automatic,6,gas,147525,Avg CC,44,0
2015,ford,f 150 xlt,Excellent,Automatic,8,gas,64200,Avg CC,37,0
2003,honda,accord lx coupe,Excellent,Automatic,6,gas,180920,Avg CC,25,0
2010,honda,civic,Excellent,Automatic,4,gas,125877,Low CC,9,0
2017,ford,escape sel awd,Excellent,Automatic,4,gas,51538,Avg CC,37,0
1994,subaru,legacy,salvage,Manual,4,gas,195479,High CC,17,0
1990,ford,bronco xlt,Excellent,Automatic,8,gas,150000,High CC,47,0
2014,hyundai,elantra se sedan,Excellent,Automatic,4,gas,91654,High CC,27,0
2012,gmc,acadia,Excellent,Manual,6,gas,78688,Low CC,48,0
2016,subaru,legacy,Excellent,Automatic,4,gas,44782,Avg CC,34,0
2014,toyota,camry,Excellent,Manual,4,gas,21500,Low CC,42,0
2017,dodge,challenger,Excellent,Manual,8,gas,25514,Low CC,48,1
2014,toyota,tacoma,Excellent,Manual,4,gas,99847,Avg CC,14,0
1993,ford,f150,Excellent,Automatic,8,gas,30531,Avg CC,19,0
2016,ford,f-150,Excellent,Manual,8,gas,76369,Avg CC,41,1
2013,volvo,s60 t5 awd,Excellent,Manual,5,gas,91146,Low CC,42,0
2018,ford,f350sd,Excellent,Automatic,8,diesel,15517,Avg CC,21,1
2012,mazda,3i,Excellent,Automatic,4,gas,120869,Low CC,47,0
2005,ram,1500,Excellent,Automatic,8,gas,172506,Avg CC,11,0
1961,volkswagen,beetle,Excellent,Automatic,4,gas,15922,Avg CC,20,0
2019,ford,mustang,Excellent,Automatic,8,gas,1706,Low CC,16,1
2006,jeep,wrangler,Excellent,Manual,6,gas,115942,Low CC,7,0
2015,dodge,journey se,Excellent,Automatic,4,gas,92000,High CC,5,0
2008,lincoln,mkz,Excellent,Automatic,6,gas,129972,Low CC,41,0
2007,honda,odyssey,Excellent,Manual,6,gas,109159,Avg CC,34,0
2019,chevrolet,tahoe,Excellent,Automatic,8,gas,15544,Avg CC,31,1
2010,volvo,v50 sport utility wagon,Excellent,Automatic,5,gas,150000,Low CC,30,0
2004,gmc,sierra,Excellent,Manual,8,gas,142,Low CC,29,0
2015,gmc,sierra 2500hd,Excellent,Automatic,8,diesel,104817,Low CC,42,1
2005,cadillac,sts,Excellent,Manual,8,gas,194000,Low CC,19,0
2003,jeep,liberty,Excellent,Automatic,6,gas,174218,High CC,48,0
2008,cadillac,dts,Excellent,Automatic,8,gas,60500,Avg CC,34,0
1991,chevrolet,silverado,salvage,Automatic,8,gas,290000,High CC,39,0
2016,toyota,tundra,Excellent,Manual,8,gas,41820,Low CC,33,1
2000,ford,econoline,Excellent,Automatic,8,gas,102437,High CC,14,0
2019,ford,escape,Excellent,Automatic,4,gas,2603,High CC,9,0
2006,ford,explorer,Excellent,Automatic,6,gas,139160,Low CC,47,0
2006,ford,f350 super duty,Excellent,Automatic,8,diesel,113404,Low CC,35,0
2006,volkswagen,new beetle tdi,Excellent,Manual,4,diesel,121000,Low CC,11,0
2017,nissan,murano,Excellent,Automatic,6,gas,17400,High CC,15,1
2007,chevrolet,impala ls,Excellent,Manual,6,gas,110000,Low CC,43,0
2015,chevrolet,trax lt,Excellent,Automatic,4,gas,73404,High CC,24,0
2013,ford,f-150,Excellent,Manual,8,gas,97000,Avg CC,38,1
2007,chevrolet,silverado 1500 classic,Excellent,Automatic,8,gas,303568,Low CC,34,0
2011,nissan,rogue s,Excellent,Manual,4,gas,123815,Low CC,19,0
2016,chevrolet,silverado 3500,Excellent,Automatic,8,diesel,51182,Low CC,47,1
2008,nissan,armada,Excellent,Automatic,8,gas,98,Avg CC,50,0
2017,ram,2500,Excellent,Manual,6,diesel,106000,Avg CC,12,1
2007,volkswagen,jetta,Excellent,Automatic,5,gas,142142,Low CC,37,0
2013,chevrolet,tahoe,salvage,Automatic,8,gas,145810,Low CC,33,0
2003,toyota,tacoma,Excellent,Automatic,4,gas,80170,Avg CC,22,0
2007,volkswagen,touareg awd,Excellent,Automatic,6,gas,124000,High CC,31,0
2008,chrysler,town country,Excellent,Automatic,6,gas,219259,Avg CC,8,0
2008,ford,f150 limited supercrew,Excellent,Automatic,8,gas,129000,Avg CC,33,0
2011,dodge,challenger srt8,Excellent,Automatic,8,gas,54000,Low CC,24,1
2004,volkswagen,passat glx,salvage,Manual,6,gas,200492,Low CC,19,0
2002,chevrolet,silverado,Excellent,Automatic,8,gas,127329,High CC,21,0
2016,nissan,murano,Excellent,Automatic,6,gas,29638,Low CC,20,0
2008,chevrolet,tahoe,Excellent,Automatic,8,gas,113970,Avg CC,6,0
2003,jeep,grand cherokee,Excellent,Automatic,6,gas,147000,High CC,43,0
2014,toyota,yaris,Excellent,Automatic,4,gas,57000,High CC,14,0
2007,lincoln,mkx awd,Excellent,Automatic,6,gas,108000,Avg CC,11,0
2002,jeep,wrangler,Excellent,Automatic,6,gas,148572,Avg CC,15,0
2016,chevrolet,traverse,Excellent,Automatic,6,gas,59607,Low CC,25,0
2012,nissan,altima,Excellent,Manual,4,gas,118500,Avg CC,5,0
2006,pontiac,solstice,Excellent,Automatic,4,gas,136759,Avg CC,10,0
2013,ford,f-250 sd,Excellent,Automatic,8,gas,70876,High CC,29,0
2013,mercedes-benz,benz gl450 4matic,Excellent,Automatic,8,gas,81200,High CC,13,1
2009,gmc,acadia,Excellent,Automatic,6,gas,127609,Avg CC,25,0
2012,ram,2500,Excellent,Automatic,8,gas,157174,Avg CC,48,0
2011,chevrolet,express passenger,Excellent,Automatic,8,gas,78028,High CC,35,0
2015,ram,3500,Excellent,Automatic,6,diesel,204969,Avg CC,24,0
2004,cadillac,escalade luxury,Excellent,Manual,8,gas,92100,Low CC,23,0
2007,ford,focus se,Excellent,Automatic,4,gas,134000,High CC,35,0
2003,mercury,marauder,Excellent,Manual,8,gas,302500,Avg CC,35,0
2011,jeep,liberty,Excellent,Automatic,6,gas,117027,Avg CC,7,0
2010,ford,explorer sport trac,Excellent,Automatic,6,gas,114509,Avg CC,24,0
1988,bmw,m3,Excellent,Automatic,4,gas,139000,Avg CC,50,1
2003,chevrolet,s10 pickup,Excellent,Manual,6,gas,169450,Avg CC,34,0
2007,chevrolet,cargo,Excellent,Manual,6,gas,176000,Avg CC,6,0
1997,toyota,camry le,Excellent,Manual,4,gas,227500,Low CC,50,0
2012,nissan,rogue,Excellent,Automatic,4,gas,82442,High CC,34,0
1991,chevrolet,camaro,Excellent,Manual,8,gas,117719,Avg CC,20,0
2011,toyota,rav4,Excellent,Automatic,4,gas,108400,Low CC,33,0
2014,gmc,sierra 1500,Excellent,Automatic,6,gas,35500,Avg CC,16,0
2017,chevrolet,express,Excellent,Automatic,8,gas,36712,Low CC,28,1
2015,toyota,sienna awd,Excellent,Manual,6,gas,88480,Avg CC,46,0
2008,bmw,1 series,Excellent,Manual,6,gas,101302,High CC,35,0
2007,ford,f150,Excellent,Automatic,8,gas,227000,Avg CC,44,0
2017,toyota,highlander,Excellent,Automatic,6,gas,18100,Low CC,37,1
2013,buick,regal premium,Excellent,Automatic,4,gas,100734,High CC,13,0
2000,chevrolet,camaro z28 ss,Excellent,Manual,8,gas,74978,Low CC,50,0
2014,nissan,sentra,Excellent,Automatic,4,gas,75000,Low CC,15,0
2018,ford,f150,Excellent,Automatic,6,gas,12704,Low CC,24,1
2015,ram,1500,Excellent,Manual,8,gas,76901,Low CC,17,0
2002,mazda,b3000 cab plus,Excellent,Automatic,6,gas,198000,Avg CC,21,0
2016,audi,a3 pampered white,Excellent,Automatic,4,gas,29608,High CC,35,0
2017,volkswagen,beetle sel 1.8l,Excellent,Automatic,4,gas,71500,High CC,48,0
2007,gmc,k1500 4x4,Excellent,Automatic,8,gas,83503,Avg CC,32,0
1998,chevrolet,lumina,Excellent,Automatic,6,gas,126300,Avg CC,33,0
2005,ford,f350 king ranch,Excellent,Automatic,8,diesel,225800,Low CC,27,0
2004,chevrolet,silverado 1500,Excellent,Automatic,8,gas,106166,Avg CC,17,0
2015,jeep,compass,Excellent,Automatic,4,gas,59956,Low CC,39,0
2013,volkswagen,beetle coupe,Excellent,Automatic,4,gas,110091,High CC,17,0
2007,ford,focus se sedan,Excellent,Automatic,4,gas,70625,Avg CC,33,0
2008,toyota,tacoma prerunner sr5,Excellent,Automatic,6,gas,197900,Low CC,37,0
2009,volkswagen,gti,Excellent,Automatic,4,gas,113000,High CC,40,0
1999,ford,lariat f150,salvage,Automatic,8,gas,250000,Avg CC,12,0
2014,ford,escape,Excellent,Manual,4,gas,102093,Avg CC,40,0
2015,buick,verano,Excellent,Automatic,4,gas,30900,High CC,18,0
1995,pontiac,firebird,Excellent,Automatic,6,gas,156000,Low CC,42,0
2012,acura,tl,Excellent,Manual,6,gas,87368,Avg CC,24,0
2016,jeep,renegade sport,Excellent,Automatic,4,gas,71206,Low CC,30,0
2006,pontiac,grand prix,salvage,Manual,6,gas,187000,High CC,31,0
2012,ford,f350 king ranch,Excellent,Automatic,8,gas,189014,Avg CC,30,0
2008,toyota,camry se 4 door,Excellent,Automatic,6,gas,109100,Low CC,49,0
2014,chevrolet,silverado 1500,Excellent,Automatic,8,gas,91690,High CC,5,1
1996,ford,ranger super cab xlt,Excellent,Automatic,6,gas,212995,Avg CC,38,0
2011,gmc,acadia denali,Excellent,Manual,6,gas,142534,Avg CC,17,0
2015,chevrolet,1500 silverado,Excellent,Automatic,8,gas,26384,High CC,13,1
2008,jeep,patriot,Excellent,Automatic,4,gas,178473,High CC,40,0
2008,gmc,yukon xl denali,Excellent,Manual,8,gas,85000,Avg CC,30,0
2012,mercedes-benz,benz ml 350 4 matic,Excellent,Automatic,6,gas,55320,Low CC,45,0
2012,ram,2500 st 4x4,Excellent,Manual,8,gas,166575,Avg CC,47,0
2008,hyundai,elantra gls,Excellent,Automatic,4,gas,62458,Avg CC,12,0
2006,gmc,yukon slt,Excellent,Automatic,8,gas,129370,Avg CC,26,0
1999,mercedes-benz,sl 500,Excellent,Automatic,8,gas,64000,Low CC,16,0
2005,audi,a4 convertible,Excellent,Automatic,6,gas,93000,Low CC,28,0
2011,bmw,328xi,Excellent,Automatic,6,gas,100000,Avg CC,10,0
2015,subaru,outback 2.5i limited,Excellent,Automatic,6,gas,101978,Low CC,15,0
2004,jeep,grand cherokee,Excellent,Automatic,8,gas,179843,Low CC,31,0
2007,gmc,arcadia,Excellent,Manual,6,gas,172800,High CC,19,0
2011,ford,f-150,Excellent,Manual,8,gas,113139,High CC,16,0
2010,bmw,335xi,Excellent,Manual,6,gas,100000,Low CC,37,0
2006,subaru,impreza,Excellent,Automatic,4,gas,125000,Low CC,50,0
1986,chevrolet,corvette,Excellent,Automatic,8,gas,133494,Low CC,11,0
2007,chevrolet,express,Excellent,Automatic,8,gas,167862,Low CC,40,0
1999,mitsubishi,mirage,Excellent,Automatic,4,gas,213775,Avg CC,20,0
2009,acura,mdx,Excellent,Manual,6,gas,119495,Avg CC,32,0
2014,kia,sorento ex 4wd,Excellent,Automatic,6,gas,105894,Low CC,44,0
2015,ford,super duty f-250,Excellent,Automatic,8,diesel,108130,Low CC,29,1
2009,jeep,grand cherokee limited,Excellent,Automatic,8,gas,111418,Avg CC,20,0
1987,gmc,v15 sierra classic,Excellent,Automatic,8,gas,92000,Avg CC,35,0
2015,dodge,challenger,Excellent,Automatic,8,gas,16278,High CC,9,1
2004,volvo,v70,Excellent,Automatic,5,gas,129000,Avg CC,33,0
2004,kia,amanti,Excellent,Automatic,6,gas,107353,Avg CC,48,0
2013,nissan,versa,Excellent,Automatic,4,gas,89000,High CC,38,0
2005,infiniti,g35x,Excellent,Manual,6,gas,147064,Low CC,45,0
1999,ford,f250,Excellent,Automatic,8,diesel,200000,Avg CC,32,0
2014,bmw,535xi,Excellent,Automatic,6,gas,72658,Avg CC,10,0
2005,honda,accord,Excellent,Automatic,6,gas,143222,Avg CC,17,0
2002,toyota,camry,salvage,Automatic,4,gas,111024,High CC,15,0
2006,ford,f250 super duty,Excellent,Manual,8,diesel,158686,Avg CC,38,0
2016,ford,taurus limited,Excellent,Automatic,6,gas,47440,Low CC,50,0
2011,ford,f-150,Excellent,Automatic,8,gas,113139,High CC,42,0
2013,fiat,500,Excellent,Manual,4,gas,60000,Avg CC,6,0
2005,honda,accord,Excellent,Automatic,4,gas,315583,Avg CC,30,0
2008,subaru,legacy gt limited awd,Excellent,Automatic,4,gas,142083,Avg CC,24,0
2013,lexus,rx 350,Excellent,Automatic,6,gas,75557,Avg CC,29,0
2000,ford,f-150,Excellent,Automatic,8,gas,245000,Avg CC,40,0
2015,ram,1500 laramie,Excellent,Automatic,6,diesel,179873,Low CC,17,0
2004,bmw,645ci,Excellent,Automatic,8,gas,144581,Avg CC,45,0
2008,ford,f-250 hd crew cab,Excellent,Automatic,8,diesel,162058,Avg CC,23,0
2005,toyota,tacoma sr5,Excellent,Automatic,6,gas,173000,High CC,7,0
2016,toyota,tundra,Excellent,Manual,8,gas,42820,Low CC,48,1
2015,ford,f250 4x4,Excellent,Manual,8,gas,139502,Avg CC,17,0
2007,chevrolet,silverado 1500,Excellent,Automatic,8,gas,98652,High CC,6,0
2009,gmc,yukon,Excellent,Automatic,8,gas,138211,Avg CC,22,0
2000,ford,econoline e250 cargo van,Excellent,Automatic,6,gas,213436,Low CC,43,0
2016,chevrolet,silverado lt 1500,Excellent,Automatic,8,gas,42553,Avg CC,11,1
2008,ford,f-150,Excellent,Automatic,8,gas,139000,Low CC,42,0
2018,dodge,grand caravan,Excellent,Automatic,6,gas,25287,Low CC,21,0
2011,ram,2500 laramie longhorn diese,Excellent,Manual,6,diesel,104484,Avg CC,35,1
2006,ford,f-350 sd,Excellent,Automatic,8,diesel,169496,Low CC,24,0
2015,nissan,altima,Excellent,Automatic,4,gas,29816,High CC,39,0
2008,cadillac,escalade esv,Excellent,Manual,8,gas,168000,High CC,44,0
2016,gmc,terrain,Excellent,Manual,6,gas,27930,Avg CC,37,0
2002,chevrolet,corvette,Excellent,Automatic,8,gas,94200,Avg CC,45,0
2008,chevrolet,impala,Excellent,Manual,6,gas,28615,Low CC,27,0
2005,ford,explorer,Excellent,Manual,6,gas,180000,Avg CC,27,0
2017,nissan,altima,Excellent,Automatic,4,gas,41201,Low CC,42,0
2006,lexus,rx 330 awd,Excellent,Automatic,6,gas,202994,Low CC,26,0
2011,chevrolet,traverse,Excellent,Manual,6,gas,98475,Low CC,37,0
2008,chevrolet,trailblazer,Excellent,Automatic,6,gas,120679,Low CC,30,0
2010,mini,cooper,Excellent,Manual,4,gas,76656,Low CC,23,0
2017,subaru,outback 2.5i premium,Excellent,Manual,4,gas,40660,Low CC,13,0
2007,ford,edge,Excellent,Automatic,6,gas,78000,Avg CC,43,0
2006,nissan,sentra 1.8l,Excellent,Manual,4,gas,186377,Low CC,20,0
2014,chevrolet,spark,Excellent,Manual,4,gas,78944,Avg CC,34,0
2016,audi,rs7 4.0t quattro prestige,Excellent,Automatic,8,gas,22590,Low CC,38,2
2013,ford,edge,Excellent,Manual,4,gas,71250,Avg CC,10,0
2016,ford,f-150 crew cab xlt 4x4,Excellent,Manual,8,gas,72000,Avg CC,29,0
2017,chrysler,300 s awd,Excellent,Manual,8,gas,2731,High CC,25,0
2009,honda,civic,Excellent,Manual,4,gas,198514,Low CC,7,0
2018,lexus,rx350l,Excellent,Automatic,6,gas,9406,High CC,30,1
2016,nissan,rogue sv 2.5l,Excellent,Manual,4,gas,88352,Low CC,43,0
2015,chevrolet,equinox,Excellent,Manual,4,gas,57000,Low CC,38,0
2017,chevrolet,cruze,Excellent,Manual,4,gas,15112,Avg CC,30,0
2011,mazda,3 s,Excellent,Automatic,4,gas,66760,Avg CC,13,0
2015,mitsubishi,outlander es,Excellent,Automatic,4,gas,31300,Avg CC,8,0
2002,hyundai,xg350,Excellent,Manual,6,gas,215344,High CC,35,0
2011,kia,sportage,Excellent,Manual,4,gas,98480,Low CC,34,0
2011,chevrolet,silverado 2500hd,Excellent,Automatic,8,gas,102532,High CC,33,0
2007,chevrolet,silverado 2500hd,Excellent,Automatic,8,diesel,98184,High CC,23,1
2013,hyundai,elantra,Excellent,Automatic,4,gas,65562,High CC,12,0
2011,chevrolet,silverado 3500hd,Excellent,Automatic,8,gas,134062,Avg CC,28,0
2002,mercury,sable,Excellent,Manual,6,gas,77700,Low CC,47,0
2016,dodge,challenger,Excellent,Manual,8,gas,5016,Avg CC,27,2
2006,acura,tl,Excellent,Automatic,6,gas,148500,Low CC,28,0
2008,gmc,envoy,Excellent,Manual,6,gas,169934,Avg CC,23,0
2013,bmw,5-series,Excellent,Automatic,4,gas,100465,Low CC,47,0
1989,honda,civic wagon,Excellent,Automatic,4,gas,228000,High CC,45,0
2015,volkswagen,beetle,Excellent,Automatic,4,gas,91777,High CC,5,0
2007,chrysler,sebring,salvage,Manual,6,gas,72825,Low CC,20,0
2010,toyota,camry se,Excellent,Automatic,4,gas,113871,High CC,12,0
2005,gmc,sierra 2500hd,Excellent,Automatic,8,gas,120705,High CC,35,0
2005,chevrolet,express,Excellent,Automatic,8,gas,125460,Low CC,6,0
2013,buick,lacrosse,Excellent,Manual,4,gas,40008,Low CC,24,0
2014,subaru,outback,Excellent,Manual,4,gas,94000,High CC,18,0
2014,ford,f-150,Excellent,Automatic,6,gas,85898,Low CC,50,0
2004,toyota,4-runnner,Excellent,Manual,6,gas,159500,Low CC,19,0
2017,buick,lacrosse,Excellent,Automatic,6,gas,10850,Avg CC,41,0
2009,ram,2500,Excellent,Automatic,6,diesel,295000,Avg CC,27,0
2005,ford,f-250 king ranch,Excellent,Automatic,8,diesel,107612,Low CC,35,0
2012,toyota,tacoma,Excellent,Automatic,4,gas,184843,Low CC,9,0
2015,lexus,is 250,Excellent,Manual,4,gas,16431,Avg CC,40,0
2000,dodge,dakota,Excellent,Manual,8,gas,205204,Low CC,10,0
2013,dodge,challenger,Excellent,Manual,6,gas,49539,High CC,26,0
2015,gmc,sierra 1500 z71,Excellent,Automatic,8,gas,43000,Avg CC,36,1
2011,buick,enclave,Excellent,Manual,6,gas,91813,Low CC,48,0
2006,bmw,x5 3.0i,Excellent,Automatic,6,gas,107097,High CC,50,0
2015,ford,f-250 sd,Excellent,Manual,8,gas,100096,Avg CC,8,0
2016,volkswagen,passat,Excellent,Automatic,6,gas,36147,Low CC,44,0
2010,nissan,frontier,Excellent,Manual,4,gas,87103,Avg CC,42,0
2010,ford,f-150,Excellent,Automatic,8,gas,136429,Avg CC,25,0
1974,dodge,600,Excellent,Automatic,8,gas,32985,Low CC,11,0
2017,chevrolet,equinox lt 2wd,Excellent,Automatic,4,gas,22025,Avg CC,38,0
2012,ram,2500 pickup,Excellent,Manual,6,diesel,179000,High CC,44,0
2009,toyota,corolla,Excellent,Manual,4,gas,129094,Avg CC,12,0
2010,dodge,nitro,Excellent,Manual,6,gas,111479,Low CC,19,0
2008,nissan,xterra,Excellent,Manual,6,gas,117842,Avg CC,43,0
2009,bmw,3-series,Excellent,Manual,6,gas,49511,Low CC,21,0
2008,chevrolet,equinox,Excellent,Automatic,6,gas,87107,High CC,44,0
2007,gmc,w4500,Excellent,Automatic,4,diesel,128523,Avg CC,37,0
2011,ford,transit connect,salvage,Automatic,4,gas,157855,Avg CC,8,0
2008,cadillac,escalade,Excellent,Automatic,8,gas,102974,Low CC,41,0
2019,ford,f-250 super duty,Excellent,Automatic,8,diesel,28695,Low CC,48,1
2017,ford,escape,Excellent,Automatic,4,gas,43402,Low CC,42,0
2007,chevrolet,siverado 1500 ls,Excellent,Automatic,8,gas,124000,High CC,25,0
2012,ford,mustang v6,Excellent,Automatic,6,gas,124875,Low CC,23,0
2015,nissan,altima,Excellent,Automatic,4,gas,32890,Low CC,10,0
2012,jeep,grand cherokee,Excellent,Manual,6,gas,111893,Avg CC,16,0
2011,ram,1500,Excellent,Automatic,8,gas,120123,Avg CC,39,0
2010,mazda,5 wagon,Excellent,Automatic,4,gas,158173,Low CC,43,0
1985,ford,f-250hd 4x4,Excellent,Manual,8,diesel,41100,High CC,46,0
2014,infiniti,q50 base,Excellent,Manual,6,gas,56232,High CC,25,0
2013,kia,soul + i4,Excellent,Automatic,4,gas,170000,High CC,26,0
1997,jeep,cherokee,Excellent,Manual,6,gas,92538,Avg CC,44,0
2012,honda,civic,Excellent,Manual,4,gas,134000,Avg CC,15,0
2003,ford,f150 supercrew xlt,Excellent,Automatic,8,gas,139000,Avg CC,19,0
2009,mazda,mazda3 i,Excellent,Automatic,4,gas,96150,Low CC,48,0
2007,honda,accord,Excellent,Automatic,4,gas,92800,Low CC,43,0
2008,ford,fusion,Excellent,Automatic,4,gas,95000,Avg CC,14,0
2007,lexus,rx 350,Excellent,Automatic,6,gas,129700,Avg CC,33,0
2011,dodge,grand caravan,Excellent,Automatic,6,gas,85744,Avg CC,45,0
2016,nissan,sentra,Excellent,Manual,4,gas,22906,Avg CC,41,0
2016,subaru,crosstrek 2.0i limited,Excellent,Manual,4,gas,30468,High CC,8,0
2017,nissan,titan,Excellent,Manual,8,gas,26005,Avg CC,14,1
2009,audi,a4 quattro 2.0 turbo,Excellent,Automatic,4,gas,87000,Avg CC,13,0
1991,ford,mustang,Excellent,Manual,8,gas,67000,Low CC,50,0
2005,pontiac,grand prix gxp,Excellent,Manual,8,gas,156000,Avg CC,44,0
2017,gmc,sierra slt,Excellent,Automatic,8,gas,16230,Low CC,39,1
2017,kia,soul,Excellent,Manual,4,gas,82192,Low CC,11,0
2005,nissan,pathfinder,Excellent,Manual,6,gas,260675,Avg CC,29,0
2008,toyota,sequoia limited,Excellent,Automatic,8,gas,88498,Avg CC,38,0
2006,ford,f-150,Excellent,Automatic,8,gas,152780,Avg CC,45,0
2002,pontiac,grand prix,Excellent,Automatic,4,gas,206277,High CC,30,0
2005,chevrolet,cobalt,Excellent,Automatic,4,gas,110000,Low CC,34,0
2005,honda,civic lx,Excellent,Automatic,4,gas,185203,Avg CC,28,0
2015,chevrolet,malibu,Excellent,Automatic,4,gas,102980,Avg CC,18,0
2004,dodge,1500,Excellent,Automatic,8,gas,98500,High CC,7,0
2011,chevrolet,express,Excellent,Manual,6,gas,36347,Avg CC,10,0
2014,ford,focus st,Excellent,Manual,4,gas,20519,Avg CC,13,0
2012,jeep,patriot sport,Excellent,Automatic,4,gas,66900,Low CC,30,0
1988,toyota,4runner,Excellent,Automatic,6,gas,225500,Low CC,41,0
2005,ram,2500,salvage,Automatic,8,gas,161638,High CC,18,0
2006,chevrolet,cobalt ls,Excellent,Manual,4,gas,148060,Low CC,43,0
1972,chevrolet,pickup,Excellent,Automatic,8,gas,95065,High CC,40,0
2016,nissan,altima 2.5,Excellent,Manual,4,gas,71350,High CC,42,0
1979,chevrolet,camaro,Excellent,Manual,8,gas,13000,Low CC,45,0
2007,pontiac,g5,Excellent,Manual,4,gas,50932,Avg CC,45,0
2009,dodge,nitro,Excellent,Automatic,6,gas,127725,High CC,12,0
2012,chevrolet,malibu,Excellent,Manual,4,gas,162150,Avg CC,24,0
2009,dodge,grand caravan,Excellent,Manual,6,gas,134464,Avg CC,31,0
2003,rover,discovery se7,Excellent,Automatic,8,gas,160000,Low CC,31,0
2016,kia,soul,Excellent,Manual,6,gas,59821,High CC,35,0
2009,honda,odyssey,Excellent,Manual,6,gas,111500,Low CC,18,0
1978,mercury,grand marquis,Excellent,Manual,8,gas,82557,Low CC,6,0
2009,infiniti,fx35,Excellent,Automatic,6,gas,133637,High CC,44,0
2016,dodge,charger sxt,Excellent,Manual,6,gas,49000,Avg CC,48,0
2005,ford,mustang,Excellent,Automatic,6,gas,130497,High CC,27,0
2005,mazda,3,salvage,Manual,4,gas,178740,Low CC,23,0
2014,chevrolet,silverado 1500,Excellent,Automatic,8,gas,142195,Low CC,5,0
2014,volkswagen,passat,Excellent,Automatic,4,gas,72185,High CC,19,0
2003,subaru,baja,Excellent,Automatic,4,gas,215000,Low CC,18,0
2012,chrysler,200 touring,Excellent,Automatic,4,gas,123020,High CC,10,0
2013,dodge,dart sxt,Excellent,Manual,4,gas,70231,Avg CC,24,0
2011,ram,2500,Excellent,Manual,8,diesel,216401,Low CC,7,0
2007,toyota,corolla,Excellent,Manual,4,gas,187000,Avg CC,33,0
2006,gmc,c4500,Excellent,Manual,8,diesel,75469,Avg CC,50,1
2008,hyundai,santa fe,Excellent,Automatic,6,gas,140900,Avg CC,14,0
2011,ford,f250,Excellent,Automatic,8,diesel,181000,Avg CC,44,0
2007,ram,1500,Excellent,Automatic,8,gas,145154,Avg CC,26,0
2009,honda,fit,Excellent,Automatic,4,gas,128000,Avg CC,48,0
2015,ford,f150,Excellent,Automatic,6,gas,111843,Avg CC,16,0
2008,jeep,wrangler,Excellent,Manual,6,gas,0,Avg CC,19,0
2014,gmc,sierra 1500,Excellent,Manual,8,gas,85555,Low CC,21,1
2008,mini,cooper clubman,Excellent,Automatic,4,gas,50028,Low CC,44,0
2000,jaguar,xk8,Excellent,Automatic,8,gas,87855,Avg CC,46,0
2013,ford,f-250 sd,Excellent,Automatic,8,diesel,98156,Avg CC,28,1
2017,kia,optima,Excellent,Manual,4,gas,38265,Avg CC,31,0
2011,chevrolet,silverado 2500hd,Excellent,Manual,8,gas,166267,High CC,43,0
2016,mercedes-benz,c63s amg,Excellent,Manual,8,gas,14985,High CC,44,2
2004,mazda,tribute es,Excellent,Automatic,6,gas,97800,Avg CC,47,0
2009,ford,expedition xlt,Excellent,Manual,8,gas,157033,Avg CC,24,0
2017,jeep,patriot,Excellent,Automatic,4,gas,49160,Avg CC,28,0
2013,nissan,rogue awd,Excellent,Manual,4,gas,88861,High CC,33,0
2011,chevrolet,express,Excellent,Automatic,6,gas,24855,Avg CC,34,0
2009,toyota,tundra,Excellent,Manual,8,gas,120540,Avg CC,39,0
2009,jeep,wrangler,Excellent,Automatic,6,gas,80875,Avg CC,37,0
2011,hyundai,santa fe,Excellent,Automatic,6,gas,125145,Low CC,28,0
2000,mercury,grand marquis gs,Excellent,Automatic,8,gas,81592,Low CC,6,0
2018,nissan,king cab almost new,Excellent,Manual,4,gas,11583,Low CC,35,0
2009,ford,super duty f-450 drw,Excellent,Automatic,8,diesel,114605,Avg CC,36,1
1999,ram,1500,Excellent,Automatic,8,gas,184375,Low CC,5,0
2004,gmc,envoy,Excellent,Automatic,6,gas,162965,Low CC,34,0
2007,ford,super duty f-350 srw,Excellent,Automatic,8,diesel,98035,Low CC,43,0
2011,ford,mustang,Excellent,Automatic,6,gas,109764,Low CC,28,0
2011,chevrolet,silverado 2500hd,Excellent,Manual,8,gas,52451,Low CC,29,1
2014,honda,civic si,Excellent,Automatic,4,gas,43850,High CC,17,0
2004,gmc,2500 truck,Excellent,Automatic,8,gas,135000,Avg CC,16,0
2014,bmw,535xi,Excellent,Automatic,6,gas,72658,Avg CC,44,0
2009,dodge,journey,Excellent,Manual,6,gas,134531,High CC,35,0
2008,cadillac,dts,Excellent,Manual,8,gas,67800,Low CC,35,0
2016,nissan,altima,Excellent,Manual,4,gas,45997,Low CC,10,0
2012,nissan,xterra,Excellent,Automatic,6,gas,114925,Avg CC,16,0
1998,chevrolet,corvette,Excellent,Automatic,8,gas,47021,Low CC,26,0
2007,gmc,sierra 2500 sle,Excellent,Manual,8,gas,146512,High CC,20,0
2014,bmw,750il,Excellent,Automatic,8,gas,89024,Low CC,28,0
2016,honda,civic ex with sensing,Excellent,Automatic,4,gas,49000,High CC,5,0
1996,honda,accord sdn,Excellent,Automatic,6,gas,193100,Low CC,7,0
1996,acura,2.5 tl,Excellent,Automatic,5,gas,202000,Low CC,26,0
2016,chevrolet,impala,Excellent,Manual,6,gas,62218,Low CC,47,0
2010,gmc,savana cargo van,Excellent,Automatic,8,gas,115908,Avg CC,34,0
2016,chevrolet,silverado 1500,Excellent,Automatic,8,gas,99050,High CC,50,1
2018,gmc,sierra 1500 denali,Excellent,Automatic,8,gas,40,Low CC,42,2
1997,buick,rivera,salvage,Automatic,6,gas,211873,High CC,46,0
2008,gmc,sierra 1500,Excellent,Manual,6,gas,49000,Low CC,25,0
2016,ford,fusion s,Excellent,Manual,4,gas,41237,Avg CC,14,0
2004,honda,civic ex,Excellent,Automatic,4,gas,157000,Avg CC,22,0
2018,ford,transit,Excellent,Automatic,6,gas,30327,Low CC,8,0
2001,ram,2500,Excellent,Automatic,6,diesel,228594,Avg CC,46,0
2011,kia,sportage,Excellent,Manual,4,gas,91822,Low CC,46,0
2016,ford,f-150 xlt,Excellent,Automatic,6,gas,70557,High CC,24,1
2007,nissan,frontier,Excellent,Automatic,6,gas,133292,Low CC,32,0
2010,jeep,liberty,Excellent,Automatic,6,gas,89979,Low CC,50,0
2009,saturn,sky redline,Excellent,Automatic,4,gas,37400,High CC,36,0
2004,mercedes-benz,c 230k sport sedan,Excellent,Manual,4,gas,142000,Low CC,36,0
2011,gmc,acadia slt-1,Excellent,Automatic,6,gas,140464,Avg CC,46,0
2017,honda,fit,Excellent,Manual,4,gas,37127,High CC,10,0
1998,volvo,s70,salvage,Automatic,5,gas,254000,High CC,45,0
2011,mercedes-benz,e 350,Excellent,Automatic,6,gas,60120,Low CC,10,0
2007,nissan,sentra,Excellent,Automatic,4,gas,113251,Low CC,9,0
2008,pontiac,g6 gt,Excellent,Automatic,6,gas,125681,High CC,7,0
2002,acura,tl,salvage,Automatic,6,gas,223000,High CC,45,0
2018,gmc,yukon sle 4x4,Excellent,Automatic,8,gas,26000,Low CC,25,1
2015,toyota,highlander,Excellent,Automatic,6,gas,39688,Low CC,46,1
2005,dodge,dakota,Excellent,Manual,6,gas,136970,Low CC,35,0
1985,chevrolet,el camino,Excellent,Automatic,8,gas,101661,Low CC,10,0
2013,ford,f-150,Excellent,Manual,8,gas,72000,Low CC,10,0
2018,rover,velar,Excellent,Automatic,6,gas,10814,Low CC,17,2
2015,ford,fusion se,Excellent,Manual,4,gas,73900,Low CC,22,0
2005,mazda,rx-8,Excellent,Manual,4,gas,60585,Avg CC,28,0
2008,mazda,cx7--awd--touring,Excellent,Automatic,4,gas,103000,High CC,30,0
2009,gmc,1500 yukon xl slt,Excellent,Automatic,8,gas,90000,Avg CC,37,0
2008,chevrolet,avalanche,Excellent,Manual,8,gas,154676,Avg CC,17,0
2008,honda,accord lx,Excellent,Automatic,4,gas,128000,Avg CC,13,0
2006,ford,e350,Excellent,Manual,8,gas,45000,Low CC,24,0
2010,ford,f-150,Excellent,Automatic,8,gas,99549,Low CC,5,0
2012,chevrolet,express,Excellent,Automatic,8,gas,158244,High CC,32,0
1997,dodge,caravan sport,Excellent,Automatic,6,gas,178,Avg CC,27,0
2011,ford,expedition,Excellent,Automatic,8,gas,102500,High CC,11,0
2006,ford,350 utility van 2006,Excellent,Manual,8,gas,123804,Avg CC,31,0
2014,gmc,sierra 1500,Excellent,Automatic,8,gas,88000,Low CC,19,1
2015,nissan,frontier,Excellent,Manual,6,gas,65276,Avg CC,41,0
2013,subaru,xv crosstrek,Excellent,Manual,4,gas,115267,Low CC,48,0
2004,jeep,wrangler,Excellent,Manual,6,gas,124486,High CC,37,0
2014,chevrolet,captiva sport fleet,Excellent,Automatic,4,gas,109301,Avg CC,40,0
2008,gmc,yukon xl,Excellent,Automatic,8,gas,147815,Avg CC,13,0
2008,chevrolet,silverado 2500hd,Excellent,Automatic,8,diesel,140933,Avg CC,38,0
2010,toyota,tacoma,Excellent,Automatic,6,gas,198000,Avg CC,50,0
2013,honda,accord ex-l,Excellent,Automatic,4,gas,51690,Low CC,42,0
2011,ford,fusion se,Excellent,Automatic,4,gas,91183,Low CC,19,0
2013,ford,f-250 sd,Excellent,Automatic,8,gas,70876,High CC,48,0
2004,mazda,3,Excellent,Manual,4,gas,138282,High CC,34,0
2013,chevrolet,tahoe,Excellent,Manual,8,gas,119645,Avg CC,32,0
2017,nissan,altima,Excellent,Automatic,4,gas,41201,Avg CC,22,0
2011,dodge,grand caravan,Excellent,Automatic,6,gas,107370,High CC,14,0
2005,ford,f150,Excellent,Manual,8,gas,198000,Avg CC,7,0
2014,nissan,maxima,Excellent,Automatic,6,gas,74783,Avg CC,40,0
2016,chevrolet,silverado 1500,Excellent,Manual,8,gas,99050,Low CC,40,1
2013,hyundai,elantra gls,Excellent,Automatic,4,gas,114082,Low CC,8,0
2012,mazda,cx-9,Excellent,Manual,6,gas,116200,High CC,33,0
2011,nissan,frontier pick up,Excellent,Manual,6,gas,217000,Avg CC,34,0
2005,honda,pilot lx,Excellent,Manual,6,gas,138765,Avg CC,29,0
2004,nissan,350z,Excellent,Manual,6,gas,180722,High CC,27,0
2016,ford,transit,Excellent,Manual,6,gas,105575,High CC,32,1
2006,kia,sorento,Excellent,Manual,6,gas,132525,Low CC,25,0
2016,ram,2500,Excellent,Automatic,6,diesel,99646,High CC,42,1
2013,chrysler,200 lx,Excellent,Manual,4,gas,97935,Low CC,43,0
2002,acura,mdx,Excellent,Manual,6,gas,165507,Low CC,24,0
2016,ford,escape,Excellent,Automatic,4,gas,30930,Low CC,38,0
2015,nissan,pathfinder sv,Excellent,Manual,6,gas,91712,Low CC,10,0
2014,chevrolet,express,Excellent,Automatic,6,gas,85593,Low CC,19,0
2013,volkswagen,passat,Excellent,Automatic,5,gas,62000,High CC,45,0
2015,hyundai,sonata se,Excellent,Automatic,4,gas,89000,Avg CC,19,0
2011,chevrolet,equinox ltz,Excellent,Automatic,6,gas,106494,Low CC,36,0
2011,honda,accord ex-l,Excellent,Manual,6,gas,76790,Low CC,46,0
2013,buick,verano,Excellent,Automatic,4,gas,83825,Avg CC,34,0
2002,ford,f-150,Excellent,Manual,8,gas,173460,Low CC,34,0
2015,dodge,challenger,Excellent,Automatic,8,gas,41900,Avg CC,19,1
2018,dodge,durango,Excellent,Manual,8,gas,9939,Low CC,25,1
2009,honda,civic coupe,Excellent,Automatic,4,gas,86000,Avg CC,31,0
2011,toyota,camry,Excellent,Automatic,4,gas,147241,Avg CC,12,0
1996,ram,1500,Excellent,Manual,8,gas,209000,High CC,26,0
2017,ford,mustang,Excellent,Manual,6,gas,7600,Avg CC,24,0
2008,toyota,highlander,Excellent,Automatic,6,gas,198009,High CC,30,0
2013,ford,f150,Excellent,Manual,6,gas,58652,Avg CC,33,0
2006,lexus,sc430,Excellent,Automatic,8,gas,79217,Low CC,45,0
1987,mercedes-benz,benz,Excellent,Manual,6,gas,178299,Avg CC,22,0
2016,bmw,4 series,Excellent,Automatic,4,gas,27673,High CC,13,0
2016,dodge,challenger r/t,Excellent,Automatic,8,gas,30133,Avg CC,41,1
2012,ford,f-250,Excellent,Manual,8,diesel,193000,Low CC,17,0
2006,gmc,yukon denali,Excellent,Automatic,8,gas,186551,Avg CC,14,0
2016,ford,f350,Excellent,Manual,8,diesel,75369,Low CC,35,1
2017,ford,super duty f-250,Excellent,Manual,8,diesel,90075,Avg CC,26,1
2001,chrysler,town & country,salvage,Manual,6,gas,200000,Avg CC,16,0
2007,chevrolet,equinox,Excellent,Manual,6,gas,157170,Avg CC,44,0
2002,chrysler,sebring lxi 4d sedan,Excellent,Manual,6,gas,133313,High CC,14,0
2006,toyota,tundra,Excellent,Automatic,8,gas,211000,High CC,10,0
2003,jeep,wrangler tj,Excellent,Automatic,6,gas,1273,Avg CC,31,0
2004,honda,accord ex,Excellent,Automatic,4,gas,211235,High CC,41,0
2013,chevrolet,1500 lt,Excellent,Manual,8,gas,93000,Avg CC,34,0
2012,chevrolet,malibu,Excellent,Automatic,4,gas,128000,Low CC,7,0
2012,ford,f-250 sd,Excellent,Automatic,8,gas,194100,Low CC,40,0
2000,chevrolet,express 3500,salvage,Automatic,8,gas,128000,High CC,6,0
2011,dodge,durango,Excellent,Manual,6,gas,116960,Avg CC,38,0
2009,bmw,m3,Excellent,Automatic,8,gas,76185,Low CC,37,1
2012,buick,enclave,Excellent,Manual,6,gas,103024,Low CC,46,0
2015,hyundai,sonata,Excellent,Manual,4,gas,49400,High CC,30,0
2002,toyota,camry,Excellent,Automatic,6,gas,191500,Low CC,33,0
2005,nissan,xterra se,Excellent,Automatic,6,gas,103622,Low CC,39,0
1998,ford,explorer,Excellent,Automatic,8,gas,138700,Low CC,7,0
1999,gmc,sierra sle 1500,Excellent,Manual,8,gas,250316,Low CC,9,0
2006,dodge,durango,Excellent,Automatic,8,gas,99896,High CC,39,0
2015,chevrolet,tahoe lt,Excellent,Manual,8,gas,103317,Avg CC,38,0
2016,hyundai,tucson,Excellent,Manual,4,gas,80300,Low CC,36,0
2007,cadillac,escalade suv,Excellent,Automatic,8,gas,17000,Avg CC,25,0
2009,volvo,s60,Excellent,Manual,5,gas,125311,Low CC,15,0
2015,honda,accord,Excellent,Automatic,4,gas,52400,High CC,8,0
2012,gmc,acadia,Excellent,Automatic,6,gas,85979,Low CC,45,0
2001,ford,f-250,Excellent,Manual,8,diesel,188000,Avg CC,30,0
2014,ram,1500 pickup,Excellent,Automatic,8,gas,71000,Low CC,49,0
2005,toyota,highlander,salvage,Manual,6,gas,300000,Avg CC,39,0
2004,subaru,forester xt,salvage,Automatic,4,gas,195892,Low CC,23,0
2006,mitsubishi,eclipse,Excellent,Automatic,4,gas,150000,Avg CC,38,0
2009,bmw,328i,Excellent,Automatic,6,gas,104000,Low CC,18,0
2011,mitsubishi,endeavor,Excellent,Automatic,6,gas,137000,Avg CC,44,0
2004,toyota,tacoma,Excellent,Automatic,6,gas,166763,Avg CC,36,0
1998,chevrolet,suburban,salvage,Automatic,8,gas,190000,Low CC,37,0
2014,dodge,durango,Excellent,Automatic,6,gas,113550,Avg CC,31,0
2014,gmc,yukon xl 1500 sle,Excellent,Automatic,8,gas,79739,Avg CC,13,0
2002,pontiac,sunfire se,Excellent,Automatic,4,gas,174117,Avg CC,39,0
2012,honda,cr-v,Excellent,Manual,4,gas,101528,Low CC,36,0
2009,pontiac,g6,Excellent,Manual,6,gas,142750,Avg CC,30,0
2008,dodge,1500 slt,Excellent,Automatic,8,gas,148000,Avg CC,19,0
2012,ford,mustang,Excellent,Automatic,6,gas,97516,Avg CC,29,0
2014,ford,focus se,Excellent,Manual,4,gas,92000,High CC,37,0
2008,toyota,highlander,Excellent,Automatic,6,gas,168050,High CC,15,0
2014,nissan,pathfinder,Excellent,Automatic,6,gas,101989,Low CC,13,0
2014,mitsubishi,mirage de,Excellent,Manual,4,gas,65417,Avg CC,32,0
2013,nissan,maxima,Excellent,Manual,6,gas,98759,High CC,24,0
1981,volkswagen,vanagon/campmobile,Excellent,Manual,4,gas,158055,Avg CC,50,0
2016,ford,escape,Excellent,Automatic,4,gas,17100,Avg CC,33,0
2009,bmw,3.28 convertible,Excellent,Manual,6,gas,64000,Low CC,9,0
2004,ford,lariat f150 crew cab,Excellent,Automatic,8,gas,168000,Low CC,28,0
1999,mercedes-benz,benz sl 500 v8,Excellent,Automatic,8,gas,64000,Avg CC,9,0
2014,jeep,cherokee,Excellent,Manual,6,gas,75000,Low CC,39,0
2002,buick,park avenue,salvage,Automatic,6,gas,164463,Avg CC,38,0
2016,chevrolet,silverado 1500,Excellent,Automatic,8,diesel,51182,Avg CC,43,1
2007,mercedes-benz,benz ml350,Excellent,Automatic,6,gas,112010,Low CC,47,0
2003,toyota,camry le,Excellent,Automatic,4,gas,203839,Low CC,16,0
2012,ram,2500hd,Excellent,Automatic,8,gas,137000,Low CC,46,0
2015,infiniti,qx60,Excellent,Automatic,6,gas,59636,Low CC,7,1
1999,ferrari,f360 modena,Excellent,Manual,8,gas,32000,Avg CC,37,2
2016,ford,expedition el ltd 4x4,Excellent,Automatic,6,gas,81486,Avg CC,34,1
2000,cadillac,eldorado,Excellent,Automatic,8,gas,121331,High CC,13,0
2006,subaru,outback limited,Excellent,Automatic,4,gas,162000,High CC,30,0
2006,chevrolet,colorado,Excellent,Automatic,5,gas,108808,Avg CC,10,0
2004,ford,expedition,Excellent,Automatic,8,gas,177823,Low CC,17,0
2000,ford,taurus,salvage,Manual,6,gas,165000,Avg CC,19,0
2007,mercedes-benz,slk350,Excellent,Automatic,6,gas,66000,Avg CC,12,0
2009,jeep,liberty sport,Excellent,Manual,6,gas,96002,Low CC,30,0
2014,ford,fusion,Excellent,Manual,4,gas,112596,Avg CC,43,0
2009,buick,enclave cxl,Excellent,Manual,6,gas,150172,Avg CC,44,0
2014,ram,tradesman,Excellent,Automatic,6,gas,95809,Low CC,17,0
2001,honda,cr-v,salvage,Automatic,6,gas,287000,Low CC,31,0
2008,nissan,altima,Excellent,Manual,4,gas,218676,Avg CC,29,0
1983,mercedes-benz,300sd,Excellent,Manual,5,diesel,250000,Low CC,37,0
2011,cadillac,dts,Excellent,Automatic,8,gas,65383,Low CC,19,0
2013,ford,f-250 xl 6.2 385 hp,Excellent,Manual,8,gas,155954,Low CC,30,0
1999,chevrolet,tahoe,Excellent,Automatic,8,gas,110000,Low CC,36,0
2006,nissan,350z,Excellent,Manual,6,gas,153000,Low CC,39,0
2004,ram,2500 slt,Excellent,Manual,6,diesel,137146,Low CC,25,0
2014,ford,escape,Excellent,Manual,4,gas,32110,Avg CC,45,0
1997,toyota,tacoma,Excellent,Automatic,4,gas,202394,Low CC,37,0
2010,ford,escape,Excellent,Manual,4,gas,110169,Low CC,32,0
2008,dodge,caliber,Excellent,Manual,4,gas,84141,Avg CC,17,0
1991,chevrolet,suburban 1500,Excellent,Automatic,8,gas,188000,Avg CC,14,0
1987,chevrolet,s10 blazer,Excellent,Manual,6,gas,62000,Low CC,50,0
2013,toyota,rav4,Excellent,Automatic,4,gas,58321,Avg CC,22,0
2014,ford,f-150,Excellent,Manual,6,gas,77439,High CC,39,0
2016,hyundai,tucson,Excellent,Automatic,4,gas,30511,Low CC,39,0
2009,chevrolet,silverado 1500,Excellent,Automatic,8,gas,90216,Low CC,5,0
2010,rover,hse,Excellent,Automatic,8,gas,116509,High CC,8,0
2007,lexus,es350,Excellent,Manual,6,gas,89542,Avg CC,10,0
2010,hyundai,sonata,Excellent,Manual,4,gas,143400,Avg CC,15,0
2007,bmw,750li,Excellent,Manual,8,gas,137000,Avg CC,19,0
2015,ford,transit,Excellent,Manual,6,gas,71181,Avg CC,41,0
2017,jeep,renegade sport,Excellent,Automatic,4,gas,37514,Avg CC,18,0
2011,ford,f-250 sd,Excellent,Automatic,8,diesel,201484,Low CC,41,0
2010,nissan,altima,Excellent,Automatic,4,gas,89320,Low CC,48,0
2015,ford,f350,Excellent,Automatic,8,diesel,116449,High CC,26,1
2016,rover,discovery sport,Excellent,Manual,4,gas,18447,Low CC,9,1
2018,subaru,crosstrek,Excellent,Automatic,4,gas,3200,High CC,42,0
2016,toyota,sienna,Excellent,Manual,6,gas,28750,Avg CC,42,1
2009,dodge,charger,Excellent,Automatic,6,gas,117791,High CC,23,0
1985,chevrolet,monte carlo ss,Excellent,Automatic,8,gas,82000,Low CC,22,0
2010,honda,cr-v lx,Excellent,Automatic,4,gas,96054,Avg CC,41,0
2014,ford,explorer limted,Excellent,Automatic,6,gas,75495,Avg CC,46,0
2005,mercedes-benz,e500 4-matic wagon,Excellent,Automatic,8,gas,165000,Low CC,16,0
2009,infiniti,g37,Excellent,Manual,6,gas,155000,Low CC,32,0
2008,chevrolet,suburban ltz,Excellent,Automatic,8,gas,164480,Avg CC,24,0
2018,buick,encore preferred,Excellent,Automatic,4,gas,12199,High CC,29,0
2010,gmc,sierra sle,Excellent,Automatic,8,gas,130467,Avg CC,40,0
1990,chevrolet,corvette,Excellent,Automatic,8,gas,101000,High CC,48,0
1980,datsun,280 zx,Excellent,Automatic,6,gas,41500,Low CC,23,0
2011,mercedes-benz,c300 4matic,Excellent,Manual,6,gas,101502,Avg CC,16,0
2012,chevrolet,traverse lt,Excellent,Manual,6,gas,96935,Avg CC,21,0
2016,chevrolet,tahoe,Excellent,Automatic,6,gas,69974,Avg CC,50,1
2004,pontiac,grand am,Excellent,Automatic,6,gas,81867,Low CC,10,0
2007,ford,expedition,Excellent,Manual,8,gas,112000,Avg CC,28,0
2007,chevrolet,cobalt,Excellent,Automatic,4,gas,132704,Low CC,24,0
2007,audi,a4,Excellent,Automatic,4,gas,141000,Avg CC,19,0
2014,toyota,camry,Excellent,Automatic,4,gas,61477,Low CC,46,0
2010,ford,edge,Excellent,Manual,6,gas,156365,High CC,44,0
2010,chevrolet,camaro,Excellent,Automatic,6,gas,118900,Avg CC,19,0
2006,ford,mustang,Excellent,Automatic,8,gas,53990,High CC,38,0
2006,hyundai,sonata,Excellent,Manual,6,gas,158000,High CC,44,0
2006,ford,explorer,Excellent,Manual,8,gas,146000,Low CC,29,0
2005,pontiac,g6,Excellent,Automatic,6,gas,260000,High CC,47,0
2015,chevrolet,traverse,Excellent,Automatic,6,gas,46225,Avg CC,30,0
1989,ford,festive,salvage,Manual,4,gas,156000,Avg CC,5,0
2013,cadillac,xts,Excellent,Automatic,6,gas,56310,High CC,9,0
2014,ford,fusion,Excellent,Automatic,4,gas,103690,Avg CC,28,0
2016,chevrolet,cruze 4dr limited,Excellent,Manual,4,gas,45820,Avg CC,31,0
2011,ford,f150,Excellent,Automatic,6,gas,211498,Avg CC,17,0
2016,honda,accord,Excellent,Manual,4,gas,12000,Low CC,46,0
2010,acura,tsx,Excellent,Automatic,4,gas,169946,Avg CC,25,0
2003,ford,e350 truck,salvage,Automatic,8,gas,197369,Low CC,35,0
2007,honda,civic,Excellent,Manual,4,gas,162000,High CC,5,0
2011,gmc,sierra 2500 hd,Excellent,Automatic,8,diesel,230385,Avg CC,32,0
2013,toyota,tacoma,Excellent,Manual,6,gas,96294,Low CC,35,0
2014,chevrolet,silverado,Excellent,Automatic,8,diesel,250201,Low CC,39,0
2009,ford,e-150,Excellent,Automatic,8,gas,358500,Avg CC,39,0
2017,ford,f150 lariat,Excellent,Manual,6,gas,34700,Avg CC,18,1
2013,ford,mustang gt convertible,Excellent,Automatic,8,gas,2600,Avg CC,41,1
1998,gmc,g3500,salvage,Manual,8,gas,182306,Low CC,42,0
2003,chrysler,concord,Excellent,Automatic,6,gas,153620,Low CC,39,0
2007,nissan,frontier v6 4x4,Excellent,Automatic,6,gas,116889,Low CC,5,0
2005,toyota,tacoma access cab 4wd sr5,Excellent,Automatic,4,gas,127241,High CC,22,0
2007,subaru,impreza,Excellent,Manual,4,gas,98000,Avg CC,39,0
2001,ram,1500 regency con. van,Excellent,Automatic,8,gas,67750,Avg CC,33,0
2014,dodge,charger rt,Excellent,Automatic,8,gas,118000,High CC,9,0
2007,lincoln,navigator ultimate,Excellent,Automatic,8,gas,163000,Avg CC,17,0
2008,chevrolet,silverado 1500,Excellent,Automatic,8,gas,177520,Low CC,23,0
2011,chevrolet,express cargo van,Excellent,Automatic,6,gas,127784,Avg CC,31,0
2017,kia,sportage lx,Excellent,Automatic,4,gas,14775,Low CC,39,0
2015,ram,promaster city,Excellent,Automatic,4,gas,120640,Low CC,43,0
2002,ford,explorer xlt,Excellent,Automatic,6,gas,115165,Low CC,30,0
2014,dodge,durango,Excellent,Manual,6,gas,69500,Low CC,42,0
2008,audi,a4,Excellent,Automatic,4,gas,192000,Low CC,36,0
2012,chrysler,town & country,Excellent,Automatic,6,gas,95793,Avg CC,14,0
2001,toyota,land cruiser,Excellent,Manual,8,gas,239185,Avg CC,16,0
2017,chevrolet,silverado 1500,Excellent,Manual,8,gas,30146,Low CC,34,1
2012,ford,focus,Excellent,Automatic,4,gas,88279,Avg CC,39,0
2006,chevrolet,trailblazer,Excellent,Automatic,6,gas,135887,Avg CC,18,0
2005,hyundai,elantra gls,Excellent,Automatic,4,gas,127000,Avg CC,35,0
1986,chevrolet,siverado,Excellent,Automatic,8,gas,37000,Low CC,6,0
2002,subaru,impreza outback sport,Excellent,Manual,4,gas,164409,High CC,35,0
2006,jeep,liberty,Excellent,Automatic,6,gas,145000,Avg CC,27,0
1999,jeep,cherokee xj,Excellent,Automatic,6,gas,145000,High CC,42,0
2008,dodge,sprinter,Excellent,Manual,6,diesel,133561,Low CC,13,0
2008,chevrolet,silverado 1500,Excellent,Automatic,8,gas,87189,Low CC,43,0
2015,lexus,is c,Excellent,Automatic,6,gas,15000,Low CC,16,1
2007,bmw,530xi,Excellent,Manual,6,gas,91600,Low CC,5,0
2013,ford,f250 super duty,Excellent,Automatic,8,gas,132479,Low CC,15,0
2009,jaguar,xf supercharged,Excellent,Automatic,8,gas,77500,Avg CC,22,0
2000,lexus,rx300,Excellent,Manual,6,gas,285000,High CC,27,0
2012,chevrolet,silverado 1500,Excellent,Manual,8,gas,158108,Avg CC,5,0
2005,chevrolet,silverado 2500hd,Excellent,Manual,8,gas,108298,Avg CC,48,0
2008,dodge,grand caravan,Excellent,Manual,6,gas,146131,Low CC,28,0
2007,nissan,versa 5 speed,Excellent,Manual,4,gas,136004,Low CC,36,0
1979,dodge,li'l red express,Excellent,Automatic,8,gas,88091,Avg CC,13,0
2009,honda,odyssey,Excellent,Manual,6,gas,157000,High CC,42,0
2005,chevrolet,trailblazer,Excellent,Manual,6,gas,180750,High CC,12,0
2004,ford,f-150 fx4,Excellent,Automatic,8,gas,155597,High CC,17,0
2017,chevrolet,camaro,Excellent,Automatic,6,gas,12124,Avg CC,40,1
2011,ram,1500,Excellent,Manual,8,gas,98854,High CC,24,0
2008,nissan,altima 3.5 se,Excellent,Automatic,6,gas,140405,Avg CC,50,0
2009,lincoln,mkz,Excellent,Automatic,6,gas,70469,Low CC,25,0
2005,toyota,corolla le,Excellent,Automatic,4,gas,140000,High CC,7,0
2015,chevrolet,tahoe,Excellent,Manual,8,gas,85382,Avg CC,50,1
2009,volvo,s40,Excellent,Automatic,5,gas,106078,Avg CC,12,0
2008,jeep,wrangler,Excellent,Automatic,6,gas,27484,Avg CC,39,0
2017,ford,expedition xlt 4x4,Excellent,Manual,6,gas,60576,Low CC,26,1
1993,chevrolet,blazer sport 2 door 4x4,Excellent,Automatic,8,gas,273268,Avg CC,9,0
1997,ford,f150 xlt,Excellent,Automatic,8,gas,136000,High CC,13,0
2013,ford,super duty f-250 srw,Excellent,Manual,8,gas,140678,Low CC,31,0
2010,jeep,compass,Excellent,Manual,4,gas,78229,High CC,10,0
1996,jeep,grand cherokee,salvage,Automatic,6,gas,177790,High CC,21,0
2010,dodge,charger sxt,Excellent,Manual,6,gas,62000,Low CC,36,0
2007,jeep,wrangler sahara,Excellent,Manual,6,gas,107500,Low CC,22,0
2016,ram,3500,Excellent,Automatic,8,diesel,32778,Low CC,48,2
2016,dodge,durango,Excellent,Automatic,6,gas,33148,Avg CC,44,0
1995,ram,2500 laramie,Excellent,Automatic,6,diesel,149000,Avg CC,41,0
2010,lincoln,navigator,Excellent,Automatic,8,gas,81177,Avg CC,43,0
2010,ford,edge sel awd,Excellent,Manual,6,gas,122674,Avg CC,25,0
2014,ford,e150 hd,Excellent,Manual,8,gas,159557,Avg CC,24,0
2002,lincoln,continental,Excellent,Automatic,8,gas,174380,Avg CC,20,0
1965,ford,ranchero 1965 v8 289,Excellent,Automatic,8,gas,36000,Low CC,31,0
2015,audi,q5 premium plus,Excellent,Automatic,4,gas,50000,High CC,33,0
2014,toyota,highlander,Excellent,Manual,6,gas,65419,Avg CC,24,0
2016,gmc,terrain,Excellent,Automatic,4,gas,25506,Low CC,26,0
2002,saturn,l200,salvage,Manual,4,gas,180000,Low CC,14,0
2013,chevrolet,suburban,Excellent,Automatic,8,gas,142052,Avg CC,21,0
2007,dodge,caravan se,Excellent,Automatic,6,gas,175600,Low CC,47,0
2012,ford,f-450 super duty box,Excellent,Manual,8,diesel,266001,Avg CC,13,0
2005,chevrolet,silverado,Excellent,Manual,8,gas,180,Low CC,23,0
2008,jeep,wrangler unlimited,Excellent,Manual,6,gas,74688,High CC,35,0
1994,cadillac,sls,Excellent,Automatic,8,gas,74000,Avg CC,43,0
2017,chevrolet,equinox,Excellent,Automatic,4,gas,6331,High CC,36,0
2012,ford,f350 xlt,Excellent,Automatic,8,gas,221975,Avg CC,47,0
2016,kia,soul 2016,Excellent,Automatic,4,gas,28000,Low CC,46,0
2007,gmc,acadia,Excellent,Manual,6,gas,162882,Low CC,12,0
2016,toyota,4runner,Excellent,Automatic,6,gas,43000,Avg CC,17,1
2000,gmc,yukon xl,salvage,Manual,8,gas,159213,Avg CC,9,0
2014,chevrolet,silverado 1500,Excellent,Automatic,8,gas,59000,Avg CC,36,1
2011,jeep,wrangler,Excellent,Automatic,6,gas,53217,High CC,13,0
2009,ford,f-550,Excellent,Manual,8,diesel,98912,Avg CC,28,1
2007,jeep,wrangler,Excellent,Automatic,6,gas,113103,High CC,50,0
2007,chevrolet,monte carlo,Excellent,Automatic,6,gas,177102,Low CC,31,0
2018,dodge,charger,Excellent,Automatic,6,gas,34635,Low CC,36,0
1994,mazda,miata mx-5,Excellent,Manual,4,gas,29000,Avg CC,15,0
2009,chevrolet,silverado 1500,Excellent,Automatic,8,gas,125364,Low CC,26,0
2014,ram,2500,Excellent,Automatic,6,diesel,57267,Low CC,5,1
2018,jeep,wrangler sahara,Excellent,Automatic,6,gas,15000,Low CC,42,1
2013,toyota,camry,Excellent,Manual,4,gas,64406,High CC,6,0
2007,ford,f 650 rollback,Excellent,Manual,6,diesel,242500,Low CC,34,0
1985,cadillac,coupe de ville,Excellent,Manual,8,gas,59200,Low CC,46,0
2004,toyota,sequoia,Excellent,Manual,8,gas,275000,Avg CC,26,0
2007,subaru,impreza 2.5i awd,Excellent,Manual,4,gas,123347,Low CC,26,0
2011,toyota,tacoma,Excellent,Automatic,6,gas,103416,Avg CC,41,0
2014,ford,escape,Excellent,Manual,4,gas,80176,Avg CC,42,0
2018,ford,mustang,Excellent,Automatic,4,gas,4850,Low CC,15,1
2010,dodge,nitro se,Excellent,Automatic,6,gas,98791,Low CC,18,0
2004,buick,century custom,Excellent,Manual,6,gas,142722,Low CC,37,0
2017,cadillac,ct6,Excellent,Manual,6,gas,935,Avg CC,13,1
2016,mitsubishi,outlander,Excellent,Automatic,4,gas,154727,Low CC,13,0
1975,cadillac,eldorado coupe,Excellent,Automatic,8,gas,81003,High CC,30,0
2009,toyota,highlander,Excellent,Automatic,6,gas,153540,Low CC,29,0
2007,chevrolet,monte carlo,Excellent,Automatic,8,gas,114300,Low CC,49,0
2012,ram,2500,Excellent,Automatic,8,gas,163089,Low CC,12,0
2013,kia,forte,Excellent,Manual,4,gas,57750,Low CC,10,0
2011,ford,fusion,Excellent,Automatic,6,gas,79514,Low CC,22,0
2009,honda,pilot - touring,Excellent,Automatic,6,gas,182000,Low CC,19,0
2007,volkswagen,beetle,Excellent,Automatic,4,gas,60000,Avg CC,50,0
2005,chevrolet,silverado 2500 lt 4dr,Excellent,Automatic,8,gas,110093,Avg CC,12,0
2003,lincoln,town car,Excellent,Automatic,8,gas,89309,Low CC,38,0
2007,toyota,rav-4 4x4,Excellent,Automatic,4,gas,156357,Low CC,5,0
2015,lexus,is 250,Excellent,Manual,6,gas,54306,High CC,43,0
2018,ford,f150 king ranch,Excellent,Automatic,6,gas,21219,Avg CC,48,2
2013,ford,escape sel,Excellent,Manual,4,gas,106102,Avg CC,5,0
1988,alfa-romeo,romeo spider veloce,Excellent,Manual,4,gas,23600,High CC,6,0
2006,toyota,tundra,Excellent,Manual,8,gas,66321,Low CC,28,0
2006,ram,2500,Excellent,Automatic,6,diesel,242168,Avg CC,48,0
2008,lexus,es 350,Excellent,Manual,6,gas,199495,Low CC,50,0
2006,gmc,yukon,Excellent,Automatic,8,gas,144883,High CC,39,0
2013,ford,fusion titanium,Excellent,Automatic,4,gas,84368,High CC,12,0
2007,ram,2500 hd slt,Excellent,Automatic,6,diesel,180817,High CC,14,0
2002,mitsubishi,montero,Excellent,Automatic,6,gas,169620,Low CC,46,0
2013,ford,focus,Excellent,Automatic,4,gas,62020,Low CC,30,0
2015,jeep,cherokee limited,Excellent,Manual,6,gas,18085,High CC,37,0
1999,ford,super duty f-250,Excellent,Manual,8,diesel,248112,Avg CC,8,0
2012,ford,f-350 super duty,Excellent,Automatic,8,gas,138466,Avg CC,6,0
2011,mercedes-benz,benz c class,Excellent,Manual,6,gas,26530,Avg CC,27,0
2005,honda,odyssey exl,Excellent,Automatic,6,gas,120000,Avg CC,41,0
2011,hyundai,elantra,Excellent,Manual,4,gas,135750,Avg CC,29,0
2018,ford,super duty f-250,Excellent,Automatic,8,diesel,29202,Low CC,35,1
1980,jeep,cj5 renagade,Excellent,Manual,8,gas,500,Avg CC,38,0
2001,chrysler,town & country,Excellent,Automatic,6,gas,78892,High CC,49,0
2017,chevrolet,express,Excellent,Manual,8,gas,36712,Low CC,15,1
2012,ford,f150 - fx4,Excellent,Automatic,6,gas,113500,Avg CC,35,0
2015,ford,super duty f-250 srw,Excellent,Manual,8,gas,136510,High CC,45,0
2018,ford,transit,Excellent,Manual,6,gas,9049,Low CC,7,1
2011,chevrolet,corvette grand sport,Excellent,Automatic,8,gas,45460,Avg CC,40,1
2004,bmw,330ci convertible,Excellent,Automatic,6,gas,147000,Avg CC,46,0
2007,chevrolet,silerado work truck,Excellent,Manual,6,gas,103530,Low CC,17,0
2004,chevrolet,suburban,Excellent,Automatic,8,gas,156000,Avg CC,5,0
2014,nissan,xterra,Excellent,Manual,6,gas,62100,Low CC,19,0
2018,nissan,versa s,Excellent,Manual,4,gas,10907,High CC,13,0
1986,mercedes-benz,560sl,Excellent,Manual,8,gas,146000,Low CC,18,0
2013,nissan,versa sv,Excellent,Automatic,4,gas,89364,Avg CC,23,0
2014,nissan,murano sl,Excellent,Automatic,6,gas,55950,High CC,35,0
2003,bmw,525i,Excellent,Manual,6,gas,167701,Avg CC,11,0
2010,jeep,cherokee,Excellent,Automatic,6,gas,119116,High CC,40,0
2010,dodge,charger,Excellent,Automatic,8,gas,105741,Avg CC,34,0
2015,toyota,tundra,Excellent,Automatic,8,gas,54400,Avg CC,47,1
2014,chevrolet,captiva,Excellent,Manual,4,gas,95266,Low CC,28,0
2007,bmw,750li,Excellent,Manual,8,gas,113700,Avg CC,42,0
2012,chevrolet,express,Excellent,Automatic,8,gas,43742,Avg CC,6,0
2007,chevrolet,suburban lt 4x4,Excellent,Manual,8,gas,224259,Low CC,23,0
1998,toyota,tacoma,Excellent,Automatic,4,gas,265000,Avg CC,50,0
2017,toyota,tundra,Excellent,Manual,8,gas,21433,High CC,17,1
2001,ford,f-150 4wd,Excellent,Automatic,8,gas,209000,Avg CC,26,0
1982,chevrolet,corvette,Excellent,Automatic,8,gas,69500,Avg CC,34,0
2008,audi,q7,Excellent,Automatic,6,gas,126534,Avg CC,44,0
2006,chrysler,300,Excellent,Automatic,6,gas,154839,High CC,32,0
2004,gmc,envoy,Excellent,Automatic,6,gas,162965,Low CC,14,0
2004,volkswagen,touareg,Excellent,Automatic,6,gas,101047,High CC,48,0
2014,hyundai,sonata,Excellent,Automatic,4,gas,47836,High CC,40,0
2003,volkswagen,mv weekender eurovan,Excellent,Manual,6,gas,189550,Avg CC,35,0
2018,nissan,titan,Excellent,Automatic,8,gas,20365,Avg CC,10,1
2005,lincoln,town car,Excellent,Automatic,8,gas,117,Avg CC,22,0
2016,kia,sportage lx,Excellent,Manual,4,gas,42807,High CC,46,0
2006,ford,f-250,Excellent,Automatic,8,diesel,99842,Low CC,31,0
2013,lincoln,mkx,Excellent,Automatic,6,gas,44000,Avg CC,12,0
2008,nissan,titan,Excellent,Manual,8,gas,138000,Avg CC,18,0
2014,toyota,corolla,Excellent,Automatic,4,gas,98100,Avg CC,40,0
2014,honda,cr-v,Excellent,Automatic,4,gas,72190,High CC,10,0
2006,mercury,grand marquis,Excellent,Automatic,8,gas,97159,Low CC,13,0
2012,chevrolet,impala lt,Excellent,Automatic,6,gas,124658,Low CC,27,0
2007,jeep,commander,Excellent,Manual,6,gas,130082,Avg CC,20,0
2018,gmc,sierra 1500,Excellent,Manual,8,gas,16798,High CC,10,1
2014,kia,sorento sx,Excellent,Automatic,6,gas,122358,Low CC,34,0
2009,chevrolet,malibu lt,Excellent,Automatic,4,gas,110542,Avg CC,21,0
2016,nissan,altima,Excellent,Automatic,4,gas,37514,High CC,30,0
2010,ford,f250 xlt super duty,Excellent,Automatic,8,diesel,210000,Low CC,17,0
2010,subaru,forester,Excellent,Manual,4,gas,127000,Low CC,42,0
2011,subaru,outback,Excellent,Manual,4,gas,205000,High CC,15,0
2011,chevrolet,express,Excellent,Manual,6,gas,51036,Avg CC,11,0
2011,bmw,535i,Excellent,Manual,6,gas,92359,Low CC,29,0
2008,nissan,pathfinder,Excellent,Manual,8,gas,220969,Low CC,42,0
2010,ford,f-350 sd,Excellent,Manual,8,diesel,216455,Low CC,28,0
2012,ford,super duty f-250 srw,Excellent,Automatic,8,diesel,125350,Avg CC,45,1
2015,subaru,forester 2.5i limited,Excellent,Manual,4,gas,51019,Avg CC,49,0
2014,dodge,durango,Excellent,Manual,8,gas,74000,Avg CC,18,1
2018,chevrolet,cruze,Excellent,Manual,4,gas,22252,High CC,11,0
1997,ford,f-350 lifted 7.3l diesel t,Excellent,Automatic,8,diesel,216190,Low CC,39,0
1999,toyota,tacoma,Excellent,Automatic,4,gas,180000,Low CC,19,0
2013,mercedes-benz,e350 4matic coupe,Excellent,Automatic,6,gas,51650,High CC,36,0
2007,bmw,x5,Excellent,Manual,6,gas,119650,Low CC,6,0
1995,buick,roadmaster,Excellent,Automatic,8,gas,12400,Avg CC,49,0
2004,dodge,dakota xcab 4x4,salvage,Automatic,6,gas,137000,Low CC,42,0
2007,chevrolet,suburban 1500 ltz,Excellent,Automatic,8,gas,223820,Low CC,27,0
2008,acura,rdx,Excellent,Automatic,4,gas,112000,High CC,46,0
2010,cadillac,escalade,Excellent,Manual,8,gas,106925,Avg CC,16,0
2012,ram,5500,Excellent,Manual,6,diesel,120000,Low CC,35,2
2013,chevrolet,silverado k1500 lt,Excellent,Automatic,8,gas,126195,Avg CC,22,0
2005,ford,f-350 super duty xlt,Excellent,Automatic,8,diesel,297399,Low CC,7,0
2003,buick,rendezvous,Excellent,Manual,6,gas,161200,Low CC,12,0
2015,ram,2500 4x4 cummins,Excellent,Automatic,6,diesel,154000,Low CC,30,1
2008,honda,fit,Excellent,Automatic,4,gas,146000,Low CC,30,0
2012,ram,3500 laramie longhorn,Excellent,Manual,6,diesel,176000,High CC,39,1
2018,gmc,sierra,Excellent,Manual,8,diesel,16342,High CC,42,2
2015,ram,1500 laramie limited,Excellent,Manual,8,gas,98184,Low CC,14,1
2013,volkswagen,jetta,Excellent,Manual,5,gas,54293,Low CC,41,0
2003,bmw,330ci,Excellent,Automatic,6,gas,83000,Low CC,48,0
2012,ram,2500,Excellent,Manual,6,diesel,185671,High CC,49,0
2008,jeep,grand cherokee,Excellent,Manual,6,gas,117619,Low CC,39,0
2008,chevrolet,tahoe,Excellent,Automatic,8,gas,192784,Low CC,8,0
1993,honda,civic,Excellent,Automatic,4,gas,198000,High CC,11,0
2013,ram,1500,Excellent,Manual,8,gas,71333,High CC,24,0
2017,chevrolet,cruze lt,Excellent,Automatic,4,gas,17153,High CC,48,0
2010,chevrolet,camaro ss,Excellent,Automatic,8,gas,80468,High CC,17,0
2006,ram,1500,Excellent,Automatic,8,gas,162716,Low CC,14,0
2017,infiniti,qx50,Excellent,Automatic,6,gas,27687,Avg CC,21,1
2013,mercedes-benz,m-class,Excellent,Automatic,6,gas,97500,Low CC,50,0
2004,dodge,dakota slt,Excellent,Automatic,8,gas,147149,Low CC,33,0
2014,ram,3500,Excellent,Manual,8,diesel,67982,High CC,37,0
2005,mercury,monterey,Excellent,Manual,6,gas,161669,High CC,27,0
2009,chevrolet,suburban,Excellent,Manual,8,gas,120226,Avg CC,44,0
2015,gmc,sierra slt,Excellent,Manual,8,gas,50000,Low CC,41,1
2010,infiniti,qx56,Excellent,Manual,8,gas,168500,Low CC,22,0
2003,toyota,corolla,Excellent,Manual,4,gas,125050,Avg CC,39,0
2005,chevrolet,astro,Excellent,Automatic,6,gas,260000,Avg CC,23,0
2008,hyundai,accent gls,Excellent,Automatic,4,gas,77340,Low CC,35,0
2015,ford,transit 150,Excellent,Manual,6,gas,61901,Low CC,49,0
2009,honda,civic lx,Excellent,Automatic,4,gas,213000,Avg CC,50,0
2007,pontiac,g5,Excellent,Automatic,4,gas,119571,Low CC,17,0
2018,ram,1500,Excellent,Manual,8,gas,37003,Low CC,26,1
2008,nissan,armada le,Excellent,Manual,8,gas,226000,Avg CC,49,0
2016,mazda,mazda3 i touring,Excellent,Automatic,4,gas,43706,Low CC,14,0
2006,buick,lucerne cxs,Excellent,Automatic,8,gas,149836,High CC,41,0
2007,ford,e250 cargo van,Excellent,Automatic,8,gas,108000,Avg CC,27,0
2014,ford,mustang,Excellent,Manual,6,gas,74349,Low CC,25,0
2010,gmc,acadia,Excellent,Manual,6,gas,131512,High CC,46,0
2015,chrysler,200 s,Excellent,Manual,6,gas,35652,High CC,11,0
2016,ford,f-350 sd,Excellent,Manual,8,gas,68763,High CC,19,1
2004,chrysler,sebring,Excellent,Automatic,6,gas,66986,Avg CC,39,0
2015,chrysler,200 s,Excellent,Automatic,6,gas,50411,Avg CC,35,0
2004,chevrolet,c4e042,Excellent,Manual,8,diesel,201744,High CC,27,0
2016,jeep,patriot latitude 4x4,Excellent,Automatic,4,gas,70620,Low CC,7,0
1991,chevrolet,corvette,Excellent,Manual,8,gas,55000,Avg CC,49,0
2011,bmw,x6 awd,Excellent,Automatic,6,gas,77433,High CC,29,0
2009,gmc,sierra 1500,Excellent,Manual,8,gas,157000,High CC,21,0
2013,chevrolet,equinox,Excellent,Automatic,4,gas,61503,High CC,22,0
2001,ford,f150 xlt,Excellent,Automatic,8,gas,153457,Avg CC,46,0
2008,nissan,xterra,Excellent,Manual,6,gas,117842,High CC,30,0
2003,chevrolet,tahoe,Excellent,Automatic,8,gas,90488,Avg CC,5,0
2010,ford,f150 supercrew,Excellent,Automatic,8,gas,110927,Avg CC,30,0
2009,ford,f-150,Excellent,Automatic,8,gas,99914,Avg CC,37,0
2008,gmc,sierra 1500,Excellent,Automatic,8,gas,105876,Avg CC,28,0
2013,volvo,xc90 awd r-design,Excellent,Manual,6,gas,69556,Low CC,41,0
2013,chevrolet,express,Excellent,Manual,8,gas,50000,Low CC,46,0
2006,gmc,c4c042,Excellent,Manual,6,diesel,43119,Low CC,16,1
2008,ford,e-250 cargo,Excellent,Manual,8,gas,176000,Avg CC,32,0
2002,honda,cr-v,Excellent,Automatic,4,gas,225726,Avg CC,48,0
2013,ford,fusion,Excellent,Automatic,4,gas,119828,Avg CC,7,0
2008,saturn,outlook,Excellent,Automatic,6,gas,165000,Low CC,8,0
2005,nissan,altima 2.5s,Excellent,Manual,4,gas,43171,Low CC,45,0
2012,ford,fusion,Excellent,Automatic,4,gas,95700,Avg CC,11,0
2012,ford,f250,Excellent,Manual,8,gas,246077,Avg CC,23,0
2008,mazda,cx-9,Excellent,Automatic,6,gas,143000,High CC,44,0
2010,bmw,325xi,Excellent,Manual,6,gas,92000,Low CC,33,0
2014,cadillac,xts,Excellent,Automatic,6,gas,22849,High CC,33,0
2004,bmw,x5 4x4,Excellent,Manual,8,gas,190000,Avg CC,17,0
2018,ram,promaster,Excellent,Manual,6,gas,56,Avg CC,5,2
2014,ford,f-250,Excellent,Manual,8,diesel,54800,Avg CC,18,1
2008,chevrolet,hhr,Excellent,Automatic,4,gas,124124,High CC,50,0
2016,honda,accord sport,Excellent,Manual,4,gas,62000,High CC,28,0
2016,chevrolet,malibu,Excellent,Manual,4,gas,16263,Low CC,31,0
2002,chevrolet,impala ls,Excellent,Manual,6,gas,67000,Avg CC,34,0
2012,ram,crew cab 4x4,Excellent,Manual,8,gas,71939,High CC,34,0
2013,nissan,maxima,Excellent,Automatic,6,gas,98118,Low CC,17,0
2015,chevrolet,silverado 1500,Excellent,Manual,8,gas,119950,Low CC,35,0
2012,jeep,grand cherokee,Excellent,Manual,6,gas,86730,Low CC,36,0
2012,ford,f-350 lariat extended cab,Excellent,Automatic,8,diesel,126772,High CC,5,1
2002,honda,accord se,Excellent,Manual,4,gas,140000,Low CC,25,0
1996,chevrolet,pickup,Excellent,Automatic,6,gas,135000,Low CC,7,0
2014,honda,accord sport,Excellent,Automatic,4,gas,93680,Low CC,29,0
2005,mercury,monterey,salvage,Manual,6,gas,123000,Avg CC,16,0
2017,kia,soul plus,Excellent,Manual,4,gas,28973,High CC,46,0
2006,volkswagen,beetle diesel,Excellent,Manual,4,diesel,135250,Low CC,15,0
2017,ford,transit,Excellent,Automatic,6,gas,51406,Low CC,43,1
2003,chevrolet,1500,Excellent,Manual,8,gas,179165,Low CC,24,0
2011,ford,f-350 sd,Excellent,Manual,8,gas,166459,Avg CC,30,0
2014,chevrolet,cruz,Excellent,Automatic,4,gas,48965,Low CC,12,0
2011,dodge,dakota,Excellent,Manual,8,gas,88107,Low CC,46,0
2015,toyota,highlander,Excellent,Automatic,6,gas,39688,Low CC,34,1
2011,infiniti,fx,Excellent,Automatic,6,gas,98700,Low CC,45,0
1991,jeep,wrangler,Excellent,Manual,6,gas,216551,Avg CC,22,0
2005,chevrolet,sr - ls - 6 speed,Excellent,Automatic,8,gas,16700,Avg CC,28,1
1979,lincoln,mark v,Excellent,Manual,8,gas,97594,Low CC,22,0
2011,chevrolet,malibu 2lt,Excellent,Manual,6,gas,7000,Low CC,32,0
2009,gmc,yukon,Excellent,Manual,8,gas,119000,Low CC,6,0
2014,jeep,grand cherokee,Excellent,Manual,8,gas,75185,Low CC,31,0
2013,subaru,outback 3.6r limited,Excellent,Manual,6,gas,150000,Avg CC,42,0
2013,ford,f150 fx4 supercrew,Excellent,Automatic,6,gas,51084,High CC,28,1
2005,cadillac,awd sts,salvage,Automatic,8,gas,90344,Avg CC,25,0
2010,ford,f150 supercrew,Excellent,Automatic,8,gas,110927,Low CC,8,0
2007,chevrolet,silverado z71 4x4,Excellent,Automatic,8,gas,115418,Low CC,38,0
2007,chevrolet,suburban lt,Excellent,Manual,8,gas,234994,Avg CC,28,0
2006,ford,mustang,Excellent,Manual,6,gas,206000,Low CC,15,0
2010,jeep,wrangler,Excellent,Automatic,6,gas,126076,Low CC,20,0
2013,ford,e-350 sd extended,Excellent,Manual,8,gas,173804,Avg CC,38,0
2006,lexus,rx 330 awd,Excellent,Automatic,6,gas,140828,Low CC,15,0
2006,chrysler,pacifica,Excellent,Manual,6,gas,203233,Low CC,43,0
2001,dodge,durango,Excellent,Automatic,8,gas,126271,Low CC,41,0
2017,infiniti,qx50,Excellent,Manual,6,gas,27687,High CC,26,1
2001,bmw,z3 3.0 roadster,Excellent,Automatic,6,gas,27217,Avg CC,14,0
2006,honda,odyssey ex,Excellent,Manual,6,gas,179000,Low CC,31,0
1994,gmc,c7h042,Excellent,Manual,8,gas,122198,Low CC,48,0
2011,chevrolet,colorado truck,Excellent,Manual,4,gas,150000,Avg CC,40,0
2007,buick,lucerne cxl v-6,Excellent,Manual,6,gas,175050,Avg CC,19,0
2009,saturn,outlook xr,Excellent,Automatic,6,gas,132065,Avg CC,6,0
2010,honda,accord,Excellent,Manual,6,gas,227704,Low CC,32,0
2010,gmc,terrain,Excellent,Automatic,6,gas,125445,Avg CC,44,0
2016,mazda,cx-3,Excellent,Automatic,4,gas,30650,High CC,11,0
2008,ford,taurus x,Excellent,Automatic,6,gas,211035,Avg CC,28,0
1991,ford,bronco,Excellent,Manual,8,gas,195000,High CC,26,0
2015,kia,sportage,Excellent,Automatic,4,gas,55513,Avg CC,24,0
2011,gmc,terrain,Excellent,Automatic,4,gas,130123,High CC,29,0
2015,dodge,dart,Excellent,Automatic,4,gas,57808,High CC,16,0
1997,chevrolet,1500 pu,Excellent,Manual,6,gas,221000,Avg CC,29,0
2010,toyota,camry le,Excellent,Manual,4,gas,118958,Avg CC,45,0
2002,ford,explorer xlt,Excellent,Manual,6,gas,221457,Low CC,22,0
2012,ram,1500 sport 4x4 short box,Excellent,Automatic,8,gas,75592,High CC,13,0
2012,nissan,titan sv,Excellent,Manual,8,gas,130000,Low CC,45,0
2013,ford,econoline,Excellent,Automatic,8,gas,69163,Low CC,46,0
2010,ford,edge,Excellent,Manual,6,gas,158705,Avg CC,47,0
1993,chevrolet,corvette convertible,Excellent,Manual,8,gas,24900,Low CC,42,0
2003,chrysler,town & country lxi,Excellent,Manual,6,gas,168245,Avg CC,27,0
2010,nissan,armada,Excellent,Manual,8,gas,132257,Low CC,35,0
2003,volvo,s80,Excellent,Manual,6,gas,152000,High CC,25,0
2010,honda,crv 4wd,Excellent,Automatic,4,gas,113381,Low CC,23,0
2006,nissan,maxima sl,Excellent,Automatic,6,gas,165500,Low CC,29,0
2013,jeep,patriot,Excellent,Manual,4,gas,111145,Avg CC,19,0
2016,hyundai,accent se,Excellent,Automatic,4,gas,102305,Avg CC,30,0
2016,toyota,camry,Excellent,Manual,4,gas,28000,Low CC,9,0
2013,volkswagen,passat,Excellent,Manual,5,gas,53028,High CC,45,0
2013,chevrolet,volt,Excellent,Automatic,4,gas,90447,Avg CC,11,0
2008,chevrolet,impala lt,Excellent,Automatic,6,gas,145000,Low CC,31,0
2015,chevrolet,silverado 2500,Excellent,Automatic,8,gas,257531,Low CC,49,0
2016,chevrolet,express 2500,Excellent,Automatic,8,gas,55897,Avg CC,31,0
2012,volkswagen,beetle,Excellent,Manual,4,gas,64300,Low CC,43,0
2012,toyota,camry se,Excellent,Automatic,4,gas,80643,Low CC,10,0
1997,nissan,altima,Excellent,Automatic,4,gas,235000,Low CC,12,0
2017,gmc,acadia slt,Excellent,Automatic,6,gas,46700,Avg CC,34,1
2004,chevrolet,suburbanm,Excellent,Automatic,8,gas,206320,Low CC,9,0
2007,jeep,wrangler,Excellent,Manual,6,gas,74557,Low CC,24,0
1995,mitsubishi,3000gt,Excellent,Automatic,6,gas,119000,Low CC,29,0
2008,ford,escape,Excellent,Manual,6,gas,169185,Avg CC,30,0
2016,nissan,sentra sedan,Excellent,Automatic,4,gas,34271,Low CC,7,0
2011,ram,2500 st,Excellent,Manual,8,gas,216401,Low CC,37,0
2012,dodge,challenger r/t,Excellent,Manual,8,gas,53000,Avg CC,15,0
2007,toyota,rav4,Excellent,Automatic,4,gas,140569,Low CC,27,0
2010,ram,3500 slt crew cab,Excellent,Automatic,6,diesel,125521,Avg CC,19,1
2008,toyota,matrix,Excellent,Automatic,4,gas,109910,High CC,5,0
2006,chevrolet,2500,salvage,Automatic,8,gas,200000,Low CC,25,0
2010,dodge,challenger,Excellent,Automatic,8,gas,144244,Low CC,35,0
2016,ford,transit,Excellent,Manual,6,gas,105575,Low CC,26,1
2006,ford,explorer,Excellent,Automatic,6,gas,230754,High CC,43,0
2005,nissan,murano,Excellent,Automatic,6,gas,173217,Low CC,25,0
2015,jeep,patriot,Excellent,Manual,4,gas,29050,Avg CC,20,0
2017,ram,2500,Excellent,Manual,6,diesel,78671,Avg CC,22,1
2007,gmc,2500,Excellent,Manual,8,diesel,198901,Low CC,31,0
2018,chevrolet,camaro lt,Excellent,Manual,6,gas,26596,High CC,46,1
2012,honda,civic lx,Excellent,Automatic,4,gas,16040,Avg CC,36,0
2010,dodge,grand caravan,Excellent,Automatic,6,gas,66800,High CC,34,0
2015,toyota,sienna,Excellent,Automatic,6,gas,47399,Avg CC,44,0
2014,bmw,335i,Excellent,Manual,6,gas,30200,Low CC,30,0
2002,mazda,protege,salvage,Manual,4,gas,131000,High CC,45,0
2011,toyota,tacoma,Excellent,Manual,6,gas,149589,Avg CC,14,0
2012,chrysler,200,Excellent,Automatic,4,gas,108170,High CC,42,0
2004,ford,econoline,Excellent,Automatic,8,gas,111600,Low CC,17,0
2012,nissan,rogue,Excellent,Manual,4,gas,156277,High CC,22,0
2011,ford,expedition el,Excellent,Automatic,8,gas,169840,Avg CC,39,0
1999,chevrolet,blazer ls 4 door,Excellent,Manual,6,gas,157255,High CC,21,0
2014,toyota,highlander xle,Excellent,Manual,4,gas,95528,Low CC,48,0
2008,hyundai,elantra,Excellent,Manual,4,gas,134000,Low CC,28,0
2002,honda,accord,Excellent,Automatic,4,gas,213052,Avg CC,8,0
2016,honda,accord,Excellent,Automatic,4,gas,63927,Avg CC,21,0
2003,gmc,sierra 2500hd,Excellent,Automatic,8,diesel,152000,High CC,45,0
2014,gmc,acadia slt,Excellent,Automatic,6,gas,110141,Low CC,10,0
2009,buick,lucerne cxl,Excellent,Automatic,6,gas,127000,Low CC,46,0
2008,subaru,legacy 2.5i,Excellent,Manual,4,gas,125416,High CC,44,0
2012,chevrolet,colorado,Excellent,Manual,5,gas,103148,Avg CC,23,0
2008,ford,escape,Excellent,Manual,6,gas,146766,Low CC,32,0
2002,ford,thunderbird,Excellent,Automatic,8,gas,22251,Low CC,9,0
2004,jeep,grand cherokee laredo,Excellent,Manual,8,gas,148000,Avg CC,20,0
2009,ford,f-150,Excellent,Automatic,8,gas,129414,Low CC,10,0
2017,nissan,nv,Excellent,Manual,6,gas,919,Avg CC,43,0
2008,ford,f350 super duty,Excellent,Manual,8,diesel,141257,Low CC,19,0
2009,jeep,wrangler unlimited x,Excellent,Automatic,6,gas,99744,Low CC,45,0
2004,toyota,4. runner,Excellent,Automatic,8,gas,159180,Low CC,45,0
2009,nissan,versa,Excellent,Automatic,4,gas,115000,Low CC,9,0
2014,audi,s4 premium plus,Excellent,Automatic,6,gas,70767,Low CC,38,0
2012,cadillac,cts,Excellent,Automatic,6,gas,110130,High CC,39,0
2013,honda,civic,Excellent,Automatic,4,gas,86000,High CC,21,0
2012,hyundai,elantra,Excellent,Manual,4,gas,156445,High CC,38,0
2010,infiniti,g37,Excellent,Automatic,6,gas,111500,High CC,8,0
2006,ford,f-150 xlt supercrew,Excellent,Manual,8,gas,167981,Low CC,43,0
2013,lincoln,mks awd,Excellent,Automatic,6,gas,88028,Avg CC,39,0
2008,gmc,envoy,Excellent,Automatic,6,gas,216000,Low CC,11,0
2007,volkswagen,"jetta gli fahrenheit, 4d",Excellent,Automatic,4,gas,77352,Avg CC,19,0
2009,bmw,3 series 335 i,Excellent,Manual,6,gas,118435,Avg CC,49,0
2015,ford,f-250 sd,Excellent,Automatic,8,gas,114913,Low CC,47,1
2014,ford,escape,Excellent,Automatic,4,gas,90000,Avg CC,22,0
2013,chevrolet,camaro,Excellent,Automatic,6,gas,102148,Low CC,20,0
2015,subaru,forester,Excellent,Automatic,4,gas,45176,Low CC,42,0
2004,acura,mdx,salvage,Manual,6,gas,225000,Low CC,36,0
2014,nissan,frontier,Excellent,Automatic,6,gas,61239,Low CC,22,0
2012,ford,escape,Excellent,Automatic,4,gas,99432,Low CC,26,0
2008,toyota,highlander sport,Excellent,Manual,6,gas,143646,Avg CC,11,0
2005,chevrolet,silverado 2500,Excellent,Automatic,8,diesel,223000,Avg CC,24,0
2018,subaru,crosstrek 2.0i premium,Excellent,Manual,4,gas,13105,Low CC,43,0
2005,mazda,tribute,Excellent,Automatic,6,gas,123308,Low CC,50,0
2014,ford,super duty f-350 srw,Excellent,Manual,8,gas,40500,High CC,39,0
2003,chevrolet,trailblazer lt,Excellent,Automatic,6,gas,194500,Avg CC,12,0
2014,ford,escape,Excellent,Manual,4,gas,86646,High CC,50,0
2006,chevrolet,silverado z71 4x4,Excellent,Automatic,8,gas,113726,Avg CC,43,0
2005,honda,odyssey ex-l,Excellent,Automatic,6,gas,179836,Avg CC,38,0
2007,saturn,vue,Excellent,Manual,6,gas,160842,High CC,47,0
2010,toyota,corolla le,Excellent,Automatic,4,gas,130890,Avg CC,32,0
2007,gmc,c7500,Excellent,Automatic,6,diesel,140221,Avg CC,19,0
2013,chevrolet,malibu,Excellent,Automatic,4,gas,49000,Avg CC,47,0
2008,audi,q7,Excellent,Manual,6,gas,112141,High CC,9,0
1997,ford,f350 xlt tow package,Excellent,Manual,8,diesel,221000,Avg CC,48,0
2012,ford,f250,Excellent,Automatic,8,diesel,86131,High CC,38,1
2013,ford,f250sd lifted,Excellent,Automatic,8,diesel,111317,Low CC,14,1
1996,ford,e 350,Excellent,Manual,8,gas,98870,Low CC,48,0
2012,honda,crv lx,Excellent,Automatic,4,gas,69983,Avg CC,50,0
1987,chevrolet,c10,Excellent,Manual,8,gas,166000,Avg CC,20,0
2010,hyundai,elantra wagon touring,Excellent,Automatic,4,gas,63004,High CC,45,0
2016,gmc,sierra slt hd2500,Excellent,Manual,8,gas,72383,High CC,45,1
2006,mercedes-benz,r350 r class,Excellent,Manual,6,gas,51742,Avg CC,21,0
2008,infiniti,g37 coupe,Excellent,Manual,6,gas,163517,Low CC,30,0
2010,dodge,journey,Excellent,Manual,8,gas,166159,Low CC,31,0
2006,lincoln,town car,Excellent,Automatic,8,gas,60000,High CC,8,0
2005,ford,f-350sd,Excellent,Automatic,8,gas,34341,Low CC,14,0
2014,hyundai,veloster,Excellent,Manual,4,gas,54332,Low CC,22,0
2016,kia,sorento,Excellent,Automatic,4,gas,82589,High CC,37,0
2006,ford,ranger,Excellent,Manual,4,gas,116106,High CC,22,0
2012,mercedes-benz,benz s350 bluetech,Excellent,Manual,6,diesel,78000,High CC,36,1
2005,jeep,wrangler rubicon,Excellent,Automatic,6,gas,37000,High CC,24,0
2017,chevrolet,express 2500,Excellent,Automatic,8,gas,96305,Avg CC,8,0
2011,chevrolet,silverado 2500hd,Excellent,Manual,8,gas,69000,Low CC,23,1
2012,toyota,sequoia,Excellent,Automatic,8,gas,124946,Low CC,41,0
2004,ford,explorer sport trac xls,Excellent,Automatic,6,gas,144696,Low CC,14,0
2006,volvo,xc90,salvage,Automatic,8,gas,109164,Avg CC,18,0
2014,chevrolet,silverado 1500,Excellent,Automatic,8,gas,114375,High CC,27,0
2012,chevrolet,silverado 2500hd,Excellent,Automatic,8,gas,214791,Low CC,18,1
2008,bmw,750 li,Excellent,Manual,8,gas,68595,Low CC,41,0
2017,gmc,sierra 1500,Excellent,Automatic,8,gas,48979,Low CC,48,1
2017,ram,2500,Excellent,Manual,6,diesel,67000,Avg CC,29,1
2011,ford,edge,Excellent,Automatic,6,gas,113559,Avg CC,17,0
2017,chevrolet,express,Excellent,Automatic,8,gas,36712,Avg CC,15,1
2014,ford,econoline,Excellent,Manual,8,gas,56556,Low CC,48,0
2013,subaru,forester,Excellent,Manual,4,gas,75000,High CC,49,0
2015,ram,3500,Excellent,Manual,6,diesel,204969,Avg CC,21,0
2002,ford,excursion xlt,Excellent,Automatic,8,gas,184408,High CC,10,0
2007,ford,escape xlt,Excellent,Automatic,6,gas,131878,Avg CC,36,0
2010,toyota,corolla,Excellent,Automatic,4,gas,165000,Low CC,29,0
2009,toyota,sienna limited,Excellent,Automatic,6,gas,109000,Avg CC,34,0
2014,lincoln,navigator,Excellent,Automatic,8,gas,22871,High CC,7,1
2002,bmw,330ci,Excellent,Automatic,6,gas,114914,Avg CC,44,0
2004,jeep,grand cherokee,Excellent,Automatic,8,gas,199680,Low CC,37,0
2001,dodge,caravan,Excellent,Manual,6,gas,158000,Avg CC,18,0
2010,dodge,nitro,Excellent,Manual,6,gas,77400,Low CC,17,0
1996,cadillac,eldorado coupe,Excellent,Automatic,8,gas,81045,Avg CC,13,0
2008,pontiac,g6 gt convertible,Excellent,Manual,6,gas,102000,Avg CC,11,0
2009,toyota,highlander,Excellent,Automatic,6,gas,134063,Avg CC,25,0
2007,volvo,s40 sedan,Excellent,Automatic,4,gas,76000,Low CC,11,0
2005,ram,quad cab 1500 4wd,Excellent,Automatic,8,gas,280000,High CC,7,0
2010,toyota,tacoma trd sport,Excellent,Automatic,6,gas,158995,Low CC,15,0
2014,ford,explorer,Excellent,Automatic,6,gas,96388,Low CC,34,0
2001,honda,civic,Excellent,Manual,4,gas,154860,Low CC,46,0
2007,mini,cooper s,Excellent,Automatic,4,gas,55000,Low CC,22,0
1999,toyota,camry,Excellent,Automatic,6,gas,264000,Low CC,47,0
2001,ford,f550,Excellent,Manual,8,diesel,248865,Low CC,15,0
2016,kia,sorento lx,Excellent,Automatic,6,gas,66220,Low CC,13,0
1998,ford,f-150,Excellent,Automatic,8,gas,184000,Avg CC,18,0
2006,bmw,325ci,Excellent,Automatic,6,gas,120357,High CC,30,0
1996,ford,f-250,Excellent,Manual,8,gas,205969,Avg CC,5,0
2018,chevrolet,cruze,Excellent,Automatic,4,gas,22252,Avg CC,27,0
2008,buick,enclave cxl,Excellent,Automatic,6,gas,130000,Low CC,39,0
2002,ford,e-150,Excellent,Automatic,8,gas,92000,High CC,43,0
2011,acura,tl,Excellent,Automatic,6,gas,94325,Avg CC,16,0
2007,gmc,sierra 1500,Excellent,Automatic,8,gas,161439,Low CC,8,0
2011,ford,econoline 450,Excellent,Manual,8,gas,70601,Avg CC,47,0
2005,ford,explorer sporttac rsc xlt,Excellent,Manual,6,gas,175225,High CC,15,0
2008,nissan,maxima,Excellent,Automatic,6,gas,123320,Low CC,36,0
2012,volkswagen,eos komfort,Excellent,Automatic,4,gas,92860,Avg CC,28,0
2017,ram,2500 crew,Excellent,Manual,6,diesel,123663,Low CC,35,1
2004,chrysler,town country,Excellent,Manual,6,gas,179330,Low CC,43,0
2007,bmw,335i,Excellent,Automatic,6,gas,71800,High CC,40,0
2010,ford,escape,Excellent,Automatic,4,gas,110169,Low CC,28,0
2014,gmc,sierra 1500,Excellent,Automatic,8,gas,85555,Low CC,15,1
2008,chevrolet,silverado,Excellent,Automatic,8,gas,190050,Low CC,6,0
2007,chevrolet,corvette,Excellent,Manual,8,gas,58900,Avg CC,35,0
2011,ford,f-350,Excellent,Automatic,8,diesel,93345,High CC,44,1
2010,chevrolet,suburban low miles rust free texas suv,Excellent,Automatic,8,gas,146838,Avg CC,37,0
2009,dodge,challenger,Excellent,Manual,8,gas,25000,High CC,50,0
2017,dodge,journey,Excellent,Automatic,6,gas,26955,Avg CC,24,0
2007,ford,f250,Excellent,Manual,8,diesel,239000,Low CC,32,0
2005,honda,crv lx awd,Excellent,Automatic,4,gas,194788,Avg CC,28,0
2013,buick,enclave,Excellent,Manual,6,gas,85247,Low CC,27,0
2010,jeep,wrangler,Excellent,Automatic,6,gas,97193,High CC,22,0
2005,ford,f-350 sd,Excellent,Automatic,8,diesel,198843,High CC,37,0
2013,ford,f-250 sd,Excellent,Manual,8,gas,69357,Low CC,14,0
2006,jeep,commander,Excellent,Automatic,8,gas,102182,Low CC,16,0
1998,honda,crv lx manual,Excellent,Automatic,4,gas,189445,Low CC,13,0
2011,gmc,yukon denali,Excellent,Automatic,8,gas,204268,Avg CC,26,0
1997,chevrolet,s10,salvage,Manual,4,gas,151220,Avg CC,41,0
2009,bmw,x5,Excellent,Automatic,6,gas,114364,Low CC,32,0
2006,toyota,corolla,Excellent,Manual,4,gas,77620,Avg CC,14,0
2013,volkswagen,jetta,Excellent,Manual,4,gas,28578,Avg CC,50,0
2013,chevrolet,express cargo van,Excellent,Automatic,8,gas,131658,Avg CC,22,0
2013,hyundai,tucson,Excellent,Manual,4,gas,99901,Low CC,49,0
1999,ford,ranger,Excellent,Automatic,6,gas,253500,Avg CC,17,0
2003,cadillac,deville,Excellent,Automatic,8,gas,114000,High CC,16,0
2009,gmc,sierra,Excellent,Manual,8,gas,172621,Avg CC,28,0
2011,mitsubishi,eclipse,Excellent,Automatic,4,gas,75500,Low CC,23,0
2014,ford,"f250,fx4",Excellent,Manual,8,gas,102458,Avg CC,46,0
2007,chevrolet,impala,Excellent,Automatic,8,gas,90629,Avg CC,43,0
2017,jeep,cherokee,Excellent,Automatic,4,gas,17254,Low CC,36,0
2014,cadillac,ats,Excellent,Automatic,6,gas,63675,High CC,49,0
2007,honda,odyssey,Excellent,Automatic,6,gas,109159,Avg CC,37,0
2013,ford,f-250 sd,Excellent,Automatic,8,gas,45649,High CC,37,0
2000,buick,lesaber custom,Excellent,Automatic,6,gas,121671,High CC,23,0
2016,buick,encore,Excellent,Automatic,4,gas,27016,Low CC,46,0
2007,chrysler,pacifica,Excellent,Manual,6,gas,100466,High CC,44,0
2005,buick,lesabre,Excellent,Manual,6,gas,94077,Avg CC,36,0
2014,chevrolet,equinox,Excellent,Automatic,6,gas,108624,Low CC,21,0
2011,chevrolet,silverado 1500,Excellent,Automatic,8,gas,104274,Avg CC,27,0
1997,ford,f-150,Excellent,Manual,8,gas,125100,Avg CC,45,0
2002,harley-davidson,davidson,Excellent,Manual,8,gas,26000,Avg CC,11,0
2002,ford,f 150 4x4,Excellent,Manual,8,gas,240538,High CC,45,0
2014,ford,fusion,Excellent,Automatic,4,gas,25929,Avg CC,9,0
2011,honda,accord crosstour,Excellent,Manual,6,gas,145543,Low CC,34,0
2006,toyota,rae4 limited,salvage,Manual,6,gas,94858,Low CC,29,0
1967,chevrolet,ii ss,Excellent,Automatic,8,gas,39620,Low CC,26,1
2003,chevrolet,silverado,Excellent,Manual,8,gas,162500,Low CC,22,0
2010,chevrolet,aveo,Excellent,Automatic,4,gas,46350,Avg CC,15,0
2010,ford,f-150,Excellent,Automatic,8,gas,202800,Low CC,45,0
2008,volvo,xc90 3.2 awd,Excellent,Manual,6,gas,102883,High CC,18,0
1974,jeep,cherokee,Excellent,Manual,8,gas,1,High CC,25,0
2012,chevrolet,silverado 3500,Excellent,Automatic,8,gas,229028,High CC,32,0
2010,nissan,murano sl,Excellent,Automatic,6,gas,118640,High CC,40,0
2012,volvo,xc90 premier plus,Excellent,Manual,6,gas,140921,High CC,19,0
2009,volkswagen,youareg,Excellent,Automatic,4,gas,102615,Avg CC,40,0
2014,hyundai,santa fe,Excellent,Manual,4,gas,101163,High CC,6,0
2013,nissan,altima,Excellent,Manual,4,gas,102172,High CC,25,0
2008,nissan,frontier,Excellent,Automatic,6,gas,137954,Avg CC,36,0
2009,gmc,yukon,Excellent,Manual,8,gas,119000,Low CC,8,0
2012,ford,explorer xlt 4wd,Excellent,Manual,6,gas,81344,Low CC,40,0
2016,ford,f-350 sd,Excellent,Manual,8,gas,68763,Low CC,43,1
1990,chevrolet,corvette,Excellent,Automatic,8,gas,15500,Avg CC,26,1
2013,cadillac,escalade esv,Excellent,Manual,8,gas,123000,Low CC,10,0
2011,bmw,3 series,Excellent,Manual,6,gas,98524,High CC,34,0
2015,ford,transit,Excellent,Automatic,6,gas,113825,Avg CC,16,0
2009,nissan,versa hatchback,Excellent,Manual,4,gas,103000,Avg CC,15,0
1973,ford,mustang mach 1,Excellent,Automatic,8,gas,58500,Low CC,31,0
1999,ford,350 power-stroke,Excellent,Automatic,8,diesel,274437,Avg CC,5,0
2000,bmw,328i,Excellent,Manual,6,gas,106865,Avg CC,12,0
2008,subaru,outback,Excellent,Automatic,4,gas,211289,Avg CC,23,0
2007,toyota,corolla,Excellent,Automatic,4,gas,178654,Low CC,46,0
2006,ford,econoline,Excellent,Automatic,8,gas,149772,High CC,37,0
2006,bmw,325xi,salvage,Automatic,6,gas,113000,Low CC,41,0
2016,jeep,wrangler sport unlimited,Excellent,Automatic,6,gas,27500,High CC,17,1
2004,ford,explorer limited,Excellent,Manual,8,gas,208237,Avg CC,13,0
2012,honda,odyssey touring elite,Excellent,Manual,6,gas,134861,High CC,12,0
2012,toyota,corolla,Excellent,Automatic,4,gas,87447,Avg CC,48,0
2005,toyota,sienna,Excellent,Automatic,6,gas,165244,Low CC,23,0
2001,lexus,es 300,Excellent,Automatic,6,gas,161171,Low CC,42,0
2004,gmc,sierra 2500hd,Excellent,Automatic,8,diesel,287263,Avg CC,10,0
2013,ford,f-250 sd,Excellent,Automatic,8,gas,219558,Avg CC,20,0
2000,honda,odyssey,Excellent,Manual,6,gas,184038,High CC,38,0
2008,audi,a6,Excellent,Manual,6,gas,104000,Avg CC,11,0
1999,toyota,rav 4,Excellent,Manual,4,gas,158113,Avg CC,16,0
2015,ford,transit cargo van,Excellent,Manual,6,gas,87042,Low CC,5,0
2003,ram,1500,Excellent,Manual,6,gas,184000,High CC,42,0
2007,honda,accord ex,Excellent,Manual,6,gas,143564,High CC,19,0
2011,chevrolet,silverado 1500,Excellent,Automatic,8,gas,153000,Low CC,16,0
2011,chevrolet,camaro,Excellent,Automatic,8,gas,38537,Low CC,10,0
2009,dodge,3500 slt dually,Excellent,Automatic,6,diesel,52025,High CC,26,1
2015,subaru,outback,Excellent,Automatic,4,gas,60000,Low CC,33,0
2004,chevrolet,tahoe,Excellent,Automatic,8,gas,181713,Avg CC,7,0
2014,chrysler,town and country,Excellent,Automatic,6,gas,131485,Low CC,27,0
2008,chevrolet,suburban lt 4x4,Excellent,Automatic,8,gas,164450,Avg CC,8,0
2009,lincoln,mkz,Excellent,Automatic,6,gas,139000,High CC,17,0
2016,ford,taurus,Excellent,Automatic,6,gas,68000,High CC,46,0
2011,gmc,sierra 1500,Excellent,Automatic,8,gas,125699,Avg CC,42,0
2015,ford,f250 super duty,Excellent,Automatic,8,gas,225275,High CC,44,0
2012,gmc,yukon,Excellent,Manual,8,gas,103520,Low CC,26,0
2006,gmc,sierra 2500hd,Excellent,Manual,8,gas,160886,High CC,40,0
2014,chevrolet,sonic,Excellent,Automatic,4,gas,43079,High CC,45,0
1999,ford,f-150 4x4,Excellent,Automatic,8,gas,173533,Avg CC,5,0
2010,nissan,murano,Excellent,Manual,4,gas,66935,Avg CC,45,0
2017,ford,focus,Excellent,Automatic,4,gas,60040,Low CC,50,0
2011,chevrolet,silverado 1500,Excellent,Manual,8,gas,203747,Low CC,17,0
2010,hyundai,elantra gls,Excellent,Automatic,4,gas,149284,High CC,32,0
2008,hyundai,santa fe,Excellent,Manual,6,gas,143341,Avg CC,22,0
2006,bmw,z4 3.0si,Excellent,Manual,6,gas,72000,Low CC,21,0
1995,honda,civic,salvage,Automatic,4,gas,240196,Avg CC,13,0
2015,audi,a4 premium plus,Excellent,Automatic,4,gas,42234,Low CC,7,0
2007,toyota,tacoma,Excellent,Manual,6,gas,100525,Low CC,29,0
2002,nissan,maxima,Excellent,Automatic,6,gas,264000,Avg CC,42,0
2011,jeep,grand cherokee overland,Excellent,Automatic,6,gas,109130,Avg CC,14,0
2004,buick,park avenue,Excellent,Manual,6,gas,91991,Avg CC,34,0
2007,dodge,charger,Excellent,Automatic,6,gas,91000,Avg CC,6,0
1964,chevrolet,c10,Excellent,Manual,8,gas,1900,High CC,27,0
2014,kia,sportage,Excellent,Automatic,4,gas,58437,Avg CC,43,0
2008,ford,ranger,Excellent,Automatic,6,gas,89880,High CC,26,0
2014,chevrolet,silverado 1500,Excellent,Automatic,8,gas,129360,Low CC,14,1
2004,toyota,4runner,Excellent,Automatic,6,gas,184000,High CC,8,0
2013,lincoln,mkx,Excellent,Automatic,6,gas,101959,Avg CC,10,0
2011,ford,expedition el,Excellent,Manual,8,gas,135086,Low CC,18,0
2017,ford,f-150,Excellent,Automatic,8,gas,48666,High CC,30,1
2015,ford,f150,Excellent,Automatic,6,gas,101877,Low CC,20,0
2014,chevrolet,tahoe,Excellent,Manual,8,gas,124417,Low CC,43,1
2005,chrysler,pt cruiser,Excellent,Automatic,4,gas,87000,Avg CC,27,0
2003,ford,thunderbird,Excellent,Manual,8,gas,81262,Avg CC,26,0
2010,ford,focus,Excellent,Manual,4,gas,137433,High CC,7,0
2013,ram,2500,Excellent,Manual,6,diesel,68000,Low CC,21,1
2010,mazda,mazda3,Excellent,Automatic,4,gas,132656,Low CC,11,0
2015,volvo,s60t5,Excellent,Automatic,4,gas,73800,Avg CC,29,0
2012,audi,a4 advant s-line,Excellent,Automatic,4,gas,156601,Low CC,14,0
2008,chrysler,300 limited,Excellent,Manual,6,gas,106736,Avg CC,6,0
2012,ford,f-250 sd,Excellent,Manual,8,gas,194100,High CC,50,0
2018,dodge,caravan,Excellent,Manual,6,gas,28920,Avg CC,21,1
2015,ford,f-350 sd,Excellent,Automatic,8,diesel,59461,Avg CC,30,1
2007,cadillac,escalade esv,Excellent,Manual,8,gas,68999,Avg CC,25,0
2018,gmc,sierra,Excellent,Manual,6,gas,14000,Avg CC,7,0
2003,mitsubishi,eclipse,salvage,Manual,4,gas,170000,High CC,48,0
1998,ford,explorer,Excellent,Manual,6,gas,147773,Avg CC,34,0
2002,chrysler,town & country,salvage,Manual,6,gas,134000,High CC,5,0
2016,dodge,journey rt,Excellent,Manual,6,gas,30401,Avg CC,38,0
2002,ram,1500,Excellent,Automatic,8,gas,157000,Avg CC,45,0
2009,dodge,charger,Excellent,Manual,6,gas,221000,Low CC,31,0
2005,ford,f350,Excellent,Manual,8,diesel,141000,Avg CC,31,0
2000,chevrolet,corvette,Excellent,Automatic,8,gas,46728,Avg CC,9,0
2013,hyundai,elantra gt,Excellent,Manual,4,gas,43000,Avg CC,41,0
1987,chevrolet,s-10 tahoe,Excellent,Manual,6,gas,189170,Avg CC,12,0
2003,jeep,liberty,Excellent,Automatic,6,gas,207000,Low CC,29,0
2003,chevrolet,suburban,Excellent,Automatic,8,gas,121569,Avg CC,17,0
2011,kia,sorento,Excellent,Manual,4,gas,74004,High CC,46,0
2010,dodge,charger,Excellent,Automatic,8,gas,163000,Avg CC,35,0
2014,ford,fusion,Excellent,Automatic,4,gas,77243,Avg CC,7,0
2008,dodge,grand caravan sxt,Excellent,Automatic,6,gas,178645,Avg CC,30,0
2011,chevrolet,silverado 1500,Excellent,Manual,8,gas,121098,Avg CC,41,0
2011,bmw,328 xi,Excellent,Automatic,6,gas,87030,Avg CC,6,0
2017,hyundai,accent,Excellent,Manual,4,gas,36052,Avg CC,14,0
2018,buick,regal,Excellent,Automatic,4,gas,17442,Low CC,9,0
2005,ford,freestar,Excellent,Manual,6,gas,147831,High CC,46,0
2017,chevrolet,ss sedan,Excellent,Manual,8,gas,19700,Low CC,10,1
2009,gmc,sierra 1500 4wd truck low m,Excellent,Automatic,8,gas,107342,Low CC,27,0
1982,chevrolet,c/k-10,Excellent,Automatic,8,gas,5424,Avg CC,45,0
2013,hyundai,elantra gls,Excellent,Automatic,4,gas,84288,Low CC,36,0
2015,ram,3500,Excellent,Manual,6,diesel,37470,High CC,42,2
2011,jeep,compass latitude awd,Excellent,Manual,4,gas,113289,Low CC,31,0
2012,ford,focus se hatchback,Excellent,Automatic,4,gas,129221,Avg CC,45,0
2005,chrysler,300c,Excellent,Automatic,8,gas,154292,High CC,46,0
2015,chevrolet,impala,Excellent,Manual,6,gas,104999,Avg CC,34,0
2013,nissan,armada,Excellent,Automatic,8,gas,98088,Avg CC,12,0
2007,ram,1500,Excellent,Manual,8,gas,135508,Avg CC,25,0
2011,chrysler,town & country,Excellent,Automatic,6,gas,93275,High CC,5,0
2007,ford,focus,Excellent,Manual,4,gas,126600,Low CC,16,0
2006,chevrolet,silverado 1500,Excellent,Automatic,8,gas,177799,Low CC,13,0
2013,bmw,3 series,Excellent,Manual,4,gas,85893,Low CC,47,0
2008,chevrolet,silverado 2500,Excellent,Manual,4,diesel,97523,Low CC,8,1
2008,dodge,magnum,Excellent,Manual,6,gas,132244,Avg CC,8,0
2008,ford,crown victoria,Excellent,Automatic,8,gas,11400,High CC,21,0
2007,dodge,charger sxt,Excellent,Manual,6,gas,153969,High CC,20,0
2015,chevrolet,silverado,Excellent,Manual,6,gas,45634,High CC,16,0
2012,mini,cooper s,Excellent,Manual,4,gas,82213,Avg CC,50,0
2013,ford,edge awd,Excellent,Automatic,6,gas,110505,Avg CC,22,0
2007,jeep,jku,Excellent,Automatic,6,gas,77980,Low CC,6,0
2016,ford,f-250 sd,Excellent,Automatic,8,gas,87170,Avg CC,39,0
2009,jeep,grand cherokee,Excellent,Automatic,6,gas,146020,Low CC,36,0
2015,chrysler,200 c,Excellent,Manual,4,gas,73234,Avg CC,41,0
2016,nissan,rogue s,Excellent,Manual,4,gas,70957,Avg CC,15,0
2000,chevrolet,camaro z28 ss conv,Excellent,Automatic,8,gas,74978,Low CC,17,0
2015,mitsubishi,lancer,Excellent,Automatic,4,gas,117117,Low CC,6,0
2010,ram,2500,Excellent,Manual,6,diesel,96660,Low CC,37,0
2010,dodge,charger,Excellent,Manual,6,gas,104500,Low CC,39,0
2010,mini,cooper s,Excellent,Manual,4,gas,83000,Low CC,17,0
2015,bmw,328i,Excellent,Manual,4,gas,64061,Low CC,34,0
2006,ford,f-150,Excellent,Manual,8,gas,136835,Avg CC,27,0
2015,subaru,forester 2.5i premium,Excellent,Automatic,4,gas,54485,High CC,26,0
2006,nissan,murano,Excellent,Automatic,6,gas,129473,Avg CC,15,0
2008,saturn,aura xe 4dr sedan,Excellent,Automatic,6,gas,64400,Low CC,28,0
2015,toyota,tundra double cab,Excellent,Automatic,8,gas,88583,Avg CC,29,0
2011,ford,econoline commercial cutaway,Excellent,Automatic,8,gas,142483,Low CC,44,0
2012,ram,3500 cummins,Excellent,Manual,6,diesel,125553,Avg CC,20,1
2013,chevrolet,express,Excellent,Manual,8,gas,50000,Low CC,7,0
1991,bmw,325i,Excellent,Automatic,6,gas,117000,Low CC,33,0
2002,ford,expedition eddie bauer,Excellent,Automatic,8,gas,161000,High CC,21,0
1950,ford,custom,Excellent,Automatic,8,gas,69800,Low CC,35,0
1997,honda,civic lx sedan,Excellent,Manual,4,gas,209106,High CC,20,0
2008,chevrolet,malibu,Excellent,Automatic,6,gas,139893,Low CC,36,0
2013,chevrolet,silverado 1500,Excellent,Automatic,8,gas,63415,Low CC,40,0
2016,mazda,6,Excellent,Automatic,4,gas,32952,High CC,28,0
2011,mazda,3,Excellent,Automatic,4,gas,97000,Low CC,30,0
2012,mitsubishi,lancer ralliart,Excellent,Manual,4,gas,54000,Avg CC,15,0
2009,ford,escape,Excellent,Automatic,4,gas,128000,Avg CC,40,0
2017,dodge,journey,Excellent,Automatic,4,gas,41703,Low CC,42,0
2012,dodge,grand caravan passenger,Excellent,Manual,6,gas,107400,Avg CC,32,0
2002,toyota,camry xle,Excellent,Automatic,4,gas,179147,High CC,11,0
2012,ford,f-150,Excellent,Automatic,6,gas,130890,Low CC,22,0
2008,chevrolet,impala ls,Excellent,Automatic,6,gas,132436,Low CC,46,0
2010,audi,a4,Excellent,Automatic,4,gas,144448,Low CC,30,0
2012,dodge,charger,Excellent,Automatic,4,gas,98000,Low CC,45,0
2012,nissan,versa,Excellent,Automatic,4,gas,76336,Low CC,14,0
2009,cadillac,escalade,Excellent,Manual,8,gas,92105,Low CC,22,0
1997,honda,accord,Excellent,Automatic,6,gas,179000,Avg CC,46,0
2018,ford,transit,Excellent,Automatic,6,gas,58937,High CC,29,0
2014,jeep,cherokee,Excellent,Automatic,4,gas,112928,Low CC,19,0
2009,mini,cooper,Excellent,Automatic,4,gas,119000,High CC,22,0
2015,kia,sorento,Excellent,Manual,4,gas,55077,Avg CC,27,0
1992,dodge,d250,Excellent,Automatic,6,diesel,115000,Low CC,12,0
1990,chrysler,town & country lxi,salvage,Manual,6,gas,128000,Avg CC,44,0
2010,chevrolet,equinox,Excellent,Manual,4,gas,84357,Avg CC,24,0
2013,ford,f-250 xlt super duty,Excellent,Automatic,8,gas,144079,Avg CC,49,0
2005,cadillac,deville,Excellent,Manual,8,gas,65000,Avg CC,13,0
2007,chevrolet,silverado 4wd 5.3l v8 lifted truck,Excellent,Automatic,8,gas,147078,Low CC,22,0
2017,chrysler,pacifica,Excellent,Manual,6,gas,49000,Avg CC,20,0
1998,ford,mustang convertible,Excellent,Automatic,6,gas,131000,Low CC,32,0
2013,chevrolet,cruze,Excellent,Manual,4,gas,112040,High CC,24,0
2013,gmc,sierra 1500,Excellent,Automatic,8,gas,165319,Avg CC,48,0
2013,gmc,sierra 3500hd,Excellent,Automatic,8,gas,147835,Low CC,10,1
2001,ram,3500 dually 4x4,Excellent,Manual,6,diesel,210000,Avg CC,5,0
2013,volkswagen,gli,Excellent,Automatic,4,gas,96850,Avg CC,25,0
2008,lincoln,navigator,Excellent,Automatic,8,gas,194703,Avg CC,41,0
2008,ford,f-150 08,Excellent,Manual,6,gas,182000,Low CC,50,0
2006,jeep,wrangler,Excellent,Manual,6,gas,89723,Low CC,39,0
2016,hyundai,santa fe,Excellent,Automatic,6,gas,37126,High CC,35,0
1999,chevrolet,blazer lt,Excellent,Automatic,6,gas,222034,Avg CC,32,0
2014,ram,1500,Excellent,Automatic,8,gas,78555,High CC,42,0
2014,ram,1500,Excellent,Manual,8,gas,113000,Avg CC,21,0
2019,ford,f-150,Excellent,Automatic,6,gas,2157,High CC,15,1
1966,ford,fairlane 500,Excellent,Automatic,8,gas,59207,Low CC,8,0
2016,ford,f-150 xlt,Excellent,Automatic,8,gas,24266,Low CC,8,1
2003,ford,f-150,Excellent,Automatic,8,gas,135458,Low CC,20,0
2005,jeep,wrangler,Excellent,Manual,6,gas,86525,Avg CC,9,0
2005,jeep,liberty,Excellent,Manual,6,gas,135699,Avg CC,10,0
2012,dodge,avenger se,Excellent,Manual,4,gas,69965,Low CC,17,0
2004,ford,f-250 sd,Excellent,Manual,8,diesel,112139,Low CC,19,0
2016,toyota,tacoma,Excellent,Automatic,6,gas,33634,High CC,47,1
2014,ford,expedition xlt 4x4,Excellent,Manual,8,gas,151203,High CC,23,0
2015,chevrolet,2500 ltz crew cab,Excellent,Automatic,8,diesel,25707,Low CC,48,1
2004,chevrolet,trailblazer lt,Excellent,Automatic,6,gas,148000,High CC,20,0
2011,nissan,rouge,Excellent,Automatic,4,gas,83157,Avg CC,19,0
2005,honda,accord,Excellent,Automatic,6,gas,155000,High CC,42,0
2014,mercedes-benz,glk350,Excellent,Automatic,6,gas,107698,High CC,43,0
2005,ford,taurus,Excellent,Automatic,6,gas,173000,Low CC,47,0
2014,chevrolet,spark,salvage,Automatic,4,gas,55765,Avg CC,10,0
2003,jeep,wrangler,Excellent,Manual,6,gas,82751,High CC,15,0
2005,gmc,sierra 1500 sle,Excellent,Automatic,8,gas,128419,Avg CC,16,0
2016,mercedes-benz,gle350,Excellent,Automatic,6,gas,71907,Avg CC,32,0
1993,honda,accord,Excellent,Automatic,4,gas,199000,High CC,10,0
2010,chrysler,town country,Excellent,Automatic,6,gas,144838,Low CC,34,0
2006,mitsubishi,galant,Excellent,Manual,4,gas,102000,Avg CC,6,0
2016,toyota,tacoma,Excellent,Automatic,4,gas,39607,Avg CC,33,1
2004,jeep,grand cherokee,Excellent,Manual,8,gas,180100,Avg CC,50,0
2012,volkswagen,jetta,Excellent,Automatic,4,gas,72331,Avg CC,19,0
2016,mercedes-benz,sprinter 2500,Excellent,Manual,6,diesel,27417,Avg CC,35,2
2007,nissan,sentra,Excellent,Automatic,4,gas,153000,Avg CC,30,0
2006,chevrolet,impala,salvage,Automatic,6,gas,271000,Avg CC,29,0
2010,ford,escape xlt 4wd,Excellent,Manual,4,gas,158069,High CC,41,0
2015,toyota,rav4,Excellent,Manual,4,gas,37811,High CC,8,0
2007,chevrolet,tahoe,Excellent,Automatic,8,gas,109269,Avg CC,32,0
2014,ford,expedition xlt 4x4,Excellent,Manual,8,gas,151203,High CC,27,0
2007,ford,f150 xl,Excellent,Manual,6,gas,114000,High CC,16,0
1999,honda,accord,Excellent,Manual,4,gas,214328,Low CC,23,0
2017,ram,promaster,Excellent,Manual,6,gas,116568,Avg CC,42,0
2014,ford,f-150,Excellent,Automatic,8,gas,89642,High CC,31,0
2012,ford,edge,Excellent,Automatic,6,gas,43500,Avg CC,18,0
2004,nissan,sentra,Excellent,Manual,4,gas,180000,Avg CC,22,0
2013,cadillac,ats,Excellent,Automatic,4,gas,87494,Low CC,8,0
2002,ford,escort zx2,salvage,Automatic,4,gas,130653,High CC,25,0
2007,nissan,xterra,Excellent,Manual,6,gas,143625,Avg CC,39,0
2005,toyota,highlander,Excellent,Automatic,4,gas,146543,Low CC,42,0
2005,chevrolet,silverado 1500,Excellent,Manual,8,gas,208000,Avg CC,46,0
1995,pontiac,firebird,Excellent,Manual,6,gas,156000,Avg CC,39,0
2013,chevrolet,silverado 2500,Excellent,Manual,8,gas,71365,Low CC,22,0
2015,jeep,patriot,Excellent,Manual,4,gas,50206,High CC,48,0
2013,mercedes-benz,c-class,Excellent,Automatic,4,gas,74874,Avg CC,35,0
2008,pontiac,grand prix,Excellent,Automatic,6,gas,138123,Avg CC,18,0
2016,dodge,challenger,Excellent,Automatic,8,gas,28691,Avg CC,25,1
2008,mercury,mariner,Excellent,Automatic,6,gas,100725,Avg CC,15,0
2009,chrysler,town country,Excellent,Manual,6,gas,102450,High CC,40,0
2004,subaru,forester 2.5xs,Excellent,Manual,4,gas,210876,High CC,8,0
2016,chevrolet,equinox,Excellent,Automatic,4,gas,86748,Low CC,10,0
2012,hyundai,veloster,Excellent,Automatic,4,gas,87000,Avg CC,43,0
2000,chevrolet,s10,Excellent,Manual,4,gas,58830,Low CC,22,0
2006,acura,rsx,Excellent,Automatic,4,gas,185000,Low CC,23,0
2016,ford,f250 super duty,Excellent,Manual,8,gas,123106,Avg CC,29,0
1997,chrysler,lhs,Excellent,Automatic,6,gas,45600,Avg CC,8,0
1985,cadillac,seville,salvage,Manual,8,gas,143000,Low CC,47,0
1983,alfa-romeo,romeo spider veloce,Excellent,Manual,4,gas,32000,Avg CC,46,0
2009,dodge,challenger r/t,Excellent,Manual,8,gas,109000,Low CC,28,0
2012,bmw,128i 2 dr,Excellent,Automatic,6,gas,64000,High CC,45,0
2016,honda,civic,Excellent,Manual,4,gas,41002,Avg CC,25,0
2002,volkswagen,passat gls 4 door,Excellent,Automatic,4,gas,122153,High CC,5,0
2014,nissan,altima sv,Excellent,Automatic,4,gas,73943,Low CC,19,0
1992,nissan,ud,Excellent,Automatic,6,diesel,123000,High CC,24,0
2012,chevrolet,express,Excellent,Manual,8,gas,187213,Low CC,25,0
2016,gmc,sierra 1500,Excellent,Manual,8,gas,45102,Low CC,35,1
2013,mercedes-benz,c-series c250,Excellent,Automatic,4,gas,65000,Avg CC,26,0
2013,ford,f-150 xlt,Excellent,Automatic,8,gas,114250,Low CC,29,0
2012,jeep,wrangler,Excellent,Automatic,6,gas,125932,Low CC,37,0
2005,chevrolet,silverado 2500,Excellent,Automatic,8,gas,260570,High CC,41,0
2012,ford,edge,Excellent,Automatic,6,gas,136000,High CC,43,0
2013,chevrolet,silverado 1500,Excellent,Automatic,8,gas,121576,Avg CC,10,0
2006,honda,element,Excellent,Automatic,4,gas,150000,Avg CC,42,0
2013,ford,explorer,Excellent,Automatic,6,gas,38014,Avg CC,30,0
2002,gmc,sierra 1500,Excellent,Manual,8,gas,214222,Low CC,17,0
2014,honda,crv,Excellent,Manual,4,gas,122711,Low CC,30,0
2002,subaru,forester,Excellent,Manual,4,gas,187456,High CC,44,0
2008,ford,expedition,Excellent,Automatic,8,gas,105124,Low CC,36,0
2009,honda,cr-v,Excellent,Automatic,4,gas,128000,Avg CC,32,0
2012,chevrolet,express 3500,Excellent,Automatic,8,gas,67995,Low CC,47,0
2011,hyundai,sonata,Excellent,Automatic,4,gas,86905,Avg CC,47,0
2015,dodge,promaster city,Excellent,Manual,6,gas,90000,Low CC,19,0
2013,ford,escape sel,Excellent,Manual,4,gas,157000,Avg CC,47,0
2011,subaru,outback 2.5i awd,Excellent,Automatic,4,gas,137685,Low CC,37,0
2008,mazda,cx-9 grand touring,Excellent,Automatic,6,gas,149005,Avg CC,19,0
2002,dodge,dakota slt,Excellent,Automatic,8,gas,166000,High CC,27,0
2010,toyota,camry se,Excellent,Automatic,6,gas,124099,Low CC,12,0
2000,toyota,sienna,Excellent,Automatic,6,gas,229023,Low CC,35,0
2005,toyota,camry le,Excellent,Automatic,4,gas,104152,Low CC,28,0
2006,infiniti,qx56,Excellent,Manual,8,gas,247000,Avg CC,16,0
2018,ram,promaster city,Excellent,Automatic,4,gas,18075,High CC,8,0
2007,bmw,roadster z4 3.0i,Excellent,Automatic,6,gas,58500,Avg CC,50,0
2016,toyota,tundra 1794 edition,Excellent,Automatic,8,gas,33000,Avg CC,6,1
2012,jeep,grand cherokee laredo,Excellent,Automatic,6,gas,113909,Low CC,32,0
1992,mazda,miata,Excellent,Manual,4,gas,149261,Avg CC,31,0
1988,mitsubishi,mighty max truck,Excellent,Automatic,4,gas,198000,Avg CC,47,0
2015,buick,regal t,Excellent,Automatic,4,gas,27500,Avg CC,8,0
2008,ford,super duty f-350 srw,Excellent,Automatic,8,diesel,138093,Low CC,16,0
2011,ram,1500,Excellent,Manual,8,gas,88179,Low CC,37,0
2005,chevrolet,equinox,Excellent,Manual,6,gas,211488,Avg CC,38,0
2015,mazda,6 touring,Excellent,Manual,4,gas,54700,High CC,8,0
2014,toyota,corolla,Excellent,Automatic,4,gas,97345,Avg CC,46,0
2016,ford,escape,Excellent,Automatic,4,gas,45465,Avg CC,36,0
2016,ford,transit,Excellent,Automatic,6,gas,18900,Avg CC,48,0
2000,mitsubishi,eclipse gs,salvage,Manual,4,gas,185800,Low CC,22,0
2011,ford,ranger,Excellent,Automatic,6,gas,85555,Low CC,27,0
2013,ford,f-250 sd,Excellent,Automatic,8,gas,40866,Avg CC,49,0
2011,mazda,3 i sport,Excellent,Manual,4,gas,161500,High CC,16,0
2013,chevrolet,suburban ltz,Excellent,Manual,8,gas,199000,Low CC,30,0
2013,nissan,altima 2.5 s coupe,Excellent,Manual,4,gas,35158,Low CC,40,0
2011,ford,escape,Excellent,Manual,6,gas,85645,High CC,41,0
2009,ford,econoline wagon,Excellent,Automatic,8,gas,93032,Avg CC,24,0
2009,chevrolet,silverado 1500,Excellent,Automatic,8,gas,161712,Low CC,37,0
2013,ford,f-150,Excellent,Automatic,8,gas,129491,Avg CC,15,1
2009,mercedes-benz,ml350,Excellent,Automatic,6,gas,96421,High CC,30,0
2016,dodge,grand caravan,Excellent,Manual,6,gas,42189,Low CC,38,0
2007,toyota,camry,Excellent,Automatic,4,gas,121696,Avg CC,14,0
2005,hyundai,elantra gt,Excellent,Manual,4,gas,220700,Avg CC,7,0
2005,hyundai,elantra,Excellent,Manual,4,gas,68034,High CC,13,0
2010,honda,crv lx 4wd,Excellent,Manual,4,gas,155343,Avg CC,44,0
2007,chevrolet,tahoe,Excellent,Manual,8,gas,188796,High CC,45,0
2004,chevrolet,suburban,salvage,Automatic,8,gas,217000,Avg CC,49,0
2014,ford,f-250 sd,Excellent,Manual,8,gas,45456,High CC,42,0
2008,dodge,sprinter 2500,Excellent,Automatic,6,diesel,135992,Avg CC,9,0
2005,acura,tl,Excellent,Manual,6,gas,207000,High CC,37,0
2010,gmc,terrain,Excellent,Automatic,6,gas,99360,Low CC,49,0
2005,jeep,liberty,Excellent,Automatic,6,gas,150271,Avg CC,20,0
2011,ford,explorer,Excellent,Automatic,6,gas,94945,Avg CC,18,0
2017,ford,transit,Excellent,Automatic,6,gas,60795,Avg CC,28,1
1954,chevrolet,3100,Excellent,Manual,6,gas,67250,Low CC,42,1
2012,cadillac,srx,Excellent,Automatic,6,gas,91680,Low CC,5,0
2008,audi,a6,Excellent,Manual,8,gas,140000,Avg CC,9,0
2015,hyundai,genesis coupe,Excellent,Automatic,6,gas,82236,Low CC,16,0
2008,chevrolet,express cargo van,Excellent,Manual,8,gas,67100,Low CC,28,0
2014,volkswagen,jetta sedan,Excellent,Automatic,4,diesel,39179,Avg CC,41,0
2004,chrysler,concorde,Excellent,Manual,6,gas,168000,Low CC,16,0
2005,jeep,liberty,Excellent,Automatic,6,gas,130000,Avg CC,34,0
2014,ford,mustang,Excellent,Manual,6,gas,27285,Avg CC,34,0
2014,infiniti,q50,Excellent,Automatic,6,gas,35000,Low CC,39,0
2012,kia,optima lx,salvage,Automatic,4,gas,121000,Low CC,22,0
2002,chevrolet,silverado 1500,Excellent,Manual,8,gas,140677,Avg CC,38,0
2007,ford,freeystyle,Excellent,Automatic,6,gas,148000,Avg CC,6,0
2011,kia,sorento lx,Excellent,Automatic,4,gas,118000,High CC,22,0
2013,chevrolet,silverado 3500,Excellent,Automatic,8,gas,217419,Avg CC,49,0
2011,ford,f-350 sd,Excellent,Manual,8,gas,170359,Avg CC,26,1
2012,nissan,altima 2.5 s,Excellent,Automatic,4,gas,71000,Low CC,15,0
2012,ram,3500,Excellent,Manual,8,diesel,106966,Avg CC,11,1
2012,ford,taurus limited,Excellent,Automatic,6,gas,77571,Low CC,20,0
2003,chevrolet,malibu,Excellent,Manual,6,gas,33100,Avg CC,18,0
2006,jaguar,xj8,Excellent,Manual,8,gas,113489,Low CC,24,0
2000,mercedes-benz,s500,salvage,Automatic,8,gas,190000,Low CC,5,0
1966,ford,mustang coup,Excellent,Automatic,6,gas,120254,Avg CC,36,0
2014,ford,f-250 sd,Excellent,Automatic,8,gas,74566,Avg CC,32,1
2006,toyota,tacoma,Excellent,Manual,6,gas,108000,Avg CC,36,0
2015,gmc,acadia,Excellent,Manual,6,gas,101265,Avg CC,33,0
2005,lexus,es330,Excellent,Automatic,6,gas,134500,Low CC,10,0
2012,chevrolet,silverado,Excellent,Manual,8,gas,103574,Avg CC,14,0
2005,jeep,wrangler lj,Excellent,Automatic,6,gas,99000,Low CC,48,0
2016,volkswagen,tiguan,Excellent,Automatic,4,gas,23981,High CC,19,0
2008,toyota,scion,Excellent,Manual,4,gas,129000,Low CC,5,0
2017,ram,3500,Excellent,Manual,8,gas,41781,Low CC,32,1
2009,mini,cooper,Excellent,Manual,4,gas,74103,Low CC,11,0
2010,toyota,matrix,Excellent,Automatic,4,gas,88527,Low CC,26,0
2016,jeep,unlimited rubicon,Excellent,Automatic,6,gas,26372,Avg CC,11,1
2009,chevrolet,silverado 1500,Excellent,Manual,8,gas,161712,Low CC,10,0
2015,volkswagen,passat,Excellent,Automatic,4,diesel,74489,High CC,24,0
2018,honda,cr-v ex-l,Excellent,Automatic,4,gas,2500,Low CC,7,1
2013,honda,crv-lx,Excellent,Automatic,4,gas,100340,Low CC,15,0
2005,cadillac,deville,Excellent,Manual,8,gas,65000,Avg CC,10,0
2016,chevrolet,equinox,Excellent,Manual,4,gas,30850,Avg CC,26,0
2007,chevrolet,express,Excellent,Automatic,8,gas,70901,Low CC,47,0
2012,volkswagen,gti,Excellent,Manual,4,gas,80000,Avg CC,37,0
2012,chevrolet,silverado 1500,Excellent,Automatic,8,gas,150772,Avg CC,50,0
2016,ford,fiesta se,Excellent,Automatic,4,gas,21027,High CC,48,0
2012,ford,f-250 sd,Excellent,Manual,8,gas,56302,Avg CC,22,0
2015,gmc,sierra 1500,Excellent,Automatic,8,gas,130493,Low CC,18,1
1989,ford,mustang,Excellent,Automatic,8,gas,0,Low CC,42,0
2004,ram,1500,Excellent,Manual,8,gas,162152,Low CC,44,0
1948,chevrolet,fleetmaster,Excellent,Manual,6,gas,82850,Avg CC,21,1
2015,chevrolet,equinox,Excellent,Automatic,6,gas,86000,High CC,32,0
2016,dodge,challenger,Excellent,Manual,8,gas,5016,High CC,20,2
2007,mazda,cx-7,Excellent,Manual,4,gas,168997,Low CC,31,0
2011,chevrolet,equinox,Excellent,Automatic,4,gas,106908,Avg CC,8,0
2017,gmc,sierra 2500 hd,Excellent,Automatic,8,diesel,15435,High CC,24,2
2014,ford,econoline,Excellent,Automatic,8,gas,56556,Low CC,48,0
1979,datsun,280 zx,salvage,Manual,6,gas,0,Avg CC,16,0
2008,chevrolet,colorado 4x4 pickup,Excellent,Automatic,5,gas,118305,Avg CC,19,0
2014,chevrolet,impala limited,Excellent,Manual,6,gas,60027,High CC,10,0
2004,volkswagen,touareg,Excellent,Automatic,6,gas,101047,High CC,30,0
2003,ford,focus,Excellent,Automatic,4,gas,167652,Low CC,22,0
2017,chevrolet,cruze,Excellent,Manual,4,gas,38000,Avg CC,12,0
2015,chevrolet,sonic ltz,Excellent,Automatic,4,gas,71088,Avg CC,40,0
2013,gmc,terrain,Excellent,Automatic,4,gas,121044,Avg CC,11,0
2014,lincoln,navigator,Excellent,Automatic,8,gas,22871,Low CC,25,1
2011,gmc,canyon crew cab,Excellent,Automatic,5,gas,50918,Low CC,30,0
2016,cadillac,srx,Excellent,Automatic,6,gas,34257,High CC,11,1
2016,gmc,sierra 2500hd,Excellent,Automatic,8,diesel,120034,Low CC,15,1
2005,jeep,grand cherokee,Excellent,Manual,6,gas,131424,Avg CC,48,0
2012,ram,2500,Excellent,Automatic,8,gas,216401,Avg CC,9,0
2013,chevrolet,cruze,Excellent,Automatic,4,gas,86000,Avg CC,12,0
2007,pontiac,g6 gt convertible,Excellent,Automatic,6,gas,113409,High CC,42,0
2014,ford,f-150 4x4,Excellent,Automatic,6,gas,145774,Avg CC,49,0
2014,chevrolet,sonic lt,Excellent,Automatic,4,gas,72421,Low CC,7,0
2007,chevrolet,silverado 3500hd,Excellent,Manual,8,diesel,379234,Low CC,40,0
2005,ford,explorer xlt 4wd,Excellent,Manual,6,gas,206693,Avg CC,18,0
2008,chevrolet,impala lt,Excellent,Automatic,6,gas,172000,Low CC,19,0
2010,hyundai,accent,Excellent,Manual,4,gas,41234,Avg CC,22,0
2016,ram,2500,Excellent,Manual,6,diesel,86037,High CC,10,1
2007,acura,tl type-s,Excellent,Automatic,6,gas,145000,Low CC,42,0
2007,ram,1500,Excellent,Automatic,8,gas,99500,Avg CC,38,0
2007,chevrolet,hhr 2wd 4dr lt,Excellent,Automatic,4,gas,136915,Low CC,35,0
2005,ram,2500,Excellent,Automatic,8,gas,160000,Avg CC,46,0
2005,acura,rsx,Excellent,Manual,4,gas,174133,Avg CC,29,0
2017,subaru,crosstrek,Excellent,Manual,4,gas,14042,Low CC,26,0
2009,ford,f 250,Excellent,Manual,8,gas,166000,Avg CC,41,0
2013,chevrolet,malibu,Excellent,Automatic,4,gas,90000,Avg CC,33,0
2006,dodge,durango,Excellent,Automatic,8,gas,132949,Low CC,38,0
2017,ford,explorer,Excellent,Automatic,6,gas,67000,Low CC,36,0
2003,acura,rsx hatchback,Excellent,Manual,4,gas,157960,Avg CC,12,0
2006,gmc,sierra 1500,Excellent,Automatic,8,gas,79935,High CC,22,0
2010,volkswagen,jetta,Excellent,Automatic,4,diesel,205462,Low CC,13,0
2010,bmw,328i,Excellent,Automatic,6,gas,120452,Low CC,31,0
2013,toyota,tacoma,Excellent,Manual,6,gas,155783,Low CC,31,0
2012,bmw,750li,Excellent,Automatic,8,gas,99250,Low CC,9,0
2005,toyota,highlander,Excellent,Automatic,6,gas,111337,Avg CC,39,0
2006,chevrolet,cobalt ss,Excellent,Manual,4,gas,111812,Avg CC,5,0
2015,chevrolet,traverse,Excellent,Automatic,6,gas,86820,Low CC,15,0
2006,subaru,legacy,Excellent,Automatic,4,gas,113575,Low CC,30,0
2006,jeep,cherokee limited,Excellent,Manual,8,gas,89807,Low CC,21,0
2011,ford,f-150,Excellent,Manual,6,gas,101500,Low CC,17,0
2011,gmc,acadia,Excellent,Automatic,6,gas,96997,Low CC,22,0
2015,chrysler,200,Excellent,Manual,4,gas,84378,High CC,49,0
2008,dodge,sprinter 2500,Excellent,Automatic,6,diesel,135992,Avg CC,36,0
2007,mazda,cx-7,Excellent,Automatic,4,gas,117862,Low CC,9,0
2009,buick,g61g2zg57b794142542,Excellent,Manual,4,gas,107500,Low CC,30,0
2015,ford,escape,Excellent,Manual,4,gas,128082,High CC,34,0
2005,gmc,sierra truck 1500,Excellent,Manual,8,gas,123000,Avg CC,28,0
2008,chevrolet,silverado,Excellent,Automatic,8,gas,158144,High CC,10,0
2009,chevrolet,3500 lt crew cab 4 wd,Excellent,Manual,8,diesel,341000,Avg CC,43,0
2014,chevrolet,silverado 1500,Excellent,Automatic,8,gas,47000,Avg CC,20,1
2007,dodge,charger police,Excellent,Automatic,8,gas,108500,Low CC,14,0
2015,jeep,wrangler,Excellent,Manual,6,gas,34419,High CC,6,1
2012,nissan,rouge s,Excellent,Automatic,4,gas,133915,Avg CC,28,0
2014,volkswagen,tiguan,Excellent,Automatic,4,gas,92180,Avg CC,39,0
2012,volkswagen,cc,Excellent,Manual,4,gas,113487,High CC,50,0
2010,lexus,ls 460 l,Excellent,Automatic,8,gas,114000,Avg CC,26,0
2010,toyota,camry,Excellent,Automatic,6,gas,137105,Avg CC,35,0
2013,dodge,dart sxt rallye,Excellent,Automatic,4,gas,117000,High CC,40,0
2014,hyundai,elantra,Excellent,Automatic,4,gas,58791,Avg CC,38,0
2004,nissan,armada,Excellent,Manual,8,gas,201757,Avg CC,40,0
2009,toyota,rav4 limited,Excellent,Automatic,6,gas,133450,Avg CC,37,0
2008,ford,crown victoria,Excellent,Automatic,8,gas,96446,Avg CC,13,0
2006,ford,f-150,Excellent,Automatic,6,gas,112413,High CC,38,0
2010,nissan,maxima,Excellent,Manual,6,gas,144456,High CC,24,0
1997,toyota,4-runner sr5 4x4,Excellent,Automatic,6,gas,363134,Avg CC,19,0
2013,ford,f-150,Excellent,Manual,6,gas,42419,Low CC,33,1
2006,mercedes-benz,sprinter 3500,Excellent,Manual,5,diesel,200000,Avg CC,5,0
2010,cadillac,cts awd,Excellent,Automatic,6,gas,52274,Low CC,47,0
2014,fiat,500l trekking,Excellent,Manual,4,gas,72600,Low CC,45,0
2010,mazda,3 i sport,Excellent,Automatic,4,gas,87637,High CC,17,0
2017,toyota,tacoma trd off road,Excellent,Automatic,6,gas,28482,Low CC,16,1
1997,gmc,savana conversion van,Excellent,Automatic,8,gas,146727,Low CC,50,0
2007,subaru,forrester,Excellent,Automatic,4,gas,175000,Low CC,22,0
2005,ford,explorer xlt 4wd,Excellent,Manual,6,gas,206690,High CC,25,0
2013,ford,f150,Excellent,Manual,6,gas,58652,Avg CC,12,0
2002,honda,accord,Excellent,Automatic,4,gas,125000,Low CC,15,0
2012,volkswagen,gti,Excellent,Automatic,4,gas,130401,Avg CC,43,0
2007,nissan,xterra,Excellent,Automatic,6,gas,101490,Avg CC,37,0
2003,honda,odyssey,Excellent,Automatic,6,gas,223000,High CC,6,0
1996,dodge,dakota,salvage,Automatic,4,gas,137000,High CC,32,0
2015,gmc,sierra 2500hd,Excellent,Manual,8,diesel,188096,Low CC,24,1
2013,ford,f-350 diesel,Excellent,Automatic,8,diesel,25700,Avg CC,39,1
1986,ford,thunderbird,Excellent,Automatic,8,gas,70000,Avg CC,34,0
2012,audi,q5,Excellent,Manual,6,gas,162508,Low CC,28,0
2011,chevrolet,silverado 1500,Excellent,Manual,8,gas,107188,Avg CC,13,0
1997,ram,3500 dually,Excellent,Manual,6,diesel,133000,Avg CC,17,0
2008,buick,lucerne cxl,Excellent,Automatic,6,gas,128178,Avg CC,8,0
2008,dodge,grand caravan,Excellent,Automatic,6,gas,177000,Avg CC,41,0
2004,dodge,durango,Excellent,Automatic,6,gas,177070,Avg CC,34,0
2013,mazda,5,Excellent,Automatic,4,gas,82000,Low CC,10,0
2004,ford,thunderbird,Excellent,Automatic,8,gas,124895,Low CC,20,0
2009,chevrolet,tahoe ls 4x4,Excellent,Automatic,8,gas,131000,Low CC,29,0
2012,mercedes-benz,c-class c 250,Excellent,Automatic,4,gas,71078,High CC,22,0
2007,chevrolet,equinox,Excellent,Manual,6,gas,136538,Avg CC,33,0
2010,ford,fusion,Excellent,Manual,4,gas,123626,Avg CC,11,0
2009,honda,ridgeline,Excellent,Automatic,6,gas,115000,Low CC,41,0
2002,chrysler,prowler,Excellent,Automatic,6,gas,3528,Low CC,7,1
2012,toyota,camry,Excellent,Manual,6,gas,80311,High CC,42,0
2006,gmc,sierra 1500,Excellent,Automatic,8,gas,197317,High CC,42,0
2003,chevrolet,tahoe,Excellent,Automatic,8,gas,121010,Avg CC,28,0
2015,dodge,grand caravan,Excellent,Automatic,6,gas,191257,Low CC,15,0
2011,ford,f250,Excellent,Manual,8,gas,205309,Avg CC,29,0
2007,ford,f150,Excellent,Manual,8,gas,192750,High CC,17,0
2016,bmw,320i,Excellent,Manual,4,gas,25000,Avg CC,13,0
2000,lexus,lx470,Excellent,Automatic,8,gas,187000,Low CC,32,0
2011,cadillac,srx luxury awd,Excellent,Automatic,6,gas,80812,Avg CC,15,0
2014,mitsubishi,outlander gt,Excellent,Automatic,6,gas,101450,Avg CC,33,0
2000,chrysler,town & country limited,Excellent,Manual,6,gas,84197,Avg CC,35,0
2010,honda,fit,Excellent,Automatic,4,gas,127479,Avg CC,40,0
2006,nissan,350 z,Excellent,Automatic,6,gas,49900,Avg CC,7,0
2006,honda,cr-v,Excellent,Automatic,4,gas,192476,Avg CC,29,0
2010,chevrolet,camaro 2ss,Excellent,Automatic,8,gas,68000,Low CC,47,0
2004,ram,2500 mega cab,Excellent,Manual,5,diesel,314384,High CC,16,0
2011,toyota,tundra double cab sr5 4x4,Excellent,Automatic,8,gas,144681,High CC,25,0
2008,dodge,nitro rt,Excellent,Manual,6,gas,142500,Avg CC,9,0
2006,gmc,2500hd slt,Excellent,Manual,8,diesel,332000,Avg CC,38,0
2012,ford,fusion,Excellent,Automatic,6,gas,108838,High CC,18,0
2008,gmc,sierra 2500hd,Excellent,Manual,8,diesel,0,Low CC,45,0
2018,ford,transit cargo,Excellent,Manual,6,gas,74794,Avg CC,9,0
2006,gmc,c4c042,Excellent,Manual,6,diesel,43119,Avg CC,12,1
2011,volkswagen,gti,Excellent,Automatic,4,gas,68000,Low CC,33,0
2006,chevrolet,tahoe,Excellent,Automatic,8,gas,180465,Avg CC,12,0
2000,audi,a6 4.2l,Excellent,Automatic,8,gas,164000,Low CC,7,0
2005,chevrolet,impala,Excellent,Automatic,6,gas,111999,Avg CC,41,0
2015,chevrolet,express van,Excellent,Manual,8,gas,74575,Avg CC,15,0
2013,gmc,sierra 2500hd,Excellent,Automatic,8,diesel,50619,Low CC,29,1
2007,chevrolet,silverado,Excellent,Manual,6,gas,80987,Low CC,37,0
2012,jeep,liberty,Excellent,Automatic,6,gas,102586,Avg CC,29,0
2002,volkswagen,eurovan mv,Excellent,Manual,6,gas,124495,Avg CC,11,0
2007,dodge,dakota,Excellent,Automatic,8,gas,95298,Avg CC,33,0
2009,mitsubishi,galant,Excellent,Automatic,6,gas,145104,Avg CC,17,0
2008,infiniti,g35 journey,Excellent,Automatic,6,gas,143886,Avg CC,46,0
2010,subaru,impreza 2.5i,Excellent,Automatic,4,gas,149000,High CC,22,0
2003,bmw,3-series,Excellent,Automatic,6,gas,81352,High CC,20,0
2015,nissan,quest,Excellent,Automatic,6,gas,64520,Low CC,24,0
2015,nissan,altima s,Excellent,Manual,4,gas,146891,Avg CC,44,0
2011,subaru,outback 2.5i premium,Excellent,Automatic,4,gas,171245,Low CC,5,0
2004,chevrolet,silverado 1500,Excellent,Automatic,8,gas,201454,Low CC,10,0
2011,chrysler,300 sedan,Excellent,Automatic,6,gas,98554,Low CC,38,0
2015,ford,f250,Excellent,Automatic,8,gas,123325,High CC,47,0
2011,gmc,yukon denali,Excellent,Automatic,8,gas,128054,High CC,19,0
2008,chevrolet,silverado 2500hd,Excellent,Manual,8,gas,133876,Avg CC,17,0
2010,chevrolet,express 2500,Excellent,Manual,8,gas,173550,Avg CC,43,0
2014,chevrolet,equinox lt,Excellent,Automatic,4,gas,69977,Low CC,43,0
2014,jeep,patriot latitude,Excellent,Manual,4,gas,70200,High CC,17,0
2016,mercedes-benz,s-class,Excellent,Automatic,8,gas,64787,Low CC,32,1
2008,ford,mustang,Excellent,Automatic,6,gas,116255,Low CC,6,0
2014,dodge,dart,Excellent,Manual,4,gas,75000,High CC,18,0
2011,gmc,sierra 1500,Excellent,Automatic,8,gas,83932,Avg CC,25,0
2012,honda,accord lx,Excellent,Automatic,4,gas,96184,Low CC,44,0
2015,ford,focus,Excellent,Automatic,4,gas,41298,Low CC,8,0
2013,dodge,durango sxt,Excellent,Automatic,6,gas,129091,Low CC,29,0
2012,nissan,frontier,Excellent,Manual,6,gas,124838,Avg CC,13,0
2012,ford,econoline,Excellent,Manual,8,gas,103100,High CC,24,0
2007,chevrolet,silverado classic 2500 hd,Excellent,Automatic,8,diesel,106000,High CC,26,0
1998,ford,f-150 4x4,Excellent,Manual,8,gas,182576,High CC,7,0
2011,ford,transit connect cargo van,Excellent,Automatic,4,gas,88000,Low CC,17,0
2015,volkswagen,jetta,Excellent,Automatic,5,gas,46521,Avg CC,15,0
2014,ford,econoline,Excellent,Automatic,8,gas,19886,High CC,49,0
2016,ford,escape,Excellent,Automatic,4,gas,70425,Avg CC,18,0
2004,cadillac,escalade,Excellent,Automatic,8,gas,56800,Low CC,13,0
2012,buick,enclave,Excellent,Automatic,6,gas,66591,Low CC,23,0
2005,hyundai,tiburon,Excellent,Automatic,6,gas,224447,Low CC,35,0
2014,ford,f150,Excellent,Automatic,8,gas,128718,Low CC,45,0
2008,nissan,maxima,Excellent,Automatic,4,gas,155697,Avg CC,5,0
2016,ford,explorer 4x4,Excellent,Manual,6,gas,92470,Low CC,10,0
2008,infiniti,journey,Excellent,Manual,6,gas,154223,High CC,48,0
2005,chevrolet,k1500,Excellent,Manual,8,gas,155595,Avg CC,7,0
2010,ram,1500,Excellent,Automatic,8,gas,98000,Avg CC,10,0
2002,chevrolet,blazer,Excellent,Automatic,6,gas,73161,High CC,30,0
2006,ford,f-250 sd,Excellent,Manual,8,diesel,189915,Low CC,30,0
2005,chevrolet,silverado 2500hd,Excellent,Manual,8,gas,108545,Avg CC,7,0
1991,cadillac,fleetwood,Excellent,Automatic,8,gas,117000,Low CC,44,0
2010,chevrolet,hhr,Excellent,Automatic,4,gas,138103,Low CC,17,0
2002,toyota,sequoia limited,Excellent,Manual,8,gas,121651,Avg CC,11,0
2011,bmw,5-series,Excellent,Automatic,6,gas,92683,Low CC,36,0
2010,ram,2500 hd,Excellent,Automatic,6,diesel,197500,Avg CC,43,0
2018,chrysler,300,Excellent,Manual,6,gas,23899,High CC,15,0
2015,subaru,outback,Excellent,Manual,4,gas,74628,Low CC,8,0
2000,dodge,dakota,Excellent,Automatic,8,gas,205204,Avg CC,31,0
2016,ram,3500 laramie,Excellent,Manual,8,gas,20700,Low CC,43,1
2015,lincoln,mks,Excellent,Automatic,6,gas,31612,Low CC,28,0
2014,ford,f-150,Excellent,Manual,6,gas,108525,High CC,45,1
2017,gmc,terrain,Excellent,Manual,4,gas,17964,High CC,47,0
2010,dodge,journey,Excellent,Manual,6,gas,153000,Avg CC,36,0
2004,subaru,legacy outback,Excellent,Manual,6,gas,136906,Low CC,47,0
2010,toyota,tundra sr5,Excellent,Manual,8,gas,137000,Low CC,25,0
2008,toyota,4runner limited,Excellent,Manual,6,gas,84833,Avg CC,10,0
1997,jeep,grand cherokee limited,Excellent,Automatic,6,gas,213000,Avg CC,48,0
2014,gmc,sierra slt,Excellent,Automatic,8,gas,30367,Low CC,24,1
2015,nissan,altima,Excellent,Automatic,4,gas,119345,Avg CC,32,0
2009,nissan,rogue,Excellent,Manual,4,gas,153001,Avg CC,28,0
2005,chevrolet,express 2500,Excellent,Automatic,8,gas,263663,Avg CC,6,0
2017,honda,civic ex hatch back,Excellent,Manual,4,gas,13684,Avg CC,47,0
2003,chevrolet,suburban,Excellent,Automatic,8,gas,121569,High CC,16,0
2015,nissan,altima,Excellent,Automatic,4,gas,79900,Avg CC,38,0
2013,ford,f150 fx4 4x4,Excellent,Automatic,6,gas,83382,Low CC,25,1
2014,toyota,rav4,Excellent,Manual,4,gas,83879,High CC,9,0
2000,ford,f250,Excellent,Automatic,8,diesel,285000,Low CC,29,0
2011,mini,cooper 's',Excellent,Automatic,4,gas,136650,Avg CC,40,0
2012,dodge,gran caravan,Excellent,Manual,6,gas,92000,Avg CC,30,0
2003,nissan,xterra,Excellent,Automatic,6,gas,166500,Avg CC,11,0
2013,buick,enclave,Excellent,Automatic,6,gas,108620,Avg CC,18,0
1999,lexus,rx,Excellent,Automatic,6,gas,129976,Low CC,23,0
2012,chevrolet,cruze 1lt,Excellent,Automatic,4,gas,153730,Avg CC,26,0
2015,ford,focus,Excellent,Manual,4,gas,66720,Avg CC,6,0
2007,audi,q7,Excellent,Automatic,6,gas,146805,Low CC,18,0
2003,bmw,325i wagon,Excellent,Automatic,6,gas,218000,Avg CC,11,0
2016,gmc,3500,Excellent,Automatic,8,diesel,73000,Low CC,39,1
2014,gmc,acadia,Excellent,Automatic,6,gas,99850,Low CC,30,0
2011,mercedes-benz,e-class,Excellent,Manual,6,diesel,114053,Avg CC,15,0
2012,volvo,xc90 3.2 awd r-design,Excellent,Manual,6,gas,84875,Avg CC,5,0
2016,ford,fiesta,Excellent,Automatic,4,gas,64803,High CC,44,0
2015,chevrolet,malibu,Excellent,Manual,4,gas,103099,High CC,46,0
2007,ford,edge,Excellent,Automatic,6,gas,185771,Low CC,32,0
2016,nissan,sentra,Excellent,Automatic,4,gas,80000,Low CC,29,0
2006,cadillac,cts,Excellent,Automatic,6,gas,139000,Low CC,12,0
1990,ford,f-super duty,salvage,Automatic,8,diesel,31426,Low CC,6,0
2009,kia,sx 4s,Excellent,Automatic,4,gas,6,Low CC,17,0
2014,ford,econoline,Excellent,Automatic,8,gas,19886,Avg CC,39,0
2007,chevrolet,silverado 2500hd,Excellent,Manual,8,diesel,251116,Avg CC,35,0
2019,toyota,tacoma,Excellent,Manual,6,gas,12135,Low CC,36,1
2001,lexus,es-300 luxury sport sedan,Excellent,Manual,6,gas,194000,Avg CC,11,0
2008,acura,mdx sh-awd 4dr suv,Excellent,Automatic,6,gas,112900,High CC,41,0
1995,toyota,celica gt,Excellent,Manual,4,gas,150037,Low CC,43,0
2008,ford,edge limited,Excellent,Manual,6,gas,156103,Avg CC,39,0
2008,nissan,xterra,Excellent,Manual,6,gas,157596,Low CC,9,0
2015,ford,super duty f-350 drw,Excellent,Automatic,8,diesel,87000,Low CC,40,1
2010,ford,f-150,Excellent,Manual,8,gas,108200,Low CC,34,0
2014,dodge,challenger,Excellent,Manual,8,gas,76885,Avg CC,43,0
2015,toyota,venza xle,Excellent,Manual,6,gas,45900,Low CC,28,0
2008,ford,f450 lariat,Excellent,Automatic,8,diesel,131217,Avg CC,15,0
2010,nissan,altima 2.5s,Excellent,Automatic,4,gas,118000,Avg CC,34,0
2012,nissan,altima,Excellent,Automatic,4,gas,110000,Avg CC,26,0
2002,ford,explorer,salvage,Manual,4,gas,138832,Avg CC,41,0
2005,gmc,sierra 2500hd,Excellent,Automatic,8,gas,120705,High CC,15,0
2014,ford,edge limited,Excellent,Manual,6,gas,91812,High CC,36,0
2017,kia,sportage lx,Excellent,Manual,4,gas,14775,Low CC,39,0
2010,mitsubishi,lancer gts,Excellent,Automatic,4,gas,69665,High CC,17,0
2012,ford,f-150,Excellent,Automatic,8,gas,148122,Avg CC,25,0
2010,hyundai,genesis grand touring,Excellent,Automatic,6,gas,58337,High CC,27,0
2008,dodge,caliber se,Excellent,Automatic,4,gas,136142,Avg CC,42,0
2007,bmw,328i,Excellent,Manual,6,gas,106000,High CC,35,0
2012,nissan,altima,Excellent,Automatic,6,gas,87071,Low CC,42,0
2013,ram,1500,Excellent,Manual,8,gas,108589,Low CC,49,0
2004,ford,f-150,Excellent,Automatic,8,gas,118105,Low CC,44,0
2015,chevrolet,ss,Excellent,Automatic,8,gas,24100,High CC,16,1
2003,gmc,safari,Excellent,Automatic,6,gas,166007,Low CC,33,0
2008,subaru,forester,Excellent,Automatic,4,gas,157000,Low CC,11,0
2007,ford,edge,Excellent,Automatic,6,gas,195708,High CC,50,0
2018,toyota,rav4,Excellent,Automatic,4,gas,36183,Low CC,42,0
2010,audi,a4,Excellent,Automatic,4,gas,65886,Low CC,27,0
2000,toyota,sienna xle,Excellent,Automatic,6,gas,216000,High CC,40,0
2016,chrysler,town&country,Excellent,Manual,6,gas,59198,Avg CC,20,0
2012,volkswagen,jetta wagon,Excellent,Automatic,4,diesel,57809,Low CC,20,0
2013,jaguar,xf,Excellent,Manual,6,gas,87235,Low CC,38,0
2013,ford,escape,Excellent,Automatic,4,gas,28759,Low CC,8,0
2011,volkswagen,routan se,Excellent,Automatic,6,gas,95390,High CC,13,0
2002,gmc,sierra 1500,Excellent,Manual,8,gas,162900,High CC,34,0
2004,toyota,sequoia limited,Excellent,Automatic,8,gas,239000,Avg CC,28,0
2009,subaru,forester 2.5,Excellent,Manual,4,gas,68644,Low CC,5,0
2005,honda,element,Excellent,Automatic,4,gas,84600,Low CC,8,0
2010,ford,f-150,Excellent,Manual,8,gas,150609,Avg CC,48,0
2016,cadillac,escalade,Excellent,Manual,8,gas,22587,High CC,12,2
2005,cadillac,deville,Excellent,Automatic,8,gas,135301,Low CC,50,0
2016,bmw,4 series 428i,Excellent,Manual,4,gas,34278,Avg CC,20,1
1997,dodge,dakota slt,Excellent,Manual,8,gas,130094,High CC,50,0
2016,volkswagen,tiguan,Excellent,Manual,4,gas,30532,Avg CC,18,0
2003,gmc,yukonxl,Excellent,Automatic,8,gas,174126,Low CC,25,0
2004,nissan,armada pathfinder,salvage,Automatic,8,gas,151025,Low CC,35,0
2018,chevrolet,silverado lt 4x4,Excellent,Automatic,8,gas,19201,High CC,16,1
2010,ford,flex limited,Excellent,Manual,6,gas,105491,Avg CC,28,0
2004,ford,f-250 4wd diesel cheap priced to sell,Excellent,Manual,8,diesel,304306,Avg CC,27,0
2016,toyota,tacoma,Excellent,Automatic,6,gas,47200,Avg CC,32,1
2007,gmc,sierra 2500 4x4,Excellent,Manual,8,diesel,169053,Avg CC,48,0
2007,honda,civic,Excellent,Manual,4,gas,161000,Low CC,12,0
2010,ford,f-150,Excellent,Manual,8,gas,154904,Avg CC,50,0
2014,cadillac,srx luxury collection,Excellent,Automatic,6,gas,42301,Avg CC,47,0
2011,dodge,avenger express,Excellent,Automatic,4,gas,135076,Avg CC,37,0
2011,toyota,tundra,Excellent,Automatic,8,gas,69974,Avg CC,37,0
2013,nissan,maxima,Excellent,Automatic,6,gas,98118,Avg CC,44,0
2016,subaru,wrx,Excellent,Automatic,4,gas,34500,Low CC,5,1
2013,gmc,sierra 3500hd sle,Excellent,Automatic,8,gas,73319,Avg CC,22,1
2006,toyota,avalon,Excellent,Manual,6,gas,205000,Low CC,11,0
2016,hyundai,sonata,Excellent,Automatic,4,gas,93104,High CC,6,0
2014,nissan,altima sv,Excellent,Automatic,4,gas,73943,Avg CC,39,0
2014,chrysler,300c hemi awd,Excellent,Automatic,8,gas,77749,Low CC,5,0
2015,subaru,forester,Excellent,Manual,4,gas,25222,Avg CC,34,0
2011,mercedes-benz,c-class,Excellent,Manual,6,gas,190000,Low CC,27,0
2009,toyota,corolla,Excellent,Automatic,4,gas,112600,Avg CC,17,0
2005,toyota,highlander,Excellent,Automatic,6,gas,130135,High CC,48,0
2008,subaru,impreza wrx,Excellent,Automatic,4,gas,103591,Avg CC,35,0
2004,buick,rendevous,salvage,Automatic,6,gas,211670,High CC,28,0
2011,nissan,titan,Excellent,Manual,8,gas,110466,Low CC,37,0
2010,ram,1500 slt,Excellent,Automatic,8,gas,111153,Avg CC,42,0
2012,hyundai,santa fe,Excellent,Automatic,4,gas,184000,High CC,36,0
2007,gmc,sierra classic 2500hd,Excellent,Automatic,8,diesel,205938,Low CC,30,0
2007,lexus,es 350,Excellent,Manual,6,gas,121500,High CC,7,0
2001,gmc,sierra 2500hd slt,Excellent,Automatic,8,gas,63468,Avg CC,9,0
2013,volvo,s60 t5 awd,Excellent,Automatic,5,gas,91146,Avg CC,21,0
2012,dodge,grand caravan se,Excellent,Automatic,6,gas,27199,Avg CC,15,0
2011,dodge,dakota,Excellent,Manual,8,gas,119673,Avg CC,48,0
2015,buick,encore,Excellent,Automatic,4,gas,18000,High CC,23,0
2010,mercedes-benz,benz c63,Excellent,Automatic,8,gas,60500,Avg CC,28,0
2010,jeep,wrangler,Excellent,Manual,6,gas,82390,Avg CC,41,0
2002,lincoln,continental,Excellent,Automatic,8,gas,86300,Avg CC,47,0
2018,chevrolet,silverado lt 4x4,Excellent,Automatic,8,gas,30030,Avg CC,31,1
2007,toyota,sequoia,Excellent,Automatic,8,gas,201512,Avg CC,46,0
2014,ford,escape se,Excellent,Automatic,4,gas,113000,Low CC,11,0
2010,toyota,sienna xle,Excellent,Manual,6,gas,170000,Low CC,35,0
2014,nissan,altima,Excellent,Manual,4,gas,0,Avg CC,22,0
2005,nissan,maxima,salvage,Manual,6,gas,158000,Avg CC,13,0
2016,honda,accord sport,Excellent,Manual,4,gas,88118,Avg CC,15,0
2014,chevrolet,silverado lt,Excellent,Manual,8,gas,124052,Avg CC,42,0
2011,chevrolet,impala,Excellent,Automatic,6,gas,155664,Avg CC,32,0
2017,ram,laramie turbo diesel,Excellent,Automatic,6,diesel,13800,Avg CC,19,1
2004,nissan,murano,Excellent,Manual,6,gas,160000,Low CC,20,0
2005,honda,accord lx,Excellent,Manual,6,gas,230313,Avg CC,27,0
2018,honda,civic lx,Excellent,Automatic,4,gas,17599,Avg CC,10,0
2006,ford,f-750,Excellent,Automatic,6,diesel,38178,High CC,38,0
2004,toyota,corolla,salvage,Manual,4,gas,299999,High CC,50,0
1996,ford,f-350 chassis cab,Excellent,Automatic,8,diesel,132104,Low CC,21,0
2009,ford,focus ses,Excellent,Manual,4,gas,149000,Avg CC,38,0
2007,lexus,es,Excellent,Automatic,6,gas,94449,Avg CC,14,0
2012,ford,focus,Excellent,Automatic,4,gas,108759,Low CC,21,0
2011,ford,f-350 sd,Excellent,Automatic,8,gas,166459,High CC,18,0
2005,cadillac,srx,Excellent,Automatic,4,gas,168384,Avg CC,31,0
2002,ford,escape,Excellent,Manual,4,gas,170000,Avg CC,49,0
2010,ram,1500 sport,Excellent,Manual,8,gas,151644,Low CC,31,0
2015,jeep,grand cherokee,Excellent,Manual,6,gas,37528,Low CC,42,0
2017,chevrolet,silverado 3500hd,Excellent,Manual,8,diesel,48789,Low CC,15,1
2005,ford,f25 super duty,Excellent,Automatic,8,diesel,230000,High CC,7,0
2012,nissan,frontier,Excellent,Automatic,6,gas,71650,Avg CC,44,0
2013,honda,accord,Excellent,Automatic,4,gas,168281,Low CC,17,0
2006,subaru,wrx,Excellent,Automatic,4,gas,156000,High CC,39,0
2018,chevrolet,tahoe,Excellent,Manual,8,gas,21991,Low CC,42,1
2007,chevrolet,impala,Excellent,Manual,6,gas,130741,Low CC,31,0
2014,toyota,camry xle,Excellent,Manual,4,gas,11162,Low CC,14,0
2017,honda,accord 2-door coupe,Excellent,Manual,6,gas,2500,High CC,47,0
2017,kia,forte,Excellent,Automatic,4,gas,19814,Low CC,27,0
2008,kia,sedona lx,Excellent,Manual,6,gas,150000,Low CC,49,0
2010,ford,focus se,Excellent,Automatic,4,gas,137148,Avg CC,15,0
2008,volvo,s60 2.5t,Excellent,Manual,5,gas,124052,High CC,20,0
2007,gmc,yukon denali xl awd,Excellent,Manual,8,gas,199664,Avg CC,38,0
2008,toyota,sequoia limited 4x4,Excellent,Automatic,8,gas,88498,Low CC,17,0
2014,chrysler,town and country,Excellent,Automatic,6,gas,84000,Avg CC,12,0
2005,dodge,caravan,Excellent,Manual,6,gas,142056,Low CC,29,0
2010,subaru,legacy,Excellent,Automatic,4,gas,147523,Avg CC,40,0
2012,ford,super duty f-350 drw,Excellent,Manual,8,diesel,64805,Avg CC,50,1
2013,ford,fusion se,Excellent,Automatic,4,gas,96900,Avg CC,43,0
2009,cadillac,dts,Excellent,Automatic,8,gas,180235,Avg CC,25,0
2007,hyundai,santa fe limited,Excellent,Automatic,6,gas,137200,Avg CC,32,0
2005,toyota,4runner,Excellent,Manual,6,gas,227780,Avg CC,34,0
2008,ford,f-150,Excellent,Automatic,8,gas,110274,Avg CC,19,0
2018,ford,super duty f-250,Excellent,Automatic,8,diesel,64886,High CC,37,1
2013,ford,taurus,Excellent,Automatic,6,gas,175302,Low CC,18,0
2011,ford,econoline,Excellent,Automatic,8,gas,95067,Low CC,37,0
2010,nissan,altima,Excellent,Automatic,4,gas,89802,Low CC,16,0
2010,dodge,challenger,Excellent,Automatic,8,gas,27151,High CC,25,0
2002,mazda,protege,salvage,Manual,4,gas,176000,High CC,27,0
2008,bmw,328 i,Excellent,Automatic,6,gas,178600,Low CC,6,0
2004,honda,crv ex awd,salvage,Automatic,4,gas,352900,Low CC,9,0
1994,ford,f350,Excellent,Manual,8,gas,167000,Low CC,38,0
2011,buick,enclave,Excellent,Manual,6,gas,126688,Low CC,19,0
2009,jeep,wrangler 4x4,Excellent,Automatic,6,gas,151598,Avg CC,6,0
2004,subaru,outback,Excellent,Automatic,6,gas,224000,Avg CC,21,0
1995,toyota,wagon,salvage,Manual,4,gas,213000,Avg CC,39,0
2003,honda,accord,Excellent,Automatic,4,gas,150345,High CC,39,0
2008,ford,f450,Excellent,Manual,8,diesel,188765,Low CC,26,0
2011,toyota,tacoma,Excellent,Manual,6,gas,189321,Low CC,22,0
2013,dodge,challenger,Excellent,Manual,8,gas,55974,Low CC,15,0
2011,honda,element ex,Excellent,Manual,4,gas,119693,Avg CC,11,0
2000,dodge,dakota sport 4x4,salvage,Manual,8,gas,152057,Low CC,17,0
2005,toyota,4runner,Excellent,Automatic,6,gas,226917,Low CC,19,0
2016,bmw,340ix,Excellent,Automatic,6,gas,18000,Avg CC,15,1
1996,saturn,sl1,salvage,Automatic,4,gas,340000,Avg CC,34,0
2008,ford,f250,Excellent,Automatic,8,diesel,133124,Avg CC,39,0
2005,ram,1500,Excellent,Manual,8,gas,186564,Avg CC,25,0
2018,honda,crv exl suv,Excellent,Automatic,4,gas,1760,Low CC,34,1
2002,buick,regal ls,Excellent,Automatic,6,gas,165000,Low CC,22,0
2014,ford,edge limited awd,Excellent,Manual,6,gas,73000,High CC,30,0
2006,ford,f-250 sd,Excellent,Automatic,8,diesel,240573,Avg CC,9,0
2013,ford,fusion hybrid se,Excellent,Manual,4,gas,50094,Low CC,38,0
2013,chevrolet,express cargo van,Excellent,Manual,8,gas,130960,High CC,38,0
2014,chevrolet,silverado 1500,Excellent,Automatic,8,gas,120717,Low CC,23,1
2006,honda,pilot ex-l,Excellent,Automatic,6,gas,120237,Avg CC,43,0
2013,ford,f-150,Excellent,Automatic,8,gas,43198,Avg CC,45,0
2005,chevrolet,trailblazer ls,Excellent,Manual,6,gas,190000,Avg CC,13,0
2014,chevrolet,silverado 1500 ltz,Excellent,Manual,8,gas,131314,Avg CC,12,0
2007,chevrolet,express,Excellent,Automatic,8,gas,70901,Low CC,13,0
2015,chevrolet,traverse,Excellent,Manual,6,gas,49261,Low CC,32,0
1994,chevrolet,c/k 1500,Excellent,Manual,8,gas,89094,High CC,16,0
2015,toyota,corolla,Excellent,Automatic,4,gas,30321,Avg CC,48,0
2011,audi,a3 2.0t,Excellent,Manual,4,diesel,101000,Low CC,22,0
2011,chevrolet,silverado 1500,Excellent,Automatic,8,gas,122213,Avg CC,18,0
2014,jeep,wrangler unlimited,Excellent,Manual,6,gas,36000,Low CC,6,1
2003,mercedes-benz,benz s500,Excellent,Manual,8,gas,161175,Low CC,23,0
1992,jeep,wrangler,Excellent,Automatic,4,gas,227606,Avg CC,26,0
2006,ford,f-750,Excellent,Manual,6,diesel,38178,Low CC,38,0
2011,chevrolet,malibu,Excellent,Manual,6,gas,131000,Low CC,14,0
2010,mazda,miata gt,Excellent,Manual,4,gas,92908,Low CC,46,0
2008,nissan,altima 2.5 s,Excellent,Automatic,4,gas,84112,Avg CC,9,0
2006,ford,escape xls,Excellent,Automatic,4,gas,116000,High CC,30,0
2012,mazda,mazda3,Excellent,Automatic,4,gas,52041,Avg CC,45,0
2002,hyundai,santa fe,Excellent,Manual,4,gas,168436,Low CC,11,0
2008,infiniti,g37 s,Excellent,Automatic,6,gas,119893,Avg CC,31,0
2011,chevrolet,silverado 2500hd,Excellent,Manual,8,gas,69000,High CC,8,1
2003,dodge,dakota v8 magum,Excellent,Automatic,8,gas,156789,Avg CC,26,0
2013,lincoln,mks,Excellent,Manual,6,gas,62519,Low CC,5,0
2008,jeep,wrangler,Excellent,Automatic,6,gas,149905,Low CC,14,0
2014,ford,explorer limited,Excellent,Automatic,6,gas,92919,Low CC,10,0
2008,toyota,highlander,Excellent,Automatic,6,gas,149499,Avg CC,8,0
2013,ford,f150,Excellent,Automatic,6,gas,95819,High CC,44,0
2016,ford,explorer,Excellent,Manual,6,gas,41000,Avg CC,23,1
2005,chevrolet,silverado 1500,Excellent,Manual,8,gas,160227,Low CC,27,0
2006,ford,mustang,Excellent,Automatic,8,gas,187554,Avg CC,13,0
2011,ram,1500 sport,Excellent,Automatic,8,gas,156732,Low CC,45,0
2004,honda,pilot,salvage,Manual,6,gas,211000,Avg CC,5,0
2006,ford,f250,Excellent,Manual,8,diesel,99842,Low CC,41,0
1988,chevrolet,beretta,Excellent,Automatic,6,gas,97000,Low CC,48,0
2012,nissan,titan pro-4x,Excellent,Automatic,8,gas,91312,Low CC,40,0
2010,kia,rio lx,Excellent,Automatic,4,gas,121000,Avg CC,11,0
2008,toyota,rav4,Excellent,Automatic,4,gas,179242,Avg CC,36,0
2001,ford,ranger,Excellent,Automatic,6,gas,140000,Avg CC,35,0
2016,chevrolet,silverado 1500,Excellent,Manual,8,gas,45045,High CC,13,0
2012,ford,f-450,Excellent,Automatic,8,diesel,266001,Avg CC,26,0
2002,toyota,camry,Excellent,Automatic,6,gas,188891,High CC,9,0
2009,ford,f-250,Excellent,Automatic,6,diesel,112762,Avg CC,36,0
2004,mini,cooper,Excellent,Manual,4,gas,94499,Low CC,23,0
2013,chevrolet,suburban lt 1500,Excellent,Automatic,8,gas,101094,High CC,39,0
2012,ford,f-350 sd,Excellent,Automatic,8,gas,126062,Low CC,16,1
2005,chevrolet,suburban,Excellent,Manual,8,gas,288000,Avg CC,24,0
2012,bmw,x5,Excellent,Automatic,6,gas,92185,Avg CC,14,0
2008,toyota,tundra,Excellent,Automatic,8,gas,154816,Low CC,23,0
2016,chevrolet,equinox lt,Excellent,Manual,4,gas,35546,Low CC,13,0
2008,chevrolet,avalanche 1500,Excellent,Manual,8,gas,149159,Low CC,9,0
2010,ford,f-150,Excellent,Manual,8,gas,99740,Avg CC,32,0
2003,toyota,sequoia,Excellent,Manual,8,gas,178082,Low CC,14,0
2012,ford,f-250 sd,Excellent,Automatic,8,gas,194100,Avg CC,25,0
2008,volvo,s60,Excellent,Manual,5,gas,123200,Avg CC,18,0
2014,chevrolet,cruze,Excellent,Automatic,4,gas,48402,Avg CC,34,0
2009,chevrolet,1500 express,Excellent,Automatic,6,gas,248000,Low CC,21,0
2006,nissan,maxima,salvage,Automatic,6,gas,181541,High CC,18,0
2016,kia,soul +,Excellent,Manual,4,gas,54000,Avg CC,26,0
2015,gmc,yukon,Excellent,Manual,8,gas,124192,Avg CC,40,1
2008,ford,f-250 4wd diesel rust free texas truck,Excellent,Automatic,8,diesel,209125,Avg CC,35,0
2015,ford,super duty f-250 srw,Excellent,Automatic,8,gas,152629,Low CC,42,0
2015,ford,taurus limited,Excellent,Automatic,6,gas,69000,Low CC,40,0
2015,acura,ilx w/ tech package,Excellent,Manual,4,gas,22047,Low CC,14,0
2001,ferrari,360 spider,Excellent,Manual,8,gas,33999,Low CC,15,2
2004,ford,f-150 lariat,Excellent,Manual,8,gas,164650,Low CC,26,0
2003,ram,1500,Excellent,Automatic,6,gas,184000,Low CC,12,0
2015,gmc,sierra 1500,Excellent,Automatic,8,gas,26027,High CC,30,1
2006,ford,f-350 sd,Excellent,Automatic,8,diesel,213937,Low CC,29,0
2016,toyota,camry,Excellent,Manual,4,gas,41177,Avg CC,30,0
2007,chevrolet,corvette cpe,Excellent,Automatic,8,gas,84914,Avg CC,26,0
2014,nissan,xterra x,Excellent,Automatic,6,gas,96000,Low CC,9,0
2012,ford,super duty f-250 srw,Excellent,Manual,8,gas,100211,Low CC,38,0
2008,chevrolet,tahoe ltz,Excellent,Automatic,8,gas,169061,High CC,45,0
1997,toyota,camry le,Excellent,Automatic,4,gas,171789,High CC,28,0
2014,hyundai,sonata,Excellent,Automatic,4,gas,95000,Low CC,31,0
2005,jeep,liberty,Excellent,Automatic,6,gas,161364,Low CC,48,0
2003,chevrolet,suburban,Excellent,Automatic,8,gas,266102,Avg CC,10,0
2007,chevrolet,silverado 1500,Excellent,Manual,8,gas,148430,Low CC,27,0
2011,bmw,"3 series,",Excellent,Automatic,6,gas,80645,Low CC,45,0
2004,ford,expedition,Excellent,Manual,8,gas,212000,Low CC,16,0
2013,chevrolet,silverado,Excellent,Manual,8,gas,46052,Low CC,13,0
2014,nissan,altima,Excellent,Automatic,4,gas,93116,High CC,28,0
2010,jeep,cherokee,Excellent,Manual,6,gas,66365,Low CC,18,0
2014,ford,mustang,Excellent,Automatic,6,gas,104470,Avg CC,26,0
2015,subaru,outback,Excellent,Automatic,4,gas,47082,High CC,36,0
2017,gmc,sierra 1500,Excellent,Manual,8,gas,48979,Low CC,17,1
2012,chevrolet,traverse,Excellent,Manual,6,gas,126577,High CC,47,0
2007,cadillac,escalade ext,Excellent,Automatic,8,gas,115598,High CC,19,0
2004,chevrolet,c4e042,Excellent,Automatic,8,diesel,201744,Low CC,5,0
2003,ford,f-150 supercrew,Excellent,Automatic,8,gas,160999,Avg CC,42,0
2015,ford,f-150,Excellent,Automatic,6,gas,114342,Low CC,37,1
2007,gmc,sierra 1500,Excellent,Automatic,8,gas,109773,Low CC,48,0
2012,jeep,liberty sport,Excellent,Automatic,6,gas,153216,Low CC,33,0
2014,gmc,sierra 1500,Excellent,Automatic,8,gas,94818,Low CC,21,0
2014,nissan,rogue,Excellent,Automatic,4,gas,51690,Avg CC,36,0
2000,buick,century custom,Excellent,Automatic,6,gas,95000,Avg CC,20,0
2011,dodge,charger,Excellent,Automatic,6,gas,68459,Avg CC,10,0
2015,ram,2500,Excellent,Manual,8,gas,38986,Avg CC,23,1
1999,volkswagen,golf,salvage,Automatic,4,gas,205000,High CC,7,0
2008,bmw,750li 2008,Excellent,Automatic,8,gas,119,Avg CC,41,0
2012,jeep,liberty,Excellent,Automatic,6,gas,135241,Low CC,16,0
1991,chevrolet,c/k3500,Excellent,Automatic,8,gas,133363,Low CC,47,0
2017,kia,soul+,Excellent,Automatic,4,gas,9750,Avg CC,23,0
2007,bmw,3 series,Excellent,Automatic,6,gas,135787,Avg CC,43,0
2011,chevrolet,impala lt,Excellent,Manual,6,gas,155000,Low CC,34,0
2011,chevrolet,avalanche ltz,Excellent,Automatic,8,gas,116175,Avg CC,41,0
2015,ford,f150,Excellent,Manual,8,gas,22900,Low CC,8,1
2007,chevrolet,avalanche 1500,Excellent,Automatic,8,gas,79716,Avg CC,6,0
2012,ford,escape 4wd xlt,Excellent,Manual,4,gas,70815,Avg CC,49,0
2015,ford,f-350,Excellent,Automatic,8,diesel,168061,Low CC,25,1
2013,ford,focus se,Excellent,Manual,4,gas,27760,Avg CC,11,0
2011,cadillac,srx luxuryawd,Excellent,Manual,6,gas,80812,Low CC,39,0
2004,nissan,maxima se,salvage,Automatic,6,gas,132525,Low CC,40,0
2008,ford,f-150 xlt,Excellent,Manual,8,gas,122728,Avg CC,6,0
2002,nissan,altima,Excellent,Automatic,4,gas,99241,Low CC,11,0
2007,jeep,patriot limited,Excellent,Manual,4,gas,222923,Avg CC,26,0
2000,volvo,v7o awd wagon,Excellent,Automatic,6,gas,129000,Low CC,5,0
2006,gmc,canyon sle,Excellent,Manual,5,gas,150771,Avg CC,42,0
1999,chevrolet,malibu,Excellent,Automatic,6,gas,138000,High CC,41,0
2011,ford,explorer,Excellent,Manual,6,gas,108000,Avg CC,40,0
2004,saturn,ion,Excellent,Automatic,4,gas,183447,Avg CC,35,0
2010,chevrolet,silverado 1500,Excellent,Manual,8,gas,71137,High CC,41,0
1982,cadillac,eldorado,Excellent,Manual,8,diesel,20630,Avg CC,20,0
2006,toyota,camry solara,Excellent,Automatic,4,gas,173687,Low CC,25,0
2011,ford,f150,Excellent,Automatic,6,gas,116000,High CC,21,0
2011,ford,fusion se,Excellent,Manual,4,gas,91183,Low CC,39,0
2003,chevrolet,silverado,Excellent,Manual,8,diesel,161300,Avg CC,8,0
2012,infiniti,g37 sedan,Excellent,Automatic,6,gas,82000,High CC,36,0
2010,bmw,650i,Excellent,Manual,8,gas,65000,Avg CC,11,0
2012,subaru,outback,Excellent,Automatic,6,gas,37800,Low CC,11,0
2010,ford,escape,Excellent,Automatic,4,gas,110169,High CC,21,0
2002,ford,explorer sport trac,Excellent,Automatic,6,gas,180000,High CC,49,0
2008,volkswagen,jetta 2.5,Excellent,Manual,5,gas,130000,Low CC,26,0
2014,chevrolet,equinox lt fwd,Excellent,Automatic,4,gas,55043,Avg CC,36,0
2008,hyundai,elantra gls,Excellent,Automatic,4,gas,104700,Low CC,40,0
2009,pontiac,g8,Excellent,Automatic,6,gas,135429,High CC,20,0
2009,mercedes-benz,e350,Excellent,Automatic,6,gas,105564,Low CC,29,0
2012,volkswagen,golf,Excellent,Manual,4,diesel,134955,Low CC,9,0
2013,bmw,5 series 528i,Excellent,Automatic,4,gas,75000,Avg CC,41,0
2013,ford,fusion,Excellent,Automatic,4,gas,65523,Avg CC,9,0
2008,jeep,wrangler sahara,Excellent,Manual,6,gas,110687,Avg CC,50,0
2010,chevrolet,silverado 2500hd,Excellent,Automatic,8,diesel,195000,Avg CC,24,0
2014,ford,f-150,Excellent,Manual,6,gas,98838,Avg CC,18,0
2019,ram,truck,Excellent,Automatic,8,gas,14000,Avg CC,43,1
2018,nissan,kicks,Excellent,Manual,4,gas,16750,Low CC,14,0
2008,ford,ranger xl,Excellent,Automatic,6,gas,118035,High CC,41,0
2016,ford,escape se,Excellent,Automatic,4,gas,142278,Avg CC,50,0
2013,mazda,miata,Excellent,Manual,4,gas,22250,Low CC,14,0
2004,subaru,outback,Excellent,Manual,4,gas,180000,Low CC,24,0
1995,chevrolet,caprice,Excellent,Manual,8,gas,149000,Avg CC,18,0
2010,toyota,sienna xle,Excellent,Automatic,6,gas,170000,Low CC,48,0
2008,ram,1500 st trx4,Excellent,Manual,8,gas,141500,Low CC,33,0
2017,nissan,rogue s,Excellent,Manual,4,gas,40200,Low CC,43,0
2010,lincoln,mkt,Excellent,Manual,6,gas,105095,Avg CC,24,0
2014,ford,econoline,Excellent,Manual,8,gas,19886,Low CC,36,0
2007,ford,f-150,Excellent,Manual,8,gas,170038,Low CC,25,0
2003,chevrolet,silverado,Excellent,Automatic,6,gas,171000,Avg CC,28,0
1973,chevrolet,custom deluxe 20,Excellent,Manual,8,gas,147920,Avg CC,25,0
2010,mercury,milan,Excellent,Manual,6,gas,73000,Avg CC,20,0
2017,ford,f-250 4x4 lifted,Excellent,Manual,8,diesel,735,Low CC,50,2
2007,chevrolet,silverado z71 4x4,Excellent,Automatic,8,gas,115418,Avg CC,31,0
2000,ford,f-150,Excellent,Automatic,6,gas,164693,High CC,25,0
2008,chevrolet,corvette,Excellent,Automatic,8,gas,105735,High CC,30,0
2012,volkswagen,cc,Excellent,Manual,4,gas,76179,Avg CC,7,0
2001,lincoln,continentel,Excellent,Automatic,8,gas,146692,Low CC,21,0
2011,subaru,outback limited 3.6r,Excellent,Automatic,6,gas,93000,Avg CC,20,0
2007,ram,2500 slt,Excellent,Manual,6,diesel,157000,Avg CC,10,0
2008,infiniti,qx56,Excellent,Manual,8,gas,187000,Low CC,36,0
2006,hyundai,santa fe,Excellent,Automatic,6,gas,183000,Avg CC,32,0
1995,ford,f350,Excellent,Automatic,8,gas,138000,Low CC,10,0
2012,honda,civic lx,Excellent,Manual,4,gas,112695,Low CC,29,0
2001,ford,f150 lariat,Excellent,Automatic,8,gas,175000,Low CC,6,0
2009,mercedes-benz,benz e350,Excellent,Automatic,6,gas,185000,High CC,34,0
2017,chevrolet,cruze,Excellent,Automatic,4,gas,22407,Low CC,35,0
2005,ram,slt crew cab,Excellent,Automatic,8,gas,174422,Low CC,32,0
2010,bmw,x5,Excellent,Manual,6,gas,130050,High CC,44,0
2011,chevrolet,camaro ss,Excellent,Automatic,8,gas,23906,Avg CC,16,0
2012,volkswagen,passat tdi,Excellent,Automatic,4,gas,84500,Low CC,9,0
2001,jeep,grand cherokee,Excellent,Manual,8,gas,165000,Avg CC,27,0
2010,lincoln,mkz,Excellent,Manual,6,gas,80964,Low CC,5,0
2005,ford,f250 super duty,Excellent,Automatic,8,diesel,195483,Avg CC,13,0
2005,chevrolet,avalanche z71,Excellent,Manual,8,gas,164000,Low CC,37,0
2007,ram,megacab slt 2500,Excellent,Automatic,6,diesel,142000,Low CC,12,0
2012,ford,f-250 f250,Excellent,Manual,8,gas,48000,Avg CC,46,1
2010,ford,focus,Excellent,Automatic,4,gas,110162,Avg CC,35,0
2002,buick,lesabre limited,Excellent,Automatic,6,gas,40912,Low CC,17,0
2009,subaru,impreza 2.5,Excellent,Automatic,4,gas,121718,Low CC,16,0
2009,subaru,forester,Excellent,Manual,4,gas,114948,Avg CC,35,0
1970,chevrolet,caprice,Excellent,Manual,8,gas,35000,Avg CC,42,0
2006,chevrolet,trailblazer,Excellent,Manual,6,gas,104345,Low CC,50,0
2001,ram,2500,Excellent,Automatic,6,diesel,112205,High CC,24,0
2011,nissan,juke,Excellent,Manual,4,gas,93050,Low CC,7,0
2015,toyota,rav4 xle,Excellent,Manual,4,gas,91000,Avg CC,43,0
2013,ford,f150,Excellent,Automatic,6,gas,27024,Low CC,5,0
2014,dodge,charger,Excellent,Automatic,8,gas,102550,Low CC,49,0
2017,dodge,journey,Excellent,Automatic,6,gas,50000,High CC,17,0
2005,subaru,outback,Excellent,Manual,4,gas,132207,Low CC,49,0
2016,kia,optima,Excellent,Automatic,4,gas,59628,Low CC,32,0
2015,nissan,rogue,Excellent,Automatic,4,gas,103776,High CC,7,0
2012,kia,soul,Excellent,Automatic,4,gas,73000,Avg CC,23,0
2007,chevrolet,tahoe,Excellent,Automatic,8,gas,105039,Low CC,31,0
2014,lexus,ls460,Excellent,Automatic,8,gas,45900,Avg CC,39,1
2012,toyota,tacoma,Excellent,Automatic,4,gas,184843,High CC,45,0
2013,gmc,sierra 1500,Excellent,Manual,8,gas,84190,Low CC,49,0
2015,toyota,tundra,Excellent,Manual,8,gas,48617,Avg CC,22,1
1998,ford,mustang,Excellent,Automatic,6,gas,140000,Avg CC,46,0
2011,ford,fusion,Excellent,Manual,4,gas,85049,High CC,35,0
2016,dodge,journey,Excellent,Automatic,6,gas,42184,High CC,17,0
2002,chevrolet,silverado 2500hd,Excellent,Automatic,8,gas,101140,Low CC,7,0
2010,dodge,grand caravan se,Excellent,Manual,6,gas,136000,Low CC,11,0
2015,ford,taurus,Excellent,Automatic,6,gas,32183,Low CC,36,0
2007,honda,odyssey ex,Excellent,Automatic,6,gas,204000,High CC,7,0
2005,ford,escape,Excellent,Manual,6,gas,139335,Avg CC,29,0
2017,dodge,challenger r/t,Excellent,Automatic,8,gas,30329,High CC,49,0
2008,nissan,versa,Excellent,Automatic,4,gas,134400,Avg CC,31,0
2016,ford,fusion,Excellent,Manual,4,gas,41074,High CC,5,0
2002,nissan,sentra gxe,Excellent,Automatic,4,gas,212000,Low CC,48,0
2009,chevrolet,silverado,Excellent,Automatic,8,gas,155068,Low CC,50,0
2012,ford,transit connect,Excellent,Manual,4,gas,64100,Avg CC,8,0
2007,ford,mustang,Excellent,Automatic,6,gas,77308,High CC,48,0
1998,chevrolet,s10,Excellent,Manual,4,gas,61928,High CC,16,0
2018,toyota,tacoma,Excellent,Manual,6,gas,179,Low CC,29,1
2011,kia,sorento,Excellent,Automatic,4,gas,74004,Avg CC,12,0
2012,chevrolet,cruze,Excellent,Manual,4,gas,55659,Low CC,21,0
2014,ram,1500,Excellent,Automatic,8,gas,44000,Low CC,22,0
2009,nissan,altima 2.5s,Excellent,Manual,6,gas,156000,High CC,37,0
2006,infiniti,g35x,salvage,Automatic,6,gas,93069,Avg CC,30,0
2010,hyundai,genesis,Excellent,Manual,6,gas,84020,High CC,40,0
2009,kia,borrego,Excellent,Manual,6,gas,126269,Low CC,14,0
2009,audi,a8,Excellent,Manual,8,gas,74000,Low CC,28,0
2007,ford,mustang,Excellent,Automatic,4,gas,27300,Avg CC,7,0
2006,bmw,750li,Excellent,Automatic,8,gas,155000,Avg CC,11,0
2010,chevrolet,hhr,Excellent,Manual,4,gas,81924,Avg CC,41,0
2015,acura,tlx,Excellent,Automatic,6,gas,77634,Low CC,45,0
2003,chevrolet,corvette,Excellent,Manual,8,gas,25621,Low CC,16,0
2013,chevrolet,express g3500,Excellent,Automatic,8,gas,110032,Low CC,14,0
2018,chevrolet,equinox,Excellent,Manual,4,gas,15565,Avg CC,20,0
2014,ford,f-150,Excellent,Automatic,8,gas,68646,Avg CC,15,1
2006,ford,freestyle,Excellent,Automatic,6,gas,141581,Low CC,23,0
2005,chevrolet,silverado 1500,Excellent,Automatic,6,gas,136662,Avg CC,11,0
2015,ford,super duty f-350 drw,Excellent,Automatic,8,diesel,87000,Low CC,12,1
2016,subaru,wrx sti,Excellent,Manual,4,gas,71340,Avg CC,17,1
2017,ram,2500,Excellent,Manual,6,diesel,34123,Avg CC,15,1
2008,lexus,is 250 awd,Excellent,Automatic,6,gas,159374,Low CC,7,0
2010,ford,edge,Excellent,Automatic,6,gas,150000,High CC,30,0
2010,acura,rdx,Excellent,Manual,4,gas,130017,Avg CC,22,0
2014,chevrolet,cruze,Excellent,Automatic,4,gas,78326,Low CC,11,0
2011,ford,ranger,Excellent,Automatic,6,gas,141000,Low CC,34,0
2007,honda,odyssey,Excellent,Automatic,6,gas,116000,Avg CC,24,0
2009,chevrolet,silverado 1500,Excellent,Manual,8,gas,108693,Low CC,14,0
2006,ram,2500,Excellent,Manual,6,diesel,243303,Avg CC,13,0
2008,honda,crv,Excellent,Manual,4,gas,134090,High CC,17,0
1932,ford,model b 3 window coupe,Excellent,Manual,8,gas,2400,Low CC,14,1
2007,buick,lucerne,Excellent,Automatic,6,gas,128540,Avg CC,47,0
2007,buick,lacrosse cxl,Excellent,Automatic,6,gas,113000,Avg CC,41,0
2013,jeep,grand cherokee laredo,Excellent,Manual,6,gas,131000,Avg CC,41,0
2008,volkswagen,jetta,Excellent,Automatic,4,gas,153000,Low CC,49,0
2002,mercury,sable ls,Excellent,Manual,6,gas,71400,Low CC,35,0
2016,chevrolet,3500 box truck v8 gas,Excellent,Automatic,8,gas,14000,Avg CC,38,1
2006,dodge,laramie 3500 dually 4x4,Excellent,Automatic,6,diesel,227701,Avg CC,37,0
1994,ford,f250,Excellent,Automatic,8,diesel,138000,Avg CC,34,0
2007,honda,cr-v,Excellent,Automatic,4,gas,180000,Low CC,48,0
1998,honda,civic,Excellent,Automatic,4,gas,95879,Low CC,12,0
2005,jeep,grand cherokee laredo,Excellent,Automatic,6,gas,195000,Low CC,50,0
2006,mercedes-benz,benz ml350 awd,Excellent,Manual,6,gas,128000,Low CC,50,0
2005,jeep,liberty,Excellent,Automatic,6,gas,161103,Avg CC,37,0
2001,toyota,sequoia,Excellent,Manual,8,gas,174490,Low CC,39,0
2016,toyota,4runner,Excellent,Automatic,6,gas,118718,Low CC,38,0
2015,chevrolet,silverado 1500,Excellent,Automatic,8,gas,32690,Low CC,48,1
2009,nissan,sentra 2.0,Excellent,Manual,4,gas,133925,Low CC,21,0
1999,toyota,celica,Excellent,Manual,4,gas,132000,Low CC,36,0
2018,ford,f-150,Excellent,Automatic,6,gas,32450,Avg CC,22,1
2016,honda,accord,Excellent,Automatic,4,gas,63927,Low CC,43,0
2013,chevrolet,corvette,Excellent,Automatic,8,gas,54909,Low CC,11,1
2013,bmw,x5 xdrive35i,Excellent,Automatic,6,gas,95083,Low CC,18,0
2015,subaru,wrx,Excellent,Automatic,4,gas,39000,Avg CC,9,0
2004,mercedes-benz,e-class,Excellent,Manual,8,gas,117238,Avg CC,40,0
2004,lexus,ls430,Excellent,Automatic,8,gas,67500,Low CC,10,0
2013,nissan,altima,Excellent,Automatic,4,gas,295000,Avg CC,27,0
1998,volvo,s70,salvage,Automatic,5,gas,254000,Avg CC,31,0
2012,subaru,forester,Excellent,Manual,4,gas,97600,High CC,45,0
2012,ford,expedition,Excellent,Automatic,8,gas,113291,Low CC,7,0
2004,toyota,4 runner sr5 4x4,Excellent,Manual,6,gas,88616,Avg CC,32,0
2009,jaguar,xf,Excellent,Automatic,8,gas,55000,Avg CC,8,0
2010,volkswagen,passat wagon,Excellent,Automatic,4,gas,135622,Low CC,19,0
2012,volkswagen,beetle,Excellent,Manual,4,gas,88114,High CC,39,0
2012,volkswagen,gti,Excellent,Manual,4,gas,72200,High CC,49,0
1999,ford,mustang,Excellent,Automatic,8,gas,87000,High CC,15,0
2013,lincoln,mkx,Excellent,Automatic,6,gas,72400,High CC,47,0
2006,ram,2500hd 4wd lifted 5.9l diesel truck,Excellent,Manual,6,diesel,226092,Avg CC,8,0
2014,gmc,sierra 1500,Excellent,Automatic,8,gas,100734,High CC,16,1
2005,lexus,rx330 awd,Excellent,Manual,6,gas,140988,Low CC,15,0
2015,hyundai,santa fe,Excellent,Automatic,6,gas,46550,Low CC,37,0
2014,ford,expedition,Excellent,Manual,8,gas,118659,Low CC,42,0
2008,mazda,6,Excellent,Automatic,4,gas,208000,Low CC,7,0
2007,ford,f150 xlt supercab,Excellent,Manual,8,gas,122716,High CC,29,0
2002,mazda,mpv lx,Excellent,Automatic,6,gas,182288,Low CC,20,0
2014,chevrolet,express g3500,Excellent,Manual,8,gas,104761,High CC,47,0
2016,ram,1500,Excellent,Manual,8,gas,26310,Avg CC,39,1
2005,chrysler,sebring limited,Excellent,Manual,6,gas,155000,Low CC,36,0
2007,toyota,rav4,Excellent,Manual,6,gas,98164,Low CC,14,0
2009,chevrolet,tahoe,Excellent,Manual,8,gas,115327,High CC,30,0
2006,ford,econoline,Excellent,Automatic,8,gas,49733,Avg CC,28,0
2011,chevrolet,duramax 3500,Excellent,Automatic,8,diesel,136736,Avg CC,17,0
2013,chevrolet,silverado 2500hd,Excellent,Automatic,8,diesel,146394,Avg CC,6,1
2008,ram,1500,Excellent,Automatic,6,gas,145500,Low CC,38,0
2003,gmc,yukon,Excellent,Automatic,8,gas,241386,High CC,47,0
2013,ford,fusion titanium,Excellent,Automatic,4,gas,86875,High CC,6,0
2000,toyota,celica,Excellent,Manual,4,gas,143000,Low CC,21,0
2003,subaru,impreza wrx awd,Excellent,Automatic,4,gas,203000,Low CC,13,0
2007,chevrolet,2500 hd lt,salvage,Automatic,8,diesel,249500,Low CC,21,0
2016,toyota,corolla,Excellent,Manual,4,gas,47000,Low CC,38,0
2016,mazda,mazda3,Excellent,Manual,4,gas,15753,Low CC,6,0
2003,nissan,xterra,Excellent,Automatic,6,gas,166500,Low CC,27,0
2018,ram,1500 sport,Excellent,Manual,8,gas,2209,High CC,23,1
1998,ford,f250 gas,Excellent,Automatic,8,gas,135000,Avg CC,9,0
1989,chevrolet,camaro,salvage,Manual,8,gas,63500,High CC,38,0
2006,honda,element,Excellent,Automatic,4,gas,101000,Low CC,44,0
2003,nissan,sentra gxe,salvage,Automatic,4,gas,131516,Low CC,17,0
2014,chevrolet,equinox,Excellent,Automatic,6,gas,108624,Avg CC,24,0
1986,ford,f-150,Excellent,Manual,6,gas,123000,Low CC,36,0
2008,cadillac,escalade,Excellent,Automatic,8,gas,148990,Low CC,29,0
2008,volkswagen,r32,Excellent,Manual,6,gas,118000,Low CC,32,0
2001,infiniti,i30,Excellent,Manual,6,gas,160000,Low CC,29,0
2018,kia,sportage lx awd,Excellent,Automatic,4,gas,11220,Avg CC,6,0
2020,jeep,gladiator,Excellent,Manual,6,gas,13,High CC,50,2
2006,gmc,sierra 2500hd,Excellent,Manual,8,diesel,225000,Avg CC,10,0
2009,toyota,camry se 5-spd at,Excellent,Automatic,4,gas,138640,Low CC,41,0
2006,toyota,avalon 2006,Excellent,Automatic,6,gas,174000,Avg CC,26,0
2007,ford,f-350,Excellent,Automatic,8,diesel,117896,High CC,20,0
2018,chevrolet,silverado 2500hd,Excellent,Manual,8,diesel,23986,Low CC,9,2
2007,lexus,es 350,Excellent,Manual,6,gas,113171,Low CC,41,0
2002,bmw,530i,Excellent,Automatic,6,gas,140584,Avg CC,22,0
2009,cadillac,cts,Excellent,Manual,6,gas,57270,High CC,5,0
2012,nissan,armada,Excellent,Automatic,8,gas,92230,Avg CC,31,0
2012,ford,explorer xlt,Excellent,Manual,6,gas,176905,Low CC,28,0
2014,ram,laramie 2500,Excellent,Automatic,6,diesel,129318,Low CC,29,1
2012,honda,accord se,Excellent,Manual,4,gas,157000,Avg CC,37,0
2011,ford,f-250sd,Excellent,Manual,8,diesel,76061,Low CC,30,1
2002,ford,e-350,Excellent,Manual,8,gas,100576,High CC,38,0
2012,jeep,wrangler unlimited,Excellent,Automatic,6,gas,86000,High CC,30,0
2003,ford,mustang,Excellent,Manual,6,gas,119000,Low CC,19,0
2000,ford,f-250 sd,Excellent,Manual,8,diesel,249471,High CC,11,0
2013,ford,f-150,Excellent,Manual,8,gas,67808,High CC,14,1
2013,lincoln,mkx awd,salvage,Automatic,6,gas,165134,Avg CC,42,0
2008,ford,f-250 super duty 4x4,Excellent,Automatic,8,gas,179000,Low CC,14,0
2016,mercedes-benz,c-class c300,Excellent,Manual,4,gas,11206,High CC,13,0
2018,jeep,compass 4x4 limited,Excellent,Manual,4,gas,18000,Low CC,20,0
2006,chevrolet,silverado 3500,Excellent,Automatic,8,gas,49635,Low CC,43,1
2016,chrysler,200,Excellent,Automatic,4,gas,77559,High CC,17,0
2007,ford,edge sel,Excellent,Manual,6,gas,181370,Avg CC,48,0
2017,ford,f150 xlt,Excellent,Manual,6,gas,27000,Low CC,35,1
2015,chevrolet,trax,Excellent,Manual,4,gas,84500,High CC,17,0
2010,ford,f-150,Excellent,Manual,8,gas,137307,High CC,34,0
2007,cadillac,cts,Excellent,Manual,6,gas,100000,Avg CC,42,0
2016,chevrolet,silverado 1500,Excellent,Manual,8,gas,67439,High CC,47,1
2009,mercedes-benz,clk-class,Excellent,Automatic,6,gas,108000,Avg CC,35,0
2003,chrysler,town and country,Excellent,Manual,6,gas,193500,Avg CC,35,0
2016,subaru,wrx premium,Excellent,Automatic,4,gas,53500,Low CC,6,0
2014,cadillac,ats,Excellent,Automatic,4,gas,54821,Avg CC,22,0
2011,chrysler,town & country,Excellent,Manual,6,gas,130077,Avg CC,41,0
2018,dodge,caravan,Excellent,Automatic,6,gas,28920,High CC,36,1
2013,ford,focus se,Excellent,Manual,4,gas,119230,Avg CC,9,0
2014,chevrolet,3500,Excellent,Manual,8,gas,75000,High CC,47,1
2013,chevrolet,silverado 1500,Excellent,Manual,8,gas,158945,Low CC,29,0
2006,nissan,murano,Excellent,Manual,6,gas,135000,Low CC,38,0
2015,mitsubishi,lancer,Excellent,Automatic,4,gas,74779,High CC,8,0
2011,chevrolet,express,Excellent,Automatic,6,gas,36347,Avg CC,34,0
2015,ford,f-150,Excellent,Automatic,8,gas,63273,Low CC,6,1
2007,toyota,fj cruiser,Excellent,Automatic,6,gas,158000,Low CC,14,0
2014,ford,f-350 sd,Excellent,Manual,8,gas,167061,Low CC,48,1
2007,gmc,c7500,Excellent,Automatic,6,diesel,140221,Low CC,41,0
2005,buick,lesabre,Excellent,Automatic,6,gas,116800,Low CC,27,0
2014,chevrolet,cruze,Excellent,Manual,4,gas,116000,Low CC,20,0
2005,ford,mustang,Excellent,Automatic,6,gas,154000,High CC,8,0
2011,ram,1500,Excellent,Manual,8,gas,158534,Avg CC,15,0
2013,lexus,es 350,Excellent,Manual,6,gas,47268,Low CC,44,0
2015,chevrolet,malibu,Excellent,Manual,4,gas,135354,Low CC,34,0
2008,infiniti,fx35,Excellent,Automatic,6,gas,98150,High CC,43,0
2009,volkswagen,rabbit,Excellent,Automatic,5,gas,118300,Low CC,38,0
2014,ford,escape se,Excellent,Manual,4,gas,84292,Low CC,32,0
2015,ram,3500,Excellent,Automatic,6,diesel,150439,Low CC,44,1
2014,toyota,corolla,Excellent,Automatic,4,gas,70000,High CC,29,0
2012,toyota,rav4,Excellent,Automatic,6,gas,81073,Low CC,15,0
2014,ford,f-250sd,Excellent,Manual,8,diesel,89023,Avg CC,41,1
2003,lexus,es 300,Excellent,Automatic,6,gas,213000,High CC,48,0
2008,chevrolet,uplander ls van,Excellent,Automatic,6,gas,95000,Avg CC,18,0
2013,kia,optima,Excellent,Automatic,8,gas,95000,Low CC,40,0
1998,lexus,es300,salvage,Automatic,6,gas,195000,Low CC,32,0
2012,jeep,wrangler unlimited,Excellent,Manual,6,gas,70748,Avg CC,26,0
2013,chevrolet,equinox,Excellent,Automatic,6,gas,84000,Low CC,30,0
2013,volkswagen,passat,Excellent,Automatic,4,diesel,37834,High CC,48,0
2008,ford,escape,Excellent,Automatic,6,gas,109453,Avg CC,36,0
2008,dodge,nitro,Excellent,Manual,6,gas,135106,Low CC,25,0
2014,kia,sportage,Excellent,Automatic,4,gas,58437,Avg CC,48,0
2018,jeep,cherokee latitude plus,Excellent,Manual,6,gas,9800,Avg CC,13,0
2005,volvo,xc90,Excellent,Manual,5,gas,97268,Low CC,31,0
2011,ford,edge,Excellent,Manual,6,gas,113559,Avg CC,44,0
2013,volkswagen,golf tdi,Excellent,Manual,4,diesel,39000,Low CC,15,0
2013,chevrolet,silverado 1500 wt,Excellent,Manual,6,gas,69000,High CC,5,0
2006,bmw,3-series,Excellent,Automatic,6,gas,81832,Avg CC,11,0
1991,mitsubishi,3000gt sl,Excellent,Manual,6,gas,80000,High CC,12,0
2002,hyundai,sonata,Excellent,Manual,6,gas,98490,Avg CC,19,0
2016,ram,1500,Excellent,Automatic,8,gas,57734,High CC,13,1
2011,chevrolet,silverado 1500 lt,Excellent,Automatic,8,gas,90868,High CC,30,0
2003,chevrolet,avalanche z71,Excellent,Automatic,8,gas,270000,High CC,45,0
2012,volkswagen,jetta sportwagen tdi,Excellent,Manual,4,diesel,96012,Low CC,23,0
2012,jeep,grand cherokee,Excellent,Automatic,6,gas,108000,Low CC,24,0
2017,ford,super duty f-250 srw,Excellent,Automatic,8,diesel,123271,Low CC,41,2
2005,gmc,sierra 2500hd,Excellent,Manual,8,gas,120705,High CC,25,0
2002,mercedes-benz,c-class,Excellent,Manual,6,gas,129856,High CC,24,0
2002,mercedes-benz,benz e320,Excellent,Manual,6,gas,123000,Avg CC,32,0
2010,chrysler,town country,Excellent,Automatic,6,gas,140559,Avg CC,43,0
1984,mercedes-benz,300d,Excellent,Automatic,5,diesel,146701,Avg CC,41,0
2011,jeep,grand cherokee,Excellent,Manual,8,gas,96306,Low CC,47,0
2013,honda,civic,Excellent,Automatic,4,gas,124306,Avg CC,9,0
2006,gmc,yukon,Excellent,Manual,8,gas,146228,Avg CC,41,0
2008,nissan,frontier,Excellent,Automatic,6,gas,147984,Avg CC,46,0
2007,chevrolet,hhr,Excellent,Automatic,4,gas,100000,Avg CC,6,0
2001,ford,excursion,Excellent,Automatic,8,diesel,202500,Avg CC,12,0
2014,dodge,grand caravan,Excellent,Manual,6,gas,112067,Low CC,33,0
2016,chevrolet,impala,Excellent,Manual,4,gas,89968,Low CC,12,0
2009,jeep,grand cherokee,Excellent,Manual,6,gas,125792,High CC,11,0
2018,ford,explorer,Excellent,Manual,6,gas,51471,High CC,42,1
2007,honda,odyssey ex-l,Excellent,Automatic,6,gas,267000,Avg CC,46,0
2005,toyota,tundra,Excellent,Automatic,8,gas,66697,Low CC,19,0
2013,ford,fiesta,Excellent,Automatic,4,gas,50000,Low CC,41,0
2017,toyota,tundra,Excellent,Automatic,8,gas,30000,Low CC,9,1
2007,ford,escape 4wd,Excellent,Automatic,4,gas,115656,Low CC,37,0
2004,chevrolet,t7500,Excellent,Manual,6,diesel,138789,Low CC,11,0
2009,honda,accord,Excellent,Automatic,4,gas,177211,High CC,22,0
2001,chevrolet,silverado 2500hd,Excellent,Manual,8,gas,157985,Avg CC,40,0
2015,toyota,corolla,Excellent,Manual,4,gas,43216,Low CC,32,0
2003,toyota,highlander,Excellent,Manual,6,gas,220631,Low CC,36,0
2000,mercury,mountaineer,Excellent,Manual,8,gas,107126,Low CC,28,0
2006,pontiac,gto,Excellent,Manual,8,gas,103145,Low CC,10,0
2014,ford,f-150,Excellent,Automatic,8,gas,141467,Low CC,21,0
2015,chevrolet,malibu ls,Excellent,Automatic,4,gas,71221,High CC,10,0
2012,chevrolet,silverado 1500,Excellent,Automatic,8,gas,163936,Avg CC,46,0
2012,ford,fusion sel,Excellent,Automatic,6,gas,34200,Low CC,13,0
2014,ram,3500,Excellent,Automatic,6,diesel,127507,Low CC,24,1
2007,ram,2500 laramie,Excellent,Automatic,6,diesel,218354,Low CC,28,0
2001,volkswagen,neew beetle glx,Excellent,Automatic,4,gas,98000,Avg CC,48,0
1989,mercedes-benz,300 e,salvage,Automatic,6,gas,205404,Low CC,11,0
2012,ram,1500,Excellent,Automatic,8,gas,72878,Low CC,37,0
2008,chevrolet,silverado 1500,Excellent,Manual,8,gas,112725,Avg CC,21,0
2010,chevrolet,camaro 2dr coupe,Excellent,Automatic,8,gas,3528,Avg CC,27,1
2007,bmw,x3,Excellent,Automatic,6,gas,149000,Avg CC,30,0
2002,acura,mdx,Excellent,Automatic,6,gas,113021,Avg CC,39,0
2005,subaru,outback,Excellent,Automatic,4,gas,179000,Low CC,22,0
2008,pontiac,solstice,Excellent,Automatic,4,gas,54465,Avg CC,5,0
2009,dodge,ram1500,Excellent,Automatic,8,gas,154690,Low CC,18,0
2007,chevrolet,suburban 2500,Excellent,Manual,8,gas,109000,Avg CC,5,0
1994,mazda,miata,Excellent,Manual,4,gas,200000,Low CC,18,0
2015,jeep,patriot,Excellent,Automatic,4,gas,50206,Avg CC,25,0
2004,subaru,outback wagon vdc,Excellent,Manual,6,gas,142000,Low CC,45,0
2012,ram,1500,Excellent,Manual,8,gas,104597,Avg CC,32,0
1983,jeep,cj7,Excellent,Automatic,6,gas,120000,Low CC,25,0
2008,infiniti,m35,Excellent,Manual,6,gas,146679,Avg CC,24,0
2004,chrysler,300,Excellent,Manual,6,gas,34000,Low CC,41,0
2004,gmc,12' dump truck 1 ton,Excellent,Manual,8,gas,114000,Avg CC,20,0
2002,mercedes-benz,benz cl 500,Excellent,Automatic,8,gas,89200,Low CC,42,0
2018,jeep,compass latitude,Excellent,Manual,4,gas,10143,Avg CC,43,0
2007,saturn,ion,Excellent,Automatic,4,gas,142136,High CC,24,0
2018,mercedes-benz,sprinter 2500,Excellent,Manual,6,diesel,2649,Low CC,19,1
2013,chevrolet,tahoe,Excellent,Manual,8,gas,82269,Avg CC,41,0
2004,bmw,530i,Excellent,Manual,6,gas,166098,Low CC,6,0
2010,honda,civic si,Excellent,Automatic,4,gas,87203,Low CC,20,0
2019,ford,escape,Excellent,Manual,4,gas,2092,Low CC,7,1
2002,toyota,highlander v6 awd,Excellent,Automatic,6,gas,244000,Low CC,32,0
2012,chevrolet,impala lt,Excellent,Automatic,6,gas,91171,Low CC,13,0
2015,ford,f-550,Excellent,Automatic,8,diesel,183117,Avg CC,20,0
2011,ford,econoline e150,Excellent,Automatic,8,gas,133823,Low CC,13,0
1999,volvo,xc70,Excellent,Automatic,5,gas,224093,Low CC,20,0
1997,ford,f250,Excellent,Manual,8,gas,190000,Low CC,27,0
2011,bmw,335xi,Excellent,Manual,6,gas,52000,High CC,10,0
2002,nissan,altima 2.5,Excellent,Automatic,4,gas,132408,Low CC,45,0
2006,lexus,sc 430,Excellent,Automatic,8,gas,107000,High CC,6,0
2006,ram,2500,Excellent,Automatic,8,gas,123856,Avg CC,38,0
2003,toyota,matrix base wagon,salvage,Manual,4,gas,197024,Low CC,20,0
2012,chevrolet,silverado 2500hd,Excellent,Automatic,8,gas,79000,Avg CC,45,1
2009,mazda,3,Excellent,Automatic,4,gas,132000,Low CC,42,0
2001,jeep,chrkcl,salvage,Manual,6,gas,119909,Avg CC,27,0
2015,ford,edge,Excellent,Automatic,6,gas,26724,Avg CC,39,0
2008,nissan,sentra 2.0 s,Excellent,Manual,4,gas,78809,Avg CC,14,0
2011,ford,f250,Excellent,Automatic,8,diesel,170571,Avg CC,28,1
2003,chevrolet,silverado 1500,Excellent,Manual,8,gas,53842,High CC,6,0
2010,cadillac,cts4,Excellent,Manual,6,gas,96929,Avg CC,22,0
2007,chevrolet,silverado 3500hd,Excellent,Automatic,8,diesel,379234,Avg CC,47,0
2008,toyota,scion,Excellent,Automatic,4,gas,211925,Avg CC,26,0
1998,chevrolet,c1500,Excellent,Automatic,8,gas,134865,High CC,6,0
1999,ram,2500,Excellent,Manual,6,diesel,188000,Low CC,22,0
2016,chevrolet,silverado 1500,Excellent,Manual,6,gas,19581,Avg CC,23,1
2004,volkswagen,new beetle coupe,Excellent,Manual,4,gas,136575,Avg CC,20,0
2010,volkswagen,jetta limited,Excellent,Automatic,4,gas,35967,Avg CC,45,0
2000,lincoln,navigator,Excellent,Automatic,8,gas,171000,Avg CC,23,0
2009,ford,f-150 xl supercab,Excellent,Automatic,8,gas,157694,Avg CC,43,0
2002,gmc,yukon xl,Excellent,Automatic,8,gas,252000,Low CC,24,0
2008,chevrolet,avalanche,Excellent,Automatic,8,gas,229000,Low CC,34,0
2014,toyota,camry se,Excellent,Manual,4,gas,69000,Low CC,15,0
2001,lexus,lx470,Excellent,Automatic,8,gas,192411,Low CC,18,0
2014,gmc,sierra 1500,Excellent,Automatic,8,gas,61522,Low CC,49,1
2007,bmw,x5,Excellent,Manual,6,gas,119650,Avg CC,44,0
2015,volvo,xc60 t5 awd,Excellent,Automatic,5,gas,87675,Low CC,40,0
2005,cadillac,srx,Excellent,Manual,6,gas,161023,Low CC,30,0
2006,dodge,durango,salvage,Manual,8,gas,230000,High CC,31,0
1982,jeep,cj5,Excellent,Automatic,6,gas,85000,High CC,14,0
2008,nissan,frontier,Excellent,Automatic,6,gas,147984,Low CC,31,0
2002,honda,civic,Excellent,Manual,4,gas,174980,High CC,50,0
1995,ford,f350,Excellent,Automatic,8,diesel,363042,Avg CC,46,0
2016,cadillac,ats,Excellent,Automatic,4,gas,18990,High CC,17,0
2018,hyundai,tucson,Excellent,Manual,4,gas,24805,Avg CC,40,0
2005,chevrolet,g3500,Excellent,Automatic,8,gas,152764,Avg CC,6,0
1998,toyota,tacoma,Excellent,Automatic,4,gas,212000,Avg CC,19,0
2017,chevrolet,silverado 1500,Excellent,Automatic,8,gas,28110,Low CC,36,1
2009,gmc,yukon,Excellent,Manual,8,gas,133748,High CC,19,0
2007,gmc,yukon xl,Excellent,Automatic,8,gas,141000,Low CC,43,0
2006,mini,cooper convertible,Excellent,Automatic,4,gas,42400,Low CC,11,0
2013,chrysler,town country,Excellent,Automatic,6,gas,105741,Avg CC,41,0
2012,ram,quad cab slt 4x4,Excellent,Manual,8,gas,115679,Low CC,16,0
2014,volvo,xc60,Excellent,Automatic,6,gas,81502,Avg CC,19,0
2014,gmc,terrain,Excellent,Automatic,4,gas,142783,Avg CC,39,0
2004,chevrolet,tahoe,Excellent,Manual,8,gas,138600,Low CC,19,0
2016,ford,flex limited awd,Excellent,Manual,6,gas,43300,Low CC,29,0
2013,chevrolet,camaro,Excellent,Manual,6,gas,46300,Low CC,24,0
2011,lincoln,mkx,Excellent,Automatic,6,gas,56731,Avg CC,37,0
2010,nissan,rogue sl awd,Excellent,Manual,4,gas,129767,Low CC,37,0
2005,gmc,yukon,Excellent,Manual,8,gas,172803,High CC,5,0
2006,dodge,grand caravan se,Excellent,Manual,6,gas,198,Low CC,12,0
2015,chevrolet,malibu,Excellent,Automatic,4,gas,103099,Avg CC,30,0
2009,hyundai,santa fe,Excellent,Automatic,6,gas,128289,Low CC,24,0
1987,chevrolet,el camino,Excellent,Automatic,8,gas,107000,Avg CC,28,0
2012,subaru,forester 2.5i premium,Excellent,Automatic,4,gas,123551,Avg CC,21,0
2014,subaru,legacy limited awd,Excellent,Manual,4,gas,87474,High CC,17,0
2011,ford,f-350 sd,Excellent,Manual,8,diesel,147105,Avg CC,36,1
2011,ford,f-350 sd,Excellent,Automatic,8,gas,108070,Low CC,37,0
2009,ford,e350 xlt extended van,Excellent,Automatic,8,gas,178195,Low CC,14,0
2018,nissan,titan pro x 4wd,Excellent,Automatic,8,gas,12000,Low CC,47,0
2014,ford,econoline,Excellent,Automatic,8,gas,19886,Avg CC,35,0
1970,dodge,charger,Excellent,Automatic,8,gas,94,Low CC,44,0
2015,nissan,frontier,Excellent,Automatic,6,gas,66600,Low CC,38,0
2015,gmc,sierra 2500hd,Excellent,Automatic,8,diesel,110800,Avg CC,26,1
2007,chevrolet,silverado 1500,Excellent,Manual,8,gas,140000,Avg CC,17,0
2007,chevrolet,trail blazer = tbz,Excellent,Automatic,6,gas,145000,Low CC,36,0
2009,chevrolet,3500hd 3500,Excellent,Automatic,8,diesel,168000,Low CC,18,1
2013,ford,f-150,Excellent,Automatic,8,gas,149678,Low CC,34,0
2000,ford,ranger,Excellent,Automatic,6,gas,185893,Low CC,47,0
2012,buick,verano,Excellent,Automatic,4,gas,43000,Low CC,49,0
2013,ford,fiesta se,Excellent,Automatic,4,gas,93000,Low CC,6,0
2014,toyota,camry se,Excellent,Manual,4,gas,70003,High CC,12,0
2008,rover,lr2 hse,Excellent,Automatic,6,gas,137000,Avg CC,42,0
2003,kia,optima,salvage,Manual,6,gas,134762,Low CC,35,0
2017,chevrolet,cruze lt,Excellent,Manual,4,gas,28289,High CC,33,0
1988,pontiac,fiero formula,Excellent,Manual,6,gas,75500,High CC,26,0
2008,gmc,sierra 1500,Excellent,Manual,6,gas,98317,Avg CC,19,0
2013,hyundai,accent,Excellent,Manual,4,gas,50915,Avg CC,29,0
2015,bmw,x5,Excellent,Manual,6,gas,45237,Low CC,32,0
2008,audi,q7,Excellent,Automatic,6,gas,124550,Avg CC,20,0
2014,hyundai,accent,Excellent,Manual,4,gas,95021,High CC,27,0
2007,ford,f-150,Excellent,Automatic,8,gas,93000,Avg CC,33,0
2009,chevrolet,silverado 1500,Excellent,Automatic,8,gas,117004,High CC,23,0
2003,jeep,wrangler,Excellent,Automatic,6,gas,117713,High CC,37,0
1996,chevrolet,s10 pickup,Excellent,Automatic,4,gas,190019,Low CC,13,0
2012,ram,2500,Excellent,Automatic,6,gas,112064,Avg CC,28,1
2015,ford,f150,Excellent,Automatic,8,gas,77706,Low CC,44,0
2014,chevrolet,suburban,Excellent,Automatic,8,gas,80930,Avg CC,12,1
2014,chevrolet,silverado 1500,Excellent,Automatic,8,gas,48830,Avg CC,47,1
2013,ford,f-250 xlt,Excellent,Automatic,8,gas,144079,Low CC,23,0
2010,chevrolet,traverse,Excellent,Manual,6,gas,151234,Low CC,45,0
2014,fiat,500c,Excellent,Automatic,4,gas,87800,Avg CC,6,0
2013,chevrolet,silverado 3500hd,Excellent,Automatic,8,diesel,119446,Low CC,50,1
2017,dodge,challenger,Excellent,Automatic,6,gas,21240,Avg CC,25,0
2016,ford,fiesta,Excellent,Automatic,4,gas,22000,Low CC,38,0
2012,gmc,acadia,Excellent,Automatic,6,gas,125881,High CC,34,0
2009,toyota,camry,Excellent,Automatic,4,gas,177720,Avg CC,12,0
2016,mitsubishi,outlander gt,Excellent,Automatic,6,gas,59336,High CC,8,0
2012,chevrolet,silverado 1500 ls,Excellent,Automatic,8,gas,61746,Avg CC,28,0
2012,chevrolet,equinox,Excellent,Manual,4,gas,125383,Low CC,5,0
2012,subaru,outback,Excellent,Automatic,4,gas,46000,Low CC,20,0
2014,audi,allroad,Excellent,Manual,4,gas,58000,Low CC,7,0
2015,kia,optima lx,Excellent,Manual,4,gas,96288,Avg CC,6,0
2014,ford,econoline cargo van,Excellent,Automatic,8,gas,49081,Low CC,12,0
2012,chevrolet,impala,Excellent,Automatic,6,gas,80000,Avg CC,38,0
2015,jeep,patriot,Excellent,Manual,4,gas,102166,Low CC,36,0
2009,toyota,avalon xls,Excellent,Automatic,6,gas,103044,Avg CC,41,0
2016,ford,econoline,Excellent,Automatic,8,gas,47213,Avg CC,32,1
2014,toyota,tacoma 4 cylinder,Excellent,Automatic,4,gas,104887,Avg CC,33,0
2011,chevrolet,silverado 1500,Excellent,Automatic,8,gas,97276,Low CC,32,0
2017,ford,focus,Excellent,Manual,4,gas,16000,Avg CC,15,0
1997,ford,f-250,Excellent,Automatic,8,gas,175634,Low CC,36,0
2014,chevrolet,silverado 3500hd,Excellent,Manual,8,gas,51361,High CC,45,1
2010,ford,f-150,Excellent,Manual,8,gas,81605,Avg CC,21,0
2012,nissan,titan pro-4x,Excellent,Manual,8,gas,91312,Low CC,8,0
2007,toyota,sienna,Excellent,Manual,6,gas,147277,Low CC,23,0
2008,gmc,acadia,Excellent,Automatic,6,gas,209243,Avg CC,39,0
2006,toyota,camry solara convertible,Excellent,Manual,6,gas,109000,Low CC,34,0
2016,ford,super duty f-250,Excellent,Automatic,8,diesel,106096,High CC,14,1
2005,ford,explorer,salvage,Automatic,6,gas,133000,High CC,15,0
2015,chevrolet,silverado 3500hd,Excellent,Automatic,8,diesel,117726,Low CC,19,1
2012,chevrolet,camaro,Excellent,Manual,6,gas,57401,Low CC,28,0
2014,ford,escape se,Excellent,Automatic,4,gas,81450,Low CC,24,0
1979,ford,f-250,salvage,Automatic,8,gas,88220,Avg CC,33,0
2012,kia,optima ex,Excellent,Manual,4,gas,116,Avg CC,9,0
2010,nissan,sentra,Excellent,Automatic,4,gas,116575,Low CC,42,0
2002,mercedes-benz,sl500 silver arrow,Excellent,Automatic,8,gas,78000,Avg CC,12,0
2007,chevrolet,hhr,Excellent,Automatic,4,gas,131527,Avg CC,14,0
2008,jeep,grand cherokee laredo 4x4,Excellent,Automatic,6,gas,112470,Avg CC,37,0
2008,ford,explorer xlt,Excellent,Automatic,6,gas,136913,Low CC,44,0
2007,toyota,4runner,Excellent,Manual,6,gas,127307,Low CC,15,0
2008,nissan,titan,Excellent,Manual,8,gas,129636,Low CC,35,0
2010,dodge,gr caravan,Excellent,Manual,6,gas,66800,Low CC,35,0
2013,bmw,328 xi awd sedan,Excellent,Manual,4,gas,137024,Low CC,14,0
2016,volkswagen,passat se sedan 4d,Excellent,Automatic,4,gas,43000,Low CC,32,0
1996,dodge,dakota club cab,salvage,Manual,8,gas,176700,High CC,30,0
2014,nissan,altima s,Excellent,Automatic,4,gas,117770,Avg CC,10,0
1996,audi,cabriolet,Excellent,Automatic,6,gas,137000,Avg CC,46,0
2008,mercury,mariner,Excellent,Manual,6,gas,118509,Avg CC,24,0
2010,honda,odyssey exl,Excellent,Manual,6,gas,102759,High CC,49,0
2008,chevrolet,express cargo van,Excellent,Manual,8,gas,169472,Low CC,34,0
2010,chevrolet,equinox,Excellent,Automatic,4,gas,83000,Low CC,28,0
2013,jeep,wrangler unlimited sport,Excellent,Automatic,6,gas,94200,Avg CC,45,0
2019,ford,f-150,Excellent,Automatic,6,gas,2207,Low CC,24,1
2005,dodge,caravan,Excellent,Manual,6,gas,138362,Low CC,48,0
2016,mercedes-benz,cla 250 4matic,Excellent,Automatic,4,gas,13145,Low CC,25,0
2015,mercedes-benz,sprinter cargo vans,Excellent,Automatic,4,diesel,13337,Avg CC,44,1
2014,ford,expedition el,Excellent,Manual,8,gas,114324,Low CC,46,0
2007,ford,super duty f-350 srw,Excellent,Manual,8,diesel,98035,Low CC,12,0
2015,volvo,xc70,Excellent,Automatic,4,gas,97133,Low CC,38,0
1994,chevrolet,step side truck,Excellent,Manual,8,gas,100000,Low CC,14,0
2002,ford,explorer,Excellent,Manual,6,gas,154232,Avg CC,36,0
2012,subaru,forester xt,Excellent,Automatic,4,gas,124156,Low CC,11,0
1997,nissan,pathfinder,Excellent,Automatic,6,gas,189732,Avg CC,23,0
2019,ford,f-250 super duty,Excellent,Manual,8,gas,19750,High CC,35,1
2014,ford,f150 fx4,Excellent,Manual,6,gas,161000,Avg CC,30,0
2011,ford,f150 super cab long bed,Excellent,Automatic,8,gas,114788,Low CC,11,0
2007,dodge,nitro,Excellent,Automatic,6,gas,124400,Low CC,15,0
2004,chevrolet,tahoe,Excellent,Automatic,8,gas,130524,Avg CC,19,0
1999,toyota,celica,Excellent,Automatic,4,gas,132000,High CC,29,0
2013,nissan,maxima,Excellent,Manual,6,gas,98118,Low CC,32,0
2008,chevrolet,suburban lt 4x4,Excellent,Manual,8,gas,164450,Avg CC,10,0
2015,honda,civic,Excellent,Manual,4,gas,77000,Avg CC,14,0
1979,ford,ranger,Excellent,Automatic,8,gas,174219,Avg CC,25,0
2005,kia,sorrento lx automatic 4wd,Excellent,Automatic,6,gas,143000,High CC,24,0
2015,ford,lariet,Excellent,Automatic,8,gas,40365,High CC,25,1
2006,jeep,commander,Excellent,Manual,8,gas,170207,Low CC,50,0
2015,nissan,murano,Excellent,Manual,6,gas,73368,Low CC,5,0
2010,ford,f-150,Excellent,Automatic,8,gas,83296,High CC,21,0
2015,dodge,grand caravan,Excellent,Manual,6,gas,151528,Low CC,50,0
2013,ford,f-150,Excellent,Manual,8,gas,71662,High CC,40,0
2016,ford,transit wagon,Excellent,Automatic,6,gas,79000,Low CC,14,1
2010,honda,accord,Excellent,Manual,4,gas,102100,Low CC,25,0
2014,volvo,xc60,Excellent,Manual,6,gas,104075,Avg CC,12,0
2016,hyundai,elantra,Excellent,Manual,4,gas,92500,High CC,50,0
2012,ram,1500,Excellent,Manual,8,gas,64000,Low CC,31,0
2014,ford,focus,Excellent,Manual,4,gas,64739,Low CC,15,0
2018,volkswagen,jetta,Excellent,Automatic,4,gas,14882,High CC,8,0
2015,toyota,camry,Excellent,Automatic,4,gas,0,High CC,18,0
2002,dodge,dakota,salvage,Manual,8,gas,147000,Avg CC,45,0
2008,gmc,yukon denali xl awd very clean loaded suv,Excellent,Manual,8,gas,166918,Low CC,26,0
2012,ford,e-350,Excellent,Manual,8,gas,324572,Avg CC,33,0
2012,chevrolet,express,Excellent,Automatic,8,gas,187213,High CC,21,0
2014,volkswagen,jetta se,Excellent,Manual,4,gas,85949,High CC,37,0
2007,chevrolet,tahoe,Excellent,Automatic,8,gas,130000,Avg CC,29,0
1997,jaguar,xk8 convertible,Excellent,Manual,8,gas,91000,Avg CC,23,0
2010,ford,f-150,Excellent,Automatic,8,gas,133575,Avg CC,22,0
2001,chevrolet,corvette,Excellent,Automatic,8,gas,53433,High CC,25,0
2014,honda,odyssey,Excellent,Automatic,6,gas,95304,Low CC,36,0
2007,toyota,tacoma access cab 4wd,Excellent,Automatic,4,gas,114500,Avg CC,49,0
2004,ford,f150 4 wd,Excellent,Automatic,8,gas,169000,Avg CC,36,0
2011,gmc,yukon xl,Excellent,Automatic,8,gas,122570,Avg CC,8,0
2017,chrysler,pacifica,Excellent,Manual,6,gas,31365,Avg CC,36,0
2015,gmc,sierra 1500,Excellent,Manual,8,gas,26027,High CC,37,1
2011,gmc,terrain,Excellent,Manual,4,gas,127005,Avg CC,9,0
2010,honda,crosstour ex-l,Excellent,Automatic,6,gas,137000,Low CC,13,0
2006,buick,lucerne cxs,Excellent,Automatic,8,gas,149836,Low CC,46,0
2010,ram,2500,Excellent,Automatic,6,diesel,160252,Avg CC,30,0
2012,ram,2500,Excellent,Automatic,8,gas,118524,High CC,37,0
1992,jeep,cherokee sport,Excellent,Automatic,6,gas,105800,Avg CC,30,0
2004,toyota,sienna,Excellent,Automatic,6,gas,135391,Low CC,28,0
2006,ford,f-750,Excellent,Automatic,6,diesel,38178,Low CC,44,0
2014,honda,accord sport sedan,Excellent,Automatic,4,gas,10977,Avg CC,49,0
2013,toyota,rav-4 xle 4x4,Excellent,Automatic,4,gas,99468,Low CC,11,0
2001,ford,sport trac,Excellent,Manual,6,gas,190000,High CC,13,0
2011,ford,fusion,Excellent,Automatic,6,gas,143675,Low CC,25,0
2010,mazda,mazda3 i sport,Excellent,Manual,4,gas,137375,Low CC,44,0
2011,jeep,wrangler 2dr rubicon,Excellent,Manual,6,gas,101281,Avg CC,49,0
2010,chevrolet,traverse lt awd,Excellent,Automatic,6,gas,130476,Avg CC,30,0
1998,jeep,wrangler,salvage,Automatic,6,gas,168113,Avg CC,10,0
2009,toyota,corolla,Excellent,Manual,4,gas,109000,Avg CC,29,0
2002,ford,taurus,Excellent,Automatic,6,gas,133000,Avg CC,45,0
2013,chevrolet,express cargo van,Excellent,Automatic,8,gas,143197,Avg CC,46,0
2002,toyota,camry le,Excellent,Automatic,4,gas,150000,Low CC,23,0
2009,lincoln,navigator,Excellent,Manual,8,gas,130000,Avg CC,49,0
2001,ford,- f 250 super duty,Excellent,Automatic,8,diesel,188000,Low CC,20,0
2016,dodge,challenger,Excellent,Manual,8,gas,47766,Low CC,33,0
2013,ford,f150 fx4,Excellent,Automatic,6,gas,75000,Low CC,6,1
2014,ram,1500 longhorn hemi 4x4,Excellent,Automatic,8,gas,79100,Avg CC,5,0
2015,ram,2500 tradesman,Excellent,Automatic,8,gas,63899,Avg CC,36,1
2011,mercedes-benz,gl-class,Excellent,Automatic,6,diesel,97517,Low CC,45,0
2011,toyota,camry base 4dr sedan 6m,Excellent,Manual,4,gas,89515,Avg CC,41,0
2014,nissan,sentra,Excellent,Manual,4,gas,123135,Low CC,47,0
2014,toyota,tacoma 4 cylinder,Excellent,Manual,4,gas,104887,Avg CC,46,0
2005,chevrolet,equinox,Excellent,Manual,6,gas,179803,Avg CC,14,0
2008,ford,crown victoria,Excellent,Automatic,8,gas,96446,Low CC,14,0
2013,bmw,5 series 550i,Excellent,Manual,8,gas,72285,Avg CC,48,0
2015,ford,f150,Excellent,Automatic,8,gas,77706,Avg CC,43,0
2004,chevrolet,silverado ext cab ls,Excellent,Automatic,8,gas,257000,Avg CC,13,0
2003,mitsubishi,eclipse,Excellent,Manual,4,gas,119000,Avg CC,33,0
2013,chevrolet,tahoe ltz,Excellent,Manual,8,gas,86312,Low CC,44,1
2018,ford,f-150 f150 xlt,Excellent,Manual,6,gas,14334,Low CC,15,1
2005,dodge,dakota,Excellent,Automatic,6,gas,159609,High CC,7,0
2012,toyota,highlander,Excellent,Manual,6,gas,164112,Avg CC,17,0
1980,fiat,spider,Excellent,Manual,4,gas,53820,Avg CC,33,0
2006,nissan,murano sl,Excellent,Automatic,4,gas,179649,High CC,49,0
2005,chrysler,sebring convertible,Excellent,Automatic,6,gas,100144,Avg CC,33,0
2014,chevrolet,malibu ls,Excellent,Automatic,4,gas,116650,Avg CC,35,0
2010,ford,f150 platinum,Excellent,Automatic,8,gas,120000,Avg CC,20,0
2003,lexus,gx470 4wd suv,Excellent,Automatic,8,gas,182000,High CC,50,0
2012,mercedes-benz,cls550 4matic,Excellent,Manual,8,gas,72262,Avg CC,29,0
2000,toyota,rav-4,Excellent,Manual,4,gas,212000,High CC,39,0
2003,ford,excursion limited,Excellent,Automatic,8,diesel,142967,Low CC,22,0
2006,nissan,frontier,Excellent,Automatic,6,gas,111516,Low CC,5,0
2016,toyota,corolla,Excellent,Automatic,4,gas,26354,Avg CC,21,0
2000,hyundai,elantra,salvage,Manual,4,gas,111000,Low CC,39,0
2012,honda,civic sdn,Excellent,Automatic,4,gas,120791,Avg CC,21,0
2013,nissan,altima s,Excellent,Manual,4,gas,92011,Low CC,49,0
2009,honda,accord,Excellent,Manual,4,gas,120000,Low CC,42,0
2008,acura,tl,Excellent,Automatic,6,gas,134000,Avg CC,13,0
2016,jeep,patriot,Excellent,Automatic,4,gas,66000,Avg CC,22,0
2014,dodge,avenger,Excellent,Automatic,4,gas,70000,Low CC,9,0
2014,dodge,durango limited,Excellent,Manual,6,gas,77218,Avg CC,47,0
2018,chevrolet,suburban,Excellent,Automatic,8,gas,35172,Low CC,33,1
1984,nissan,4x4 king cab pickup,Excellent,Manual,4,gas,282575,Avg CC,28,0
2013,ram,2500,Excellent,Automatic,6,diesel,65278,Avg CC,22,1
2007,gmc,2500,Excellent,Automatic,8,diesel,198901,Low CC,17,0
2000,nissan,maxima se,Excellent,Manual,6,gas,264000,Low CC,14,0
2005,chevrolet,avalanche 1500 4wd v8,Excellent,Automatic,8,gas,149359,Low CC,28,0
1985,chevrolet,c-20,Excellent,Automatic,8,gas,109290,Low CC,46,0
2005,dodge,grand caravan,Excellent,Automatic,6,gas,168755,Low CC,8,0
1991,toyota,corolla,Excellent,Automatic,4,gas,140000,Avg CC,19,0
2014,volkswagen,jetta sportwagen,Excellent,Automatic,4,diesel,69369,Low CC,32,0
2007,saturn,aura xr,Excellent,Manual,6,gas,71482,Avg CC,21,0
2006,jeep,renegade,Excellent,Manual,6,gas,126020,Low CC,24,0
2014,ram,3500,Excellent,Automatic,6,diesel,193989,Avg CC,35,1
2018,ford,edge,Excellent,Manual,6,gas,18989,High CC,31,1
1998,volvo,c70,Excellent,Automatic,5,gas,203138,High CC,42,0
2010,chevrolet,impala lt,Excellent,Manual,6,gas,63000,Avg CC,42,0
2015,chrysler,200,Excellent,Automatic,4,gas,11490,Avg CC,10,0
2012,honda,fit,Excellent,Automatic,4,gas,137000,Avg CC,13,0
2016,jeep,patriot,Excellent,Automatic,4,gas,101173,High CC,14,0
2007,ford,f150 supercab xlt 4x4,Excellent,Manual,8,gas,127646,Avg CC,26,0
2012,ford,f-150,Excellent,Manual,6,gas,174209,Low CC,15,0
2016,toyota,camry le,Excellent,Automatic,4,gas,101958,Avg CC,5,0
2008,infiniti,ex35 journey awd,Excellent,Automatic,6,gas,129267,High CC,10,0
2012,ford,mustang,Excellent,Automatic,6,gas,101,Avg CC,35,0
2008,infiniti,ex35,Excellent,Automatic,6,gas,150000,Low CC,37,0
2014,nissan,pathfinder,Excellent,Automatic,6,gas,79000,Avg CC,42,0
2012,chevrolet,express 2500,Excellent,Automatic,8,gas,294337,Low CC,7,0
1996,ford,ranger,salvage,Automatic,6,gas,215082,Low CC,36,0
2012,dodge,avenger,Excellent,Automatic,4,gas,127773,Avg CC,16,0
2001,audi,allroad,Excellent,Manual,6,gas,107260,Avg CC,7,0
2009,audi,q5,Excellent,Automatic,6,gas,163159,Low CC,46,0
1999,toyota,tacoma,Excellent,Automatic,6,gas,155512,Low CC,41,0
1997,ford,e250,Excellent,Automatic,8,gas,155000,Avg CC,44,0
2011,ford,escape,Excellent,Automatic,6,gas,173000,Low CC,14,0
2015,audi,q7,Excellent,Manual,6,gas,69140,Low CC,25,1
2011,mini,countryman s,Excellent,Automatic,4,gas,65937,Avg CC,12,0
2005,ford,explorer xlt,Excellent,Automatic,6,gas,195972,Low CC,34,0
2001,ford,f150,salvage,Automatic,8,gas,275000,Avg CC,18,0
2009,kia,optima,Excellent,Automatic,4,gas,144181,Low CC,19,0
2017,hyundai,santa fe sport,Excellent,Automatic,4,gas,53043,Avg CC,10,0
2010,ford,edge sel,Excellent,Manual,6,gas,150000,High CC,13,0
2007,pontiac,g5,Excellent,Manual,4,gas,122000,Low CC,13,0
2016,rover,lr4,Excellent,Manual,6,gas,29035,Avg CC,35,1
2012,gmc,sierra 2500hd,Excellent,Automatic,8,diesel,176120,High CC,35,1
2009,nissan,pathfinder,Excellent,Automatic,6,gas,102099,Avg CC,15,0
2009,ford,f-150 lariat,Excellent,Automatic,8,diesel,157354,Avg CC,50,0
2005,ford,mustang,Excellent,Manual,6,gas,99000,Low CC,15,0
2014,chevrolet,silverado 2500hd,Excellent,Automatic,8,gas,67322,Avg CC,6,0
2010,buick,lacrosse,Excellent,Manual,6,gas,90000,Avg CC,28,0
2004,ford,f150,Excellent,Manual,8,gas,199259,Low CC,35,0
2013,honda,ridgeline,Excellent,Manual,6,gas,105828,Avg CC,20,0
2013,ford,f150,Excellent,Manual,6,gas,59369,Avg CC,6,1
2012,dodge,grand caravan sxt,Excellent,Manual,6,gas,93200,High CC,20,0
2003,buick,lesabre custom,Excellent,Automatic,6,gas,110237,Low CC,6,0
2005,ram,3500,Excellent,Manual,6,diesel,161638,Low CC,23,0
2006,gmc,c4c042,Excellent,Manual,6,diesel,43119,High CC,9,1
2018,toyota,corolla,Excellent,Manual,4,gas,31839,Avg CC,33,0
2004,ford,f-250 4wd diesel cheap priced to sell,Excellent,Automatic,8,diesel,304306,Avg CC,21,0
2008,ford,edge sel,Excellent,Automatic,6,gas,123937,Low CC,43,0
2002,pontiac,sunfire se,Excellent,Automatic,4,gas,174117,Low CC,10,0
2013,gmc,sierra 1500,Excellent,Automatic,8,gas,97930,Avg CC,20,0
2004,volvo,xc90 t6,Excellent,Manual,6,gas,159916,Low CC,28,0
1997,ford,97 expedition,salvage,Automatic,8,gas,160000,Avg CC,16,0
2013,ford,f350 super duty,Excellent,Manual,8,diesel,107171,Avg CC,38,1
1985,cadillac,eldorado,Excellent,Automatic,8,gas,154346,Avg CC,41,0
2015,kia,sorento ex,Excellent,Automatic,6,gas,104111,High CC,8,0
2007,cadillac,escalade,Excellent,Manual,8,gas,105164,Low CC,12,0
2012,jeep,liberty,Excellent,Automatic,6,gas,101954,Low CC,47,0
2007,toyota,sequoia,Excellent,Manual,8,gas,139763,Avg CC,50,0
2016,jeep,cherokee,Excellent,Automatic,4,gas,37614,Low CC,7,0
2008,toyota,fj cruiser,Excellent,Manual,6,gas,174089,Low CC,28,0
2003,ford,focus,Excellent,Automatic,4,gas,181000,Low CC,48,0
2006,jeep,commander ltd 4x4 5.7l,Excellent,Manual,8,gas,197000,Low CC,44,0
2010,ford,f-250 sd,Excellent,Manual,8,gas,78352,Low CC,36,0
2016,toyota,camry se,Excellent,Manual,4,gas,36548,Low CC,41,0
2017,chevrolet,silverado,Excellent,Automatic,8,gas,38140,Avg CC,32,1
2009,kia,rio,Excellent,Manual,4,gas,72123,Low CC,35,0
2010,toyota,camry,Excellent,Automatic,4,gas,153055,Low CC,14,0
2005,mercedes-benz,c230,Excellent,Automatic,4,gas,132296,Low CC,43,0
2010,honda,cr-v ex-l,Excellent,Manual,4,gas,138070,Low CC,12,0
2014,dodge,journey,Excellent,Manual,6,gas,110734,Low CC,22,0
2007,jeep,wrangler unlimited,Excellent,Automatic,6,gas,141700,High CC,33,0
1995,toyota,camry,Excellent,Manual,6,gas,177200,Low CC,14,0
2015,fiat,500,Excellent,Manual,4,gas,65600,High CC,44,0
2002,chevrolet,monte carlo,Excellent,Manual,6,gas,124001,Avg CC,26,0
1973,mercedes-benz,280sel 4.5 1973,Excellent,Automatic,8,gas,91000,Low CC,34,0
2005,ford,f250,Excellent,Automatic,8,diesel,264000,Avg CC,15,0
2003,jeep,wrangler,Excellent,Manual,6,gas,95839,Low CC,9,0
2009,chevrolet,impala,Excellent,Automatic,6,gas,132000,Avg CC,19,0
2015,ford,f-250 sd,Excellent,Manual,8,gas,94576,Avg CC,5,0
2010,ford,f-150 xlt,Excellent,Automatic,8,gas,179755,High CC,46,0
1997,mercedes-benz,benz e320,Excellent,Automatic,6,gas,240000,High CC,46,0
2000,honda,accord,salvage,Automatic,6,gas,170797,Low CC,25,0
2011,gmc,acadia,Excellent,Automatic,6,gas,119765,Avg CC,18,0
2011,hyundai,sonata gls sedan,Excellent,Manual,4,gas,124386,Low CC,43,0
2011,lincoln,mkz,Excellent,Automatic,6,gas,52980,Low CC,47,0
2011,gmc,sierra 1500,Excellent,Manual,6,gas,89532,Avg CC,13,0
2018,chevrolet,sonic,Excellent,Automatic,4,gas,23054,Avg CC,9,0
1979,ford,ranchero 500,Excellent,Manual,8,gas,77007,Avg CC,24,0
2013,ram,1500,Excellent,Automatic,8,gas,114115,Low CC,22,0
2013,chevrolet,silverado 2500hd,Excellent,Automatic,8,diesel,76105,High CC,32,1
2013,honda,pilot 4wd,Excellent,Automatic,6,gas,115019,Low CC,28,0
2017,jeep,wrangler,Excellent,Manual,6,gas,21500,Low CC,39,1
2008,honda,accord ex-l,Excellent,Manual,6,gas,145150,Avg CC,36,0
2001,chevrolet,silverado lt,Excellent,Automatic,8,gas,86000,Avg CC,31,0
2015,gmc,sierra k1500 slt,Excellent,Automatic,8,gas,138306,High CC,35,1
2009,pontiac,g8,Excellent,Manual,6,gas,71529,Low CC,15,0
2006,dodge,caravan,Excellent,Manual,6,gas,169071,High CC,16,0
2005,lexus,rx 330,Excellent,Manual,6,gas,128812,High CC,9,0
2005,honda,accord,Excellent,Automatic,6,gas,216000,Low CC,21,0
2008,bmw,335i convertible,Excellent,Automatic,6,gas,84700,Low CC,14,0
2008,gmc,acadia,Excellent,Manual,6,gas,106000,High CC,23,0
2017,mazda,6,Excellent,Manual,4,gas,35200,Avg CC,49,0
2001,chevrolet,silverado 3500,salvage,Manual,8,diesel,350000,Avg CC,20,0
2007,cadillac,escalade,Excellent,Automatic,8,gas,111803,Avg CC,34,0
2015,audi,q5 tdi,Excellent,Manual,6,diesel,67000,Low CC,18,0
2016,bmw,328i,Excellent,Manual,4,gas,22988,High CC,46,0
1995,ford,bronco,Excellent,Manual,8,gas,146009,High CC,47,0
1990,dodge,w250 cummins,Excellent,Manual,6,diesel,117000,Low CC,8,0
1985,jeep,grand wagoneer,Excellent,Automatic,8,gas,200000,Low CC,45,0
2013,mini,cooper coupe,Excellent,Manual,4,gas,32000,Low CC,49,0
2011,ram,2500 cummins,Excellent,Automatic,6,diesel,208434,Low CC,39,0
1967,chevrolet,impala wagon,Excellent,Manual,8,gas,163000,Avg CC,48,0
2016,ford,mustang gt,Excellent,Automatic,8,gas,87966,High CC,23,0
1999,toyota,camry solara,Excellent,Automatic,6,gas,167935,High CC,31,0
2008,mazda,cx9,Excellent,Manual,6,gas,158900,Low CC,7,0
2015,dodge,challenger,Excellent,Manual,8,gas,135663,Low CC,48,0
1998,lexus,lx 470,Excellent,Automatic,8,gas,165,Low CC,19,0
2006,honda,pilot ex-l nav,Excellent,Automatic,6,gas,82110,Avg CC,39,0
2017,mazda,mazda3,Excellent,Automatic,4,gas,47769,Low CC,14,0
2010,mazda,tribute s,Excellent,Automatic,6,gas,148000,Avg CC,27,0
2008,ford,mustang gt,Excellent,Manual,8,gas,135812,Avg CC,16,0
2018,ford,f-150 lariat,Excellent,Manual,6,gas,12950,High CC,8,2
2003,saturn,vue,Excellent,Automatic,6,gas,191400,High CC,17,0
2003,jeep,grand cherokee limited,Excellent,Automatic,6,gas,127000,Low CC,30,0
2007,pontiac,vibe,Excellent,Automatic,4,gas,96300,Avg CC,9,0
2007,ford,escape,Excellent,Automatic,6,gas,147200,Avg CC,50,0
2013,ford,escape titanium,Excellent,Manual,4,gas,45118,Low CC,28,0
2013,chrysler,200,Excellent,Automatic,4,gas,75081,Avg CC,16,0
2016,kia,rio,Excellent,Manual,4,gas,28359,High CC,26,0
2010,bmw,3-series,Excellent,Automatic,6,gas,110328,Avg CC,48,0
2010,toyota,camry,Excellent,Manual,4,gas,100000,Low CC,27,0
2014,toyota,tundra,Excellent,Automatic,8,gas,58054,Avg CC,40,1
2004,ford,ranger,Excellent,Manual,4,gas,42741,High CC,20,0
2009,ford,focous,salvage,Automatic,4,gas,151061,High CC,9,0
2005,jeep,grand cherokee,Excellent,Automatic,6,gas,200370,Avg CC,27,0
2003,ram,2500,Excellent,Automatic,6,diesel,230669,High CC,8,0
2012,nissan,rogue,Excellent,Automatic,4,gas,87830,Avg CC,26,0
1991,cadillac,allantÃ£Â©,Excellent,Automatic,8,gas,58511,Low CC,49,0
2006,volvo,xc90,Excellent,Manual,5,gas,164000,Low CC,16,0
2007,toyota,rav4,Excellent,Automatic,4,gas,140569,Avg CC,39,0
2005,honda,accord,salvage,Manual,4,gas,200000,Low CC,41,0
2009,pontiac,vibe,Excellent,Automatic,4,gas,158202,Avg CC,12,0
2015,buick,encore convenience,Excellent,Automatic,4,gas,37514,Low CC,11,0
2012,dodge,journey se,Excellent,Automatic,4,gas,79150,Low CC,41,0
2019,toyota,tacoma,Excellent,Automatic,6,gas,0,Low CC,24,0
2006,toyota,tacoma prerunner v6,Excellent,Manual,6,gas,79778,Avg CC,22,0
2002,chrysler,prowler,Excellent,Manual,6,gas,8000,Low CC,21,1
2013,ford,escape,Excellent,Manual,4,gas,28759,High CC,37,0
2012,ford,edge sport,Excellent,Automatic,6,gas,158461,Low CC,7,0
2010,mitsubishi,outlander se 4x4,Excellent,Automatic,4,gas,129110,Low CC,35,0
2012,ram,2500,Excellent,Manual,8,gas,0,High CC,6,0
2013,chevrolet,1500 crew cab,Excellent,Automatic,8,gas,99847,Avg CC,48,0
2009,honda,cr-v ex-l,Excellent,Manual,4,gas,128973,High CC,36,0
2010,dodge,journey,Excellent,Automatic,6,gas,53461,Avg CC,43,0
2006,ford,f150 xlt,Excellent,Manual,8,gas,180000,Avg CC,10,0
2007,ram,3500,Excellent,Automatic,8,gas,34354,High CC,38,0
2017,gmc,terrain,Excellent,Automatic,4,gas,23883,Low CC,10,0
2009,nissan,maxima 3.5 s,Excellent,Manual,6,gas,189000,High CC,48,0
2008,jeep,liberty,Excellent,Automatic,6,gas,150244,Avg CC,40,0
2017,ram,1500,Excellent,Manual,8,gas,41110,Avg CC,16,1
2014,chevrolet,equinox lt,Excellent,Manual,4,gas,82500,Avg CC,22,0
2016,dodge,challenger r/t,Excellent,Automatic,8,gas,30133,High CC,35,1
2013,ford,f-250 sd,Excellent,Manual,8,gas,110243,Avg CC,16,0
2011,buick,enclave,Excellent,Manual,6,gas,134049,Avg CC,41,0
2007,subaru,tribeca b9 limited awd,Excellent,Manual,6,gas,148086,Low CC,32,0
2016,jeep,wrangler unlimited sport,Excellent,Automatic,6,gas,86000,Avg CC,36,0
1968,ford,f-100,Excellent,Automatic,6,gas,18874,Low CC,16,0
2011,cadillac,escalade premium,Excellent,Manual,8,gas,98175,Low CC,39,0
2013,subaru,xv crosstrek,Excellent,Manual,4,gas,102225,High CC,49,0
2012,mercedes-benz,s550,Excellent,Manual,8,gas,69400,High CC,49,0
1996,toyota,4runner,Excellent,Automatic,4,gas,286000,Low CC,36,0
1971,volkswagen,super beatle convertible,Excellent,Manual,4,gas,103658,Low CC,24,0
2003,chevrolet,silverado 1500,Excellent,Manual,6,gas,0,Avg CC,15,0
2009,chevrolet,silverado lt 4x4,Excellent,Automatic,8,gas,112264,High CC,31,0
2007,ford,taurus,salvage,Manual,6,gas,170870,High CC,38,0
2002,jeep,wrangler,Excellent,Manual,6,gas,51000,Avg CC,44,0
2015,honda,accord sport,Excellent,Automatic,4,gas,48000,Avg CC,11,0
2012,ford,econoline,Excellent,Automatic,8,gas,126394,High CC,13,0
2011,chevrolet,express passenger,Excellent,Automatic,8,gas,67483,High CC,26,0
2008,mercedes-benz,e-class,Excellent,Manual,6,gas,130912,Low CC,44,0
2003,ford,ranger,Excellent,Automatic,6,gas,182036,Low CC,13,0
2015,hyundai,sonata sport,Excellent,Automatic,4,gas,18700,Low CC,7,0
1999,ford,ranger xlt,Excellent,Manual,6,gas,154514,Avg CC,43,0
2014,mercedes-benz,benz cla 250,Excellent,Automatic,4,gas,16749,High CC,6,1
2006,mercury,grand marquis,Excellent,Automatic,8,gas,152600,Low CC,16,0
2006,chevrolet,uplander,salvage,Manual,4,gas,107437,Low CC,21,0
2008,bmw,wagon,Excellent,Manual,6,gas,203000,Avg CC,46,0
2001,honda,c.r.v.,salvage,Automatic,4,gas,265000,Avg CC,32,0
1996,ford,f-450,Excellent,Manual,8,diesel,255225,Avg CC,11,0
2003,ford,windstar sel,Excellent,Automatic,6,gas,76312,Avg CC,26,0
2013,chrysler,200,Excellent,Manual,6,gas,96610,Avg CC,23,0
1987,nissan,d21,Excellent,Automatic,6,gas,280000,Avg CC,21,0
2012,ford,mustang premium coupe,Excellent,Manual,6,gas,61841,Avg CC,34,0
2009,chevrolet,express cargo van,Excellent,Automatic,6,gas,123005,Avg CC,26,0
2010,ford,mustang gt,Excellent,Manual,8,gas,83400,Avg CC,11,0
2014,subaru,legacy limited awd,Excellent,Automatic,4,gas,87474,Low CC,34,0
1930,ford,model a,Excellent,Manual,8,gas,100000,High CC,35,0
1998,chevrolet,2500,Excellent,Manual,8,gas,73922,Low CC,36,0
2007,subaru,legacy,Excellent,Manual,4,gas,51100,High CC,33,0
1994,gmc,sierra c/k 1500,Excellent,Manual,8,gas,184000,Low CC,44,0
2004,chrysler,sebring,salvage,Automatic,6,gas,65000,High CC,20,0
2006,lexus,sc 430,Excellent,Automatic,8,gas,107000,Low CC,37,0
2010,chevrolet,silverado 1500,Excellent,Automatic,8,gas,179000,Avg CC,38,0
1999,chevrolet,suburban 2500 sl,Excellent,Automatic,8,gas,226750,Avg CC,42,0
2009,jeep,wrangler,Excellent,Manual,6,gas,90603,Low CC,50,0
2016,ram,3500,Excellent,Automatic,6,diesel,28407,Low CC,22,2
2007,dodge,dakota,Excellent,Manual,8,gas,95298,High CC,40,0
2010,dodge,grand caravan se,Excellent,Manual,6,gas,146556,Low CC,37,0
2013,kia,forte,Excellent,Automatic,4,gas,142000,Avg CC,12,0
2012,infiniti,g37,Excellent,Manual,6,gas,85721,High CC,44,0
2011,chevrolet,silverado 1500,Excellent,Automatic,8,gas,97276,Avg CC,15,0
2010,mercedes-benz,benz gl450,Excellent,Manual,8,gas,118692,Low CC,44,0
2016,ram,1500,Excellent,Manual,8,gas,57734,Avg CC,25,0
2004,ford,excursion,Excellent,Automatic,8,gas,262452,Avg CC,10,0
2014,ram,1500 crew cab big horn 4x4,Excellent,Automatic,8,gas,94578,Avg CC,30,0
2015,chevrolet,silverado 1500,Excellent,Automatic,6,gas,88720,High CC,47,0
2007,bmw,530i,Excellent,Automatic,6,gas,140778,Low CC,32,0
2006,mazda,mx-5 miata,Excellent,Automatic,4,gas,111500,Low CC,44,0
1995,ram,1500 slt 4x4,Excellent,Automatic,8,gas,269206,High CC,47,0
2015,dodge,charger se,Excellent,Manual,6,gas,91000,Low CC,50,0
2013,fiat,500 abarth,Excellent,Automatic,4,gas,105000,Avg CC,8,0
2015,ford,fusion,Excellent,Manual,4,gas,143729,Avg CC,13,0
2015,toyota,sienna,Excellent,Automatic,6,gas,41600,Low CC,39,0
2017,chevrolet,tahoe,Excellent,Automatic,8,gas,29141,Avg CC,31,1
1997,subaru,impreza outback,Excellent,Automatic,4,gas,134000,Avg CC,39,0
2009,toyota,tacoma,Excellent,Manual,6,gas,0,Low CC,28,0
2013,nissan,altima,Excellent,Automatic,6,gas,90877,Low CC,19,0
2014,gmc,sierra 1500,Excellent,Manual,8,gas,90903,Low CC,49,1
2016,ram,rebel,Excellent,Automatic,8,diesel,29950,Low CC,22,1
2012,chevrolet,silverado 3500,Excellent,Automatic,8,gas,229028,Avg CC,49,0
2015,honda,accord ex-l,Excellent,Automatic,4,gas,56600,Low CC,24,0
2017,ford,f150 xlt,Excellent,Automatic,6,gas,32000,Low CC,46,1
2005,ford,ranger edge supercab 4wd,Excellent,Automatic,6,gas,150403,High CC,47,0
2015,chevrolet,suburban,Excellent,Manual,8,gas,101195,Low CC,25,1
2016,mazda,mazda6,Excellent,Automatic,4,gas,28512,Avg CC,45,0
2013,ford,focus,Excellent,Automatic,4,gas,63320,Avg CC,20,0
2006,bmw,x5,Excellent,Manual,6,gas,92860,Avg CC,5,0
2007,chevrolet,express,Excellent,Automatic,8,gas,70901,Low CC,25,0
2016,gmc,terrain,Excellent,Automatic,4,gas,36308,Avg CC,29,0
2017,buick,enclave,Excellent,Automatic,6,gas,24066,Avg CC,16,1
2015,volkswagen,jetta,Excellent,Automatic,4,gas,95182,Avg CC,9,0
2000,chevrolet,silverado,salvage,Manual,8,gas,161200,High CC,45,0
2013,rover,lr2,Excellent,Automatic,4,gas,74700,Avg CC,9,0
1998,chevrolet,corvette,Excellent,Manual,8,gas,68626,Low CC,28,0
2014,subaru,xv crosstrek,Excellent,Automatic,4,gas,113073,High CC,19,0
2018,dodge,grand caravan,Excellent,Automatic,6,gas,36000,High CC,6,1
2015,kia,soul,Excellent,Automatic,4,gas,75574,Low CC,37,0
2004,jeep,wrangler,Excellent,Automatic,6,gas,209011,Avg CC,10,0
2010,chevrolet,traverse lt,Excellent,Manual,6,gas,91421,Low CC,20,0
2015,toyota,tacoma,Excellent,Manual,6,gas,18812,Avg CC,13,1
2011,acura,mdx sh-awd,Excellent,Automatic,6,gas,135485,High CC,48,0
1997,ford,ranger,salvage,Automatic,4,gas,280000,Low CC,46,0
2010,jeep,wrangler unlimited sahara,Excellent,Manual,6,gas,101078,Low CC,34,0
2015,ford,f-150 supercrew platinum,Excellent,Manual,8,gas,123283,High CC,31,1
2007,ford,f-350 sd,Excellent,Automatic,8,gas,167454,Avg CC,48,0
2014,gmc,sierra sle 4x4 short bed,Excellent,Manual,8,gas,77000,Low CC,38,1
2008,chevrolet,tahoe,Excellent,Automatic,8,gas,192784,Low CC,23,0
2018,toyota,corolla se,Excellent,Manual,4,gas,26862,Avg CC,9,0
2012,chevrolet,traverse,Excellent,Manual,6,gas,145395,Low CC,16,0
2015,cadillac,escalade esv,Excellent,Manual,8,gas,60000,Avg CC,27,1
2005,dodge,grand caravan,Excellent,Manual,6,gas,155107,Avg CC,39,0
2004,buick,lesabre limited,Excellent,Automatic,6,gas,204564,Avg CC,18,0
2015,chevrolet,trax lt,Excellent,Manual,4,gas,73404,High CC,11,0
2012,ford,f-250 sd,Excellent,Automatic,8,gas,56302,Low CC,9,0
2015,ford,f-150,Excellent,Automatic,8,gas,66481,Avg CC,34,1
2004,subaru,forester,salvage,Automatic,4,gas,193000,Low CC,40,0
2013,jeep,grand cherokee altitude,Excellent,Manual,6,gas,89746,Low CC,23,0
2018,ram,2500,Excellent,Automatic,8,gas,28124,Low CC,6,1
2017,nissan,rogue,Excellent,Manual,4,gas,48836,Low CC,18,0
1959,ford,galaxie,Excellent,Automatic,8,gas,59000,Avg CC,47,0
2003,ram,van b1500,Excellent,Manual,8,gas,36394,High CC,37,0
2011,mercedes-benz,c-class,Excellent,Automatic,6,gas,190000,Low CC,22,0
2011,ford,f150 xlt extended cab,Excellent,Automatic,6,gas,45900,Low CC,15,0
2007,jeep,wrangler,Excellent,Manual,6,gas,14500,Low CC,26,1
2000,jeep,grand cherokee,salvage,Manual,6,gas,197055,Low CC,39,0
2011,kia,sorento,salvage,Manual,6,gas,182500,Low CC,21,0
2007,ford,f650,Excellent,Manual,6,diesel,264456,Avg CC,24,0
2006,honda,odyssey ex-l,Excellent,Automatic,6,gas,124370,Avg CC,42,0
2015,ram,1500 4x4 crew cab,Excellent,Automatic,6,gas,131542,Low CC,33,0
2015,kia,soul,Excellent,Manual,4,gas,44469,Avg CC,46,0
2018,ram,2500,Excellent,Automatic,8,gas,9930,Avg CC,10,1
2013,volkswagen,tiguan,Excellent,Automatic,4,gas,77453,Avg CC,17,0
2008,dodge,avenger,Excellent,Automatic,6,gas,107859,Avg CC,38,0
2014,bmw,535,Excellent,Automatic,6,gas,63934,Avg CC,20,0
2017,kia,sportage awd,Excellent,Automatic,4,gas,9996,Avg CC,45,1
2013,chevrolet,cruze lt,Excellent,Automatic,4,gas,92400,Avg CC,10,0
2007,chevrolet,silverado 1500 ltz,Excellent,Automatic,8,gas,114621,Avg CC,33,0
2017,ford,f-250 sd,Excellent,Manual,8,diesel,57297,Low CC,25,1
2014,chevrolet,silverado 1500,Excellent,Automatic,8,gas,137597,Avg CC,7,0
1971,mercury,cougar,Excellent,Manual,8,gas,57927,High CC,28,0
2011,gmc,sierra 1500,Excellent,Manual,8,gas,151607,Low CC,17,0
2015,ford,f-350 diesel utility truck,Excellent,Manual,8,diesel,95905,Avg CC,40,0
2001,ford,escape xlt 4x4,Excellent,Manual,6,gas,116767,Low CC,13,0
2017,ford,fusion,Excellent,Manual,4,gas,41868,High CC,27,0
2015,volkswagen,passat,Excellent,Automatic,4,diesel,33396,Avg CC,9,0
1987,mercedes-benz,560sl,Excellent,Automatic,8,gas,162210,Low CC,41,0
2014,chevrolet,camaro,Excellent,Automatic,6,gas,44226,Low CC,35,0
1968,chevrolet,el camino,Excellent,Manual,8,gas,90000,Avg CC,46,0
2002,jeep,wrangler,Excellent,Manual,6,gas,132000,Avg CC,15,0
2016,ford,mustang,Excellent,Automatic,8,gas,14150,Avg CC,42,1
2013,chevrolet,cruze 1lt auto,Excellent,Manual,4,gas,76953,Low CC,29,0
2013,ford,transit connect,Excellent,Manual,4,gas,43881,Low CC,24,0
2003,toyota,tundra limited,Excellent,Manual,8,gas,257736,Low CC,47,0
2011,ford,f-350,Excellent,Automatic,8,diesel,129702,High CC,30,0
2007,audi,a8l,Excellent,Automatic,8,gas,150942,Avg CC,7,0
2012,chevrolet,silverado,Excellent,Manual,8,gas,111060,Low CC,29,0
2000,ford,mustang gt,Excellent,Manual,8,gas,72000,Avg CC,30,0
2008,ford,mustan gt,Excellent,Automatic,8,gas,169000,High CC,19,0
1989,cadillac,allante,Excellent,Automatic,8,gas,98446,Low CC,25,0
2008,ford,f-150,Excellent,Automatic,8,gas,198700,High CC,7,0
2013,chevrolet,express commercial cutaway,Excellent,Manual,8,gas,114567,High CC,27,0
1963,dodge,polara,Excellent,Automatic,8,gas,78000,Avg CC,41,0
2008,toyota,sequoia,Excellent,Automatic,8,gas,171000,Low CC,15,0
1998,honda,civic lx,Excellent,Automatic,4,gas,168185,Low CC,44,0
2005,ford,focus,Excellent,Automatic,4,gas,130600,Low CC,27,0
2011,buick,lacrosse,Excellent,Automatic,6,gas,151000,Low CC,36,0
2011,chevrolet,silverado,Excellent,Manual,8,gas,113335,Low CC,40,0
2007,honda,accord,Excellent,Manual,4,gas,111995,High CC,16,0
2011,nissan,rogue sv,Excellent,Automatic,4,gas,141400,Avg CC,29,0
1982,toyota,cressida,Excellent,Manual,6,gas,104000,Avg CC,45,0
2015,kia,soul,Excellent,Automatic,4,gas,43069,Low CC,43,0
2016,toyota,4runner limited 4wd,Excellent,Manual,6,gas,31164,Low CC,42,1
2003,volkswagen,passat,Excellent,Automatic,4,gas,218958,Avg CC,28,0
2015,chrysler,town country,Excellent,Automatic,6,gas,69678,Avg CC,37,0
1997,toyota,4runner,Excellent,Manual,6,gas,255,Low CC,39,0
2001,gmc,sierra,Excellent,Automatic,8,gas,175000,Avg CC,26,0
2006,lexus,es 330,Excellent,Automatic,6,gas,101258,Low CC,36,0
2013,chevrolet,express cargo van,Excellent,Manual,8,gas,111846,High CC,26,0
2010,jeep,wrangler,Excellent,Automatic,6,gas,108000,Avg CC,13,0
2015,ram,3500,Excellent,Manual,6,diesel,37470,Low CC,7,2
2008,lexus,ls 460 ls460,Excellent,Automatic,8,gas,114550,Avg CC,40,0
2012,chevrolet,silverado 1500,Excellent,Automatic,8,gas,56930,Avg CC,25,1
2010,ford,f-150,Excellent,Manual,8,gas,122000,Low CC,47,0
2019,chevrolet,express extended cargo van,Excellent,Automatic,6,gas,5274,Avg CC,27,0
2009,lincoln,mks,Excellent,Manual,6,gas,115000,Avg CC,46,0
2013,toyota,corolla,Excellent,Automatic,4,gas,117927,High CC,17,0
2010,ford,super duty f-350 drw lariat,Excellent,Manual,8,diesel,110478,Low CC,6,1
2001,lincoln,towncar signature series,Excellent,Manual,8,gas,107803,Avg CC,6,0
2012,ford,focus,Excellent,Automatic,4,gas,124732,Low CC,40,0
2006,ford,econoline wagon,Excellent,Automatic,8,gas,129241,Avg CC,21,0
2016,ford,escape,Excellent,Automatic,4,gas,79440,High CC,7,0
2010,ford,mustang,Excellent,Automatic,8,gas,70969,Avg CC,15,0
2016,chevrolet,rs camaro convertible,Excellent,Automatic,6,gas,13200,Low CC,25,1
2005,honda,civic,Excellent,Manual,4,gas,76688,Avg CC,9,0
2018,nissan,altima sv,Excellent,Automatic,4,gas,47019,Low CC,31,0
2011,audi,a6 quattro,Excellent,Automatic,6,gas,100740,Low CC,47,0
2008,ford,f150 4x4,Excellent,Automatic,8,gas,128452,High CC,22,0
2002,volkswagen,jetta tdi,salvage,Manual,4,diesel,227760,Low CC,35,0
2003,ford,f150 regular cab truck,Excellent,Manual,8,gas,100090,Low CC,44,0
2006,chrysler,pacifica,Excellent,Manual,6,gas,102351,Avg CC,47,0
2008,honda,accord,Excellent,Automatic,6,gas,165300,Avg CC,14,0
2015,acura,tlx,Excellent,Manual,6,gas,18626,Avg CC,40,0
2017,chevrolet,silverado 2500hd,Excellent,Manual,8,diesel,70933,Low CC,48,1
2012,chevrolet,suburban,Excellent,Automatic,8,gas,222000,Low CC,43,0
2002,toyota,highlander,Excellent,Automatic,6,gas,238112,Low CC,29,0
1994,ford,taurus gl,Excellent,Automatic,6,gas,88000,Avg CC,31,0
2009,lexus,es 350,Excellent,Automatic,6,gas,73000,Avg CC,25,0
2012,toyota,tacoma,Excellent,Automatic,6,gas,105500,Avg CC,33,0
2003,ford,f-150 xlt 4x4,Excellent,Automatic,8,gas,204736,Avg CC,35,0
2010,ford,escape xlt fwd,Excellent,Manual,6,gas,109048,Low CC,23,0
2002,lexus,sc430,Excellent,Manual,8,gas,112000,Avg CC,27,0
1998,ford,f-150 ex cab long bed 4x4,Excellent,Manual,8,gas,200000,Low CC,8,0
2007,ford,edge sel,Excellent,Automatic,6,gas,152000,Avg CC,10,0
2016,jeep,renegade latitude,Excellent,Automatic,4,gas,93234,Avg CC,23,0
2008,nissan,armada se,Excellent,Automatic,8,gas,161219,Low CC,26,0
2014,ram,3500,Excellent,Manual,6,diesel,90519,High CC,45,1
2012,mazda,speed 3,Excellent,Automatic,4,gas,79000,High CC,32,0
2009,hyundai,genesis,Excellent,Manual,8,gas,117472,Avg CC,49,0
2011,nissan,rogue sv,Excellent,Automatic,4,gas,110000,High CC,42,0
2000,toyota,tacoma,Excellent,Automatic,6,gas,183800,Low CC,6,0
2009,toyota,4runner,Excellent,Automatic,6,gas,163160,Avg CC,23,0
2013,ford,e350 xlt super duty wagon,Excellent,Manual,8,gas,42887,Low CC,33,0
2012,dodge,journey,Excellent,Automatic,4,gas,55399,Low CC,49,0
2012,honda,fit,Excellent,Manual,4,gas,63178,Low CC,48,0
2004,toyota,sienna,Excellent,Manual,6,gas,187000,Avg CC,15,0
2008,chevrolet,silverado 1500,Excellent,Automatic,8,gas,171619,Avg CC,32,0
2006,toyota,4runner,Excellent,Manual,8,gas,208000,High CC,7,0
2008,ford,e-250,Excellent,Automatic,8,gas,142659,High CC,23,0
2012,toyota,tacoma,Excellent,Manual,4,gas,184843,Low CC,7,0
2018,chrysler,300 limited,Excellent,Manual,6,gas,19237,Low CC,26,0
2003,ford,explorer,Excellent,Automatic,6,gas,173200,High CC,30,0
2007,chevrolet,impala,Excellent,Manual,6,gas,116953,Low CC,25,0
2009,ford,f-250 sd,Excellent,Automatic,8,gas,167505,Low CC,37,0
2003,chevrolet,avalanche,Excellent,Manual,8,gas,40200,Avg CC,26,0
2006,toyota,corolla le,Excellent,Automatic,4,gas,134688,Low CC,20,0
2017,ram,1500,Excellent,Manual,8,gas,8316,Low CC,43,1
2007,gmc,1500 yukon denali,Excellent,Manual,8,gas,157000,Avg CC,9,0
2008,audi,a3 2.0 premium,Excellent,Automatic,4,gas,122564,Avg CC,24,0
2011,jeep,patriot,Excellent,Automatic,4,gas,102167,Low CC,27,0
2004,buick,lesabre,Excellent,Automatic,6,gas,38377,Avg CC,8,0
2003,ford,mustang cobra svt,Excellent,Automatic,8,gas,5245,Avg CC,14,0
1999,ford,ec3,Excellent,Manual,8,gas,290000,Low CC,26,0
2011,mercedes-benz,benz e550 convertible,Excellent,Automatic,8,gas,94376,Avg CC,46,0
2017,nissan,quest,Excellent,Automatic,6,gas,25168,Low CC,23,0
2012,volkswagen,jetta wagon,Excellent,Automatic,4,diesel,44604,Low CC,21,0
2006,ford,f-250,Excellent,Manual,8,diesel,123637,Avg CC,30,0
2010,chevrolet,equinox,Excellent,Automatic,6,gas,177512,Low CC,29,0
2003,dodge,durango,Excellent,Manual,8,gas,127495,Low CC,9,0
2010,ford,fusion sport,Excellent,Manual,6,gas,105867,High CC,35,0
2013,ram,2500 4x4,Excellent,Automatic,8,gas,123352,High CC,33,0
2014,volvo,s60 premiere plus,Excellent,Automatic,5,gas,119000,Avg CC,36,0
2003,lexus,es300,Excellent,Automatic,6,gas,170000,Avg CC,36,0
2012,ford,e250 econoline,Excellent,Manual,8,gas,122748,Avg CC,8,0
2018,ram,2500,Excellent,Automatic,6,diesel,7643,Low CC,33,1
2016,chrysler,200 sedan,Excellent,Automatic,4,gas,40752,Avg CC,5,0
2015,chevrolet,cruze,Excellent,Automatic,4,gas,101571,Avg CC,6,0
2012,chevrolet,impala,Excellent,Manual,6,gas,61101,Avg CC,37,0
2005,mercedes-benz,e-class,salvage,Automatic,8,gas,137007,High CC,48,0
2009,toyota,corolla,Excellent,Automatic,4,gas,122169,Avg CC,15,0
2015,chrysler,200,Excellent,Automatic,4,gas,41257,Avg CC,29,0
2016,ram,3500,Excellent,Automatic,6,diesel,77231,Avg CC,40,1
2014,chevrolet,equinox lt awd,Excellent,Automatic,4,gas,108724,Low CC,8,0
2002,honda,odyssey,Excellent,Automatic,6,gas,149873,Avg CC,6,0
2015,hyundai,sonata,Excellent,Manual,4,gas,89618,High CC,31,0
2008,saturn,aura,Excellent,Manual,4,gas,144447,Low CC,16,0
2011,dodge,dakota,Excellent,Manual,6,gas,117995,Low CC,16,0
2015,chevrolet,suburban,Excellent,Automatic,8,gas,124878,High CC,36,1
2019,chevrolet,silverado 2500hd,Excellent,Automatic,8,gas,4,Avg CC,34,1
1985,chevrolet,elcamino,Excellent,Automatic,8,gas,100000,Avg CC,24,0
2010,honda,civic lx,Excellent,Manual,4,gas,16320,Avg CC,45,0
2012,gmc,sierra 1500,Excellent,Automatic,8,gas,60129,Low CC,19,0
2010,honda,accord,Excellent,Automatic,6,gas,86286,High CC,45,0
2008,cadillac,escalade,Excellent,Manual,8,gas,148990,Low CC,49,0
2013,hyundai,genesis coupe,Excellent,Automatic,4,gas,62025,High CC,28,0
2014,ram,1500,Excellent,Automatic,8,gas,170497,Low CC,6,0
2015,chevrolet,silverado 2500hd crew cab,Excellent,Automatic,8,diesel,47000,Low CC,14,1
2007,toyota,tacoma double cab 4wd,Excellent,Manual,6,gas,204223,Avg CC,40,0
2002,jeep,grand cherokee,Excellent,Manual,6,gas,90000,Low CC,39,0
2013,mazda,cx-5,Excellent,Manual,4,gas,110223,High CC,47,0
1986,bmw,528e,Excellent,Automatic,6,gas,344610,High CC,49,0
2008,ford,fusion sel,Excellent,Automatic,6,gas,71022,High CC,37,0
2017,nissan,rogue sv,Excellent,Automatic,4,gas,39450,Low CC,33,0
2013,chevrolet,traverse ltz,Excellent,Manual,6,gas,13262,High CC,32,0
2010,ford,f-150,Excellent,Automatic,8,gas,122000,Avg CC,23,0
2011,nissan,armada platinum,Excellent,Automatic,8,gas,114000,Avg CC,38,0
2010,volkswagen,jetta,Excellent,Manual,5,gas,152095,Low CC,18,0
2006,jeep,commander limited,Excellent,Automatic,8,gas,146844,Low CC,19,0
2007,dodge,grand caravan,Excellent,Automatic,6,gas,100570,Avg CC,9,0
2014,nissan,sentra,Excellent,Automatic,4,gas,75000,Avg CC,29,0
2012,ram,3500 laramie diesel truck 4,Excellent,Automatic,6,diesel,86144,Low CC,45,1
2005,toyota,corolla,Excellent,Automatic,4,gas,113002,Avg CC,32,0
2008,ford,focus,Excellent,Manual,4,gas,120000,Low CC,33,0
2004,dodge,durango,Excellent,Automatic,8,gas,178282,Avg CC,25,0
2010,chrysler,300,Excellent,Manual,6,gas,78300,Avg CC,18,0
2006,mini,cooper 1.6l hatchback,Excellent,Automatic,4,gas,149334,Avg CC,18,0
2013,mercedes-benz,benz e350 awd,Excellent,Automatic,6,gas,107700,Low CC,21,0
2014,ram,2500,Excellent,Automatic,8,gas,121437,High CC,48,1
2004,mazda,6 4-door,Excellent,Automatic,4,gas,173763,Avg CC,41,0
1984,chevrolet,silverado 1500,Excellent,Automatic,8,gas,103000,Low CC,43,0
2013,ford,f150 fx4,Excellent,Manual,8,gas,87693,Avg CC,33,0
2011,toyota,rav-4 4x4,Excellent,Automatic,4,gas,108492,Low CC,19,0
2016,ford,f-150,Excellent,Manual,8,gas,102513,High CC,8,1
2015,ford,fusion se,Excellent,Automatic,4,gas,71705,Avg CC,50,0
2014,ford,taurus sel,Excellent,Automatic,4,gas,96193,High CC,47,0
2017,volkswagen,gti,Excellent,Automatic,4,gas,15214,Low CC,50,0
2004,hyundai,elantra,Excellent,Automatic,4,gas,170085,Avg CC,49,0
2019,nissan,pathfinder,Excellent,Manual,6,gas,2224,Avg CC,15,1
2012,hyundai,elantra,Excellent,Manual,4,gas,79944,Avg CC,15,0
2013,ford,f-150,Excellent,Automatic,8,gas,84000,Low CC,31,0
2008,toyota,camry le,Excellent,Manual,4,gas,77661,Avg CC,26,0
1957,ford,fairlane 500 2 door hardtop,Excellent,Automatic,8,gas,300,Avg CC,7,1
2008,ford,f-150,Excellent,Automatic,6,gas,89000,Avg CC,38,0
2016,subaru,crosstrek,Excellent,Automatic,4,gas,18000,Avg CC,17,0
2012,jeep,wrangler,Excellent,Manual,6,gas,97445,Low CC,13,0
2016,jeep,compass,Excellent,Automatic,4,gas,49029,Avg CC,41,0
2012,buick,enclave,Excellent,Automatic,6,gas,130973,Avg CC,28,0
2013,ford,fusion se,Excellent,Automatic,4,gas,91315,High CC,37,0
2015,mitsubishi,evolution,Excellent,Manual,4,gas,33093,High CC,41,1
2006,toyota,avalon 2006,Excellent,Automatic,6,gas,205000,Low CC,10,0
2004,ford,f-150 lariat 4wd,Excellent,Manual,6,gas,152000,Avg CC,15,0
1988,cadillac,eldorado coupe,Excellent,Automatic,8,gas,125000,High CC,6,0
2015,ford,f-350,Excellent,Automatic,8,diesel,129997,Low CC,12,1
2009,mazda,3,Excellent,Manual,4,gas,136000,Avg CC,17,0
2011,infiniti,fx35,Excellent,Automatic,6,gas,112039,Low CC,40,0
2010,ford,f-150,Excellent,Automatic,8,gas,166000,Avg CC,26,0
2014,buick,encore,Excellent,Automatic,4,gas,78000,High CC,24,0
2004,kia,sorento,salvage,Automatic,6,gas,151000,Low CC,26,0
2011,ford,e350 super duty cargo,Excellent,Automatic,8,gas,152048,Avg CC,31,0
1999,cadillac,seville sts,salvage,Automatic,8,gas,134429,Low CC,18,0
2001,ford,explorer sport trac,Excellent,Manual,6,gas,186000,Avg CC,8,0
2005,cadillac,cts,Excellent,Automatic,6,gas,138000,Avg CC,10,0
2005,chevrolet,avalanche,Excellent,Manual,8,gas,84743,Avg CC,34,0
2007,chevrolet,tahoe,Excellent,Automatic,8,gas,190898,Avg CC,21,0
2005,chevrolet,corvette,Excellent,Automatic,8,gas,42995,Avg CC,20,0
2008,bmw,750,Excellent,Automatic,8,gas,109000,Low CC,5,0
2004,ford,f-250,Excellent,Manual,8,gas,144142,Low CC,35,0
1996,ford,mustang,salvage,Automatic,6,gas,107238,Low CC,23,0
2000,volkswagen,beattle,Excellent,Manual,4,gas,81837,Low CC,43,0
2009,mazda,3 hatchback,salvage,Manual,4,gas,142895,Avg CC,26,0
2012,buick,lacrosse,Excellent,Automatic,6,gas,67467,Avg CC,47,0
2003,gmc,sierra 3500,Excellent,Automatic,8,diesel,147411,Avg CC,12,0
2014,chevrolet,cruze lt,Excellent,Manual,4,gas,52090,High CC,34,0
2012,ford,fiesta,Excellent,Manual,4,gas,102000,Avg CC,24,0
2013,chevrolet,silverado 3500hd,Excellent,Automatic,8,diesel,112496,Low CC,30,0
1987,chevrolet,silverado,Excellent,Automatic,8,gas,135000,Avg CC,40,1
2017,dodge,journey,Excellent,Automatic,6,gas,10633,High CC,21,0
2018,toyota,rav4,Excellent,Manual,4,gas,33383,Avg CC,42,0
2013,ford,f-250 crew cab,Excellent,Automatic,8,diesel,124464,High CC,23,1
2007,ford,ranger,Excellent,Automatic,4,gas,147304,High CC,48,0
2018,audi,q7 premium plus v6,Excellent,Automatic,6,gas,25067,Low CC,28,1
2002,bmw,330ci,Excellent,Manual,6,gas,99700,High CC,24,0
2009,subaru,outback,Excellent,Automatic,4,gas,90803,High CC,30,0
2014,ford,f-150 svt raptor,Excellent,Manual,8,gas,164784,Low CC,9,1
2006,toyota,sienna,Excellent,Manual,6,gas,162500,Avg CC,9,0
1957,chevrolet,nomad,Excellent,Automatic,8,gas,988,Avg CC,26,2
2012,nissan,pathfinder,Excellent,Automatic,6,gas,107076,Avg CC,42,0
2014,gmc,sierra slt 4x4,Excellent,Automatic,8,gas,91374,Avg CC,30,1
2002,toyota,corolla,Excellent,Automatic,4,gas,180000,Avg CC,26,0
2009,chevrolet,malibu,Excellent,Automatic,4,gas,90581,Low CC,39,0
2006,rover,lr3,Excellent,Manual,8,gas,105000,Low CC,42,0
2015,gmc,sierra 1500,Excellent,Manual,8,gas,102568,Low CC,47,0
2007,bmw,x5,Excellent,Manual,6,gas,132663,Low CC,29,0
2011,subaru,impreza sport,Excellent,Automatic,4,gas,99500,Low CC,28,0
2008,chevrolet,aveo,Excellent,Manual,4,gas,117552,High CC,23,0
2003,toyota,tacoma 4c4,Excellent,Automatic,6,gas,159272,Low CC,9,0
2006,ram,3500,Excellent,Automatic,6,diesel,130574,Avg CC,49,0
2012,chevrolet,silverado 3500,Excellent,Automatic,8,gas,229028,Low CC,18,0
2015,ford,explorer xlt,Excellent,Automatic,6,gas,36701,High CC,12,0
1973,mercury,cougar,Excellent,Automatic,8,gas,97898,Low CC,23,0
2014,chevrolet,impala lt,Excellent,Automatic,6,gas,119715,High CC,17,0
2003,nissan,xterra,Excellent,Automatic,6,gas,154246,Avg CC,13,0
2011,gmc,sierra denali 2500hd,Excellent,Manual,8,diesel,237647,Low CC,27,0
2013,gmc,sierra 2500hd,Excellent,Automatic,8,diesel,64440,High CC,48,1
2015,toyota,tacoma trd offroad,Excellent,Automatic,6,gas,30888,Low CC,24,1
2013,volkswagen,jetta sportwagen,Excellent,Manual,4,diesel,57917,High CC,45,0
2018,ford,f-150,Excellent,Manual,8,gas,30618,Low CC,46,1
1992,cadillac,deville,Excellent,Automatic,8,gas,66000,Low CC,47,0
2012,ford,f150 xl,Excellent,Automatic,6,gas,179259,Avg CC,38,0
2004,ford,econoline wagon,Excellent,Automatic,8,gas,66948,Avg CC,25,0
2019,jeep,grand cherokee,Excellent,Automatic,8,gas,15265,Low CC,18,1
2012,chevrolet,sonic ltz,Excellent,Automatic,4,gas,192500,Low CC,27,0
2006,nissan,350z,Excellent,Manual,6,gas,84360,High CC,29,0
2016,honda,accord,Excellent,Automatic,4,gas,12000,Low CC,14,0
2015,mitsubishi,lancer,Excellent,Automatic,4,gas,8900,Low CC,37,0
2012,jeep,compass,Excellent,Automatic,4,gas,78000,Low CC,30,0
2012,toyota,sequoia,Excellent,Manual,8,gas,124946,Avg CC,15,0
2015,ford,f-250 sd,Excellent,Automatic,8,gas,107004,Low CC,7,0
2006,mercury,montego luxury,Excellent,Manual,6,gas,100492,Avg CC,5,0
2015,gmc,2500hd duramax denali,Excellent,Manual,8,diesel,99511,Low CC,8,1
2008,chevrolet,silverado lt,Excellent,Automatic,8,gas,177370,High CC,43,0
2015,toyota,4runner,Excellent,Manual,6,gas,48400,High CC,47,1
2018,jeep,compass 4x4 limited,Excellent,Automatic,4,gas,20000,Avg CC,5,0
2016,nissan,rogue,Excellent,Manual,4,gas,57101,Low CC,50,0
2012,ford,fusion,Excellent,Manual,6,gas,112021,High CC,35,0
2010,volkswagen,beetle,Excellent,Automatic,5,gas,67000,Low CC,16,0
2009,chevrolet,silverado 1500,Excellent,Manual,8,gas,90216,Low CC,22,0
2014,lexus,is 250,Excellent,Automatic,6,gas,78559,Avg CC,23,0
2015,nissan,altima,Excellent,Automatic,4,gas,85126,Avg CC,25,0
2007,honda,pilot ex-l with nav,Excellent,Automatic,6,gas,162000,Avg CC,48,0
2015,toyota,4 runner,Excellent,Manual,6,gas,98000,Low CC,43,1
2005,ford,fi50 supercab xlt,Excellent,Automatic,8,gas,74723,Avg CC,5,0
2012,chevrolet,suburban,Excellent,Automatic,8,gas,134615,Low CC,31,0
2011,cadillac,srx performance,Excellent,Automatic,6,gas,96120,Low CC,20,0
2008,toyota,/ sienna le,Excellent,Manual,6,gas,97500,High CC,28,0
2012,volkswagen,tiguan s,Excellent,Automatic,4,gas,121569,Low CC,33,0
2006,buick,lesabre,Excellent,Automatic,6,gas,73188,Avg CC,29,0
2008,ford,mustang gt convertible,Excellent,Automatic,8,gas,144300,Low CC,42,0
2016,chevrolet,silverado 3500,Excellent,Manual,8,diesel,39600,High CC,41,1
2008,chrysler,town & country limited,Excellent,Automatic,6,gas,189842,High CC,24,0
2006,jeep,wrangler,Excellent,Automatic,6,gas,67000,Low CC,16,0
2007,ford,econoline cargo van,Excellent,Manual,8,gas,176920,Low CC,44,0
2014,ford,fusion se,Excellent,Automatic,4,gas,101123,Avg CC,33,0
2000,chevrolet,silverado 2500,Excellent,Automatic,8,gas,140000,High CC,34,0
2013,ford,explorer,Excellent,Automatic,6,gas,77996,Avg CC,12,0
2011,jeep,grand cherokee laredo,Excellent,Automatic,6,gas,131003,High CC,26,0
2001,chevrolet,suburban 1500 lt,salvage,Automatic,8,gas,206000,Low CC,8,0
2012,bmw,x5 xdrive50i,Excellent,Automatic,8,gas,118920,Low CC,5,0
1997,toyota,rav4,Excellent,Automatic,4,gas,181050,Low CC,47,0
2008,toyota,fj cruiser,Excellent,Automatic,6,gas,161723,Low CC,44,0
2015,dodge,charger,Excellent,Automatic,8,gas,9568,Low CC,36,1
2007,pontiac,g6 convertible,Excellent,Automatic,6,gas,125000,Avg CC,15,0
2007,buick,lacrosse,Excellent,Automatic,6,gas,193000,High CC,20,0
1939,chevrolet,master deluxe,Excellent,Manual,6,gas,49340,Low CC,5,0
2015,buick,regal,Excellent,Manual,6,gas,54000,Avg CC,10,0
2005,chrysler,crossfire srt6,Excellent,Automatic,6,gas,150482,Low CC,25,0
2009,chevrolet,malibu lt1,Excellent,Manual,4,gas,151700,Avg CC,42,0
2002,ford,escape,Excellent,Manual,4,gas,79500,Avg CC,24,0
2010,chevrolet,silverado 1500,Excellent,Automatic,8,gas,36305,High CC,6,0
2003,chevrolet,impala 3.8l v6 sedan,salvage,Automatic,6,gas,79000,Avg CC,46,0
2013,chrysler,200,Excellent,Manual,4,gas,99000,Avg CC,31,0
2007,chevrolet,impala ss,Excellent,Automatic,8,gas,153199,Avg CC,17,0
2003,lexus,gx 470,Excellent,Automatic,8,gas,179000,Low CC,11,0
2018,subaru,impreza,Excellent,Automatic,4,gas,11674,Low CC,23,0
2006,ram,1500,Excellent,Manual,8,gas,135063,Low CC,12,0
2018,ford,f150,Excellent,Manual,6,gas,15359,Avg CC,6,1
2003,hyundai,santa fe 3.5l,Excellent,Automatic,6,gas,171000,Low CC,10,0
2012,chevrolet,cruze,Excellent,Manual,4,gas,100208,High CC,19,0
2013,ram,1500,Excellent,Automatic,6,gas,126255,Low CC,14,0
2013,bmw,5-series,Excellent,Manual,6,gas,58073,Avg CC,42,0
2016,ford,fusion,Excellent,Automatic,4,gas,0,Low CC,10,0
2007,bmw,328xi,Excellent,Manual,6,gas,158000,Low CC,46,0
2006,chevrolet,colorado,Excellent,Manual,5,gas,143248,Avg CC,40,0
2010,infiniti,g37,Excellent,Automatic,6,gas,105902,High CC,11,0
2005,lexus,rx,Excellent,Automatic,6,gas,188000,Low CC,23,0
2008,honda,crv,Excellent,Manual,4,gas,122589,High CC,35,0
2006,chevrolet,silverado 1500,Excellent,Automatic,8,gas,189101,Avg CC,10,0
2007,honda,accord,Excellent,Automatic,4,gas,171000,High CC,34,0
2011,ford,fusion sel,Excellent,Automatic,4,gas,128000,Avg CC,18,0
2009,chevrolet,impala ls,Excellent,Manual,6,gas,122639,Avg CC,27,0
2004,gmc,yukon denali tahoe,Excellent,Automatic,8,gas,121600,High CC,45,0
2013,chevrolet,silverado 3500hd,Excellent,Manual,8,diesel,112496,Low CC,46,0
2010,ford,edge limited,Excellent,Manual,6,gas,49900,Low CC,21,0
2015,honda,cr-v,Excellent,Manual,4,gas,27683,Avg CC,6,0
2006,nissan,murano,Excellent,Automatic,6,gas,161053,Low CC,48,0
2009,honda,accord ex,Excellent,Manual,6,gas,107800,Avg CC,21,0
1989,chevrolet,gmt,Excellent,Automatic,8,gas,150000,Low CC,8,0
2018,nissan,rogue sl - awd,Excellent,Manual,4,gas,35776,High CC,19,0
2017,ford,transit bus,Excellent,Automatic,6,gas,2929,Avg CC,8,1
2010,buick,enclave,Excellent,Automatic,6,gas,191340,High CC,5,0
2000,ford,taurus,Excellent,Automatic,6,gas,0,High CC,27,0
2005,chrysler,crossfire,Excellent,Automatic,6,gas,33000,High CC,10,0
2016,subaru,outback limited 3.6l,Excellent,Automatic,6,gas,43376,High CC,15,1
2003,chevrolet,trailblazer ext,Excellent,Automatic,6,gas,180000,Avg CC,39,0
2004,honda,pilot,Excellent,Automatic,6,gas,264011,Low CC,26,0
1997,ford,f-350 lifted 7.3l diesel t,Excellent,Automatic,8,diesel,216190,Low CC,31,0
2005,infiniti,q45,Excellent,Automatic,8,gas,117163,Low CC,21,0
2016,ford,f-150,Excellent,Automatic,6,gas,0,High CC,16,0
2016,subaru,outback,Excellent,Automatic,4,gas,87309,Avg CC,39,0
2005,toyota,corolla,Excellent,Automatic,4,gas,196520,High CC,20,0
2018,jeep,grand cherokee,Excellent,Manual,6,gas,16812,Low CC,23,1
2014,acura,mdx,Excellent,Manual,6,gas,116000,Avg CC,33,0
2010,ford,f-150,Excellent,Manual,8,gas,232352,High CC,49,0
2012,mazda,cx-9,Excellent,Manual,6,gas,194000,Low CC,32,0
2009,chevrolet,1500 avalanche,Excellent,Manual,8,gas,145000,Low CC,30,0
2005,volvo,xc90,Excellent,Automatic,5,gas,169114,High CC,21,0
2002,dodge,dakota sport,Excellent,Automatic,8,gas,139342,Low CC,28,0
2007,honda,cr-v ex-l 4x4,Excellent,Manual,4,gas,137003,Low CC,23,0
2014,toyota,yaris,Excellent,Automatic,4,gas,95931,Low CC,15,0
2012,buick,enclave,Excellent,Automatic,6,gas,103024,Avg CC,20,0
2013,ford,f350,Excellent,Automatic,8,diesel,105616,High CC,12,1
2007,honda,odyssey,Excellent,Automatic,6,gas,183907,Low CC,21,0
2015,dodge,journey crossroads,Excellent,Automatic,6,gas,119000,High CC,34,0
2012,ford,focus,Excellent,Automatic,4,gas,81854,Low CC,14,0
2011,dodge,dakota,Excellent,Automatic,8,gas,119673,Low CC,39,0
2011,ford,e-250 wheelchair van,Excellent,Automatic,8,gas,185507,Avg CC,17,0
2004,dodge,town & country,Excellent,Automatic,6,gas,116000,High CC,33,0
2017,mazda,3,Excellent,Manual,4,gas,34000,Low CC,25,0
2003,ram,2500,Excellent,Manual,6,diesel,216000,Low CC,23,0
2017,chevrolet,express 3500,Excellent,Manual,8,gas,12000,Low CC,34,1
2011,gmc,sierra 1500,Excellent,Manual,8,gas,127096,Low CC,28,0
1997,honda,civic ex,Excellent,Automatic,4,gas,88000,Low CC,16,0
2010,chevrolet,aveo,Excellent,Automatic,4,gas,90442,Low CC,12,0
2012,ford,focus,Excellent,Automatic,4,gas,115000,High CC,11,0
2007,bmw,x3,Excellent,Manual,6,gas,109373,Low CC,41,0
2009,ford,fusion awd,Excellent,Automatic,6,gas,95000,Low CC,48,0
2018,ford,transit 150 cargo van,Excellent,Manual,6,gas,35104,High CC,39,1
2015,chevrolet,express,Excellent,Automatic,8,gas,60425,Avg CC,28,0
2011,subaru,legacy 3.6r limited,Excellent,Manual,6,gas,125000,Low CC,18,0
2007,volvo,xc90,Excellent,Automatic,6,gas,146288,Avg CC,11,0
2010,ford,f-250 sd,Excellent,Automatic,8,diesel,96354,Low CC,46,0
2010,jeep,compass,Excellent,Automatic,4,gas,78229,Avg CC,42,0
2005,mazda,miata,Excellent,Automatic,4,gas,91553,Low CC,48,0
2007,jeep,liberty limited,Excellent,Automatic,6,gas,153085,Low CC,17,0
2012,chevrolet,impala,Excellent,Manual,6,gas,113672,High CC,21,0
2016,chevrolet,equinox,Excellent,Manual,4,gas,29000,Low CC,49,0
2012,bmw,5 series,Excellent,Automatic,6,gas,49000,Low CC,8,0
2012,ford,focus,Excellent,Automatic,4,gas,114109,Low CC,31,0
2016,ram,1500,Excellent,Automatic,6,gas,53409,Low CC,23,0
2011,buick,enclave,Excellent,Automatic,6,gas,91813,High CC,12,0
1997,ford,ranger xlt,Excellent,Automatic,6,gas,205470,High CC,16,0
2003,ford,f-150,Excellent,Automatic,8,gas,231967,Avg CC,10,0
2006,jeep,wrangler limited,Excellent,Automatic,6,gas,39058,Low CC,46,0
2013,volkswagen,jetta,Excellent,Manual,4,diesel,78000,Avg CC,9,0
2017,chevrolet,silverado 1500,Excellent,Manual,8,gas,103611,Avg CC,29,1
2011,ford,super duty f-250 srw,Excellent,Manual,8,diesel,0,Low CC,7,1
2008,chevrolet,express cargo van,Excellent,Automatic,8,gas,67100,Avg CC,36,0
2013,ford,escape,Excellent,Manual,4,gas,116600,High CC,42,0
2014,chevrolet,camaro zl1 coupe,Excellent,Automatic,8,gas,9006,Low CC,19,1
2001,gmc,sierra 2500hd,Excellent,Automatic,8,gas,162000,Low CC,27,0
2014,toyota,tundra,Excellent,Automatic,8,gas,222671,Avg CC,40,0
2015,nissan,altima sl,Excellent,Automatic,4,gas,57535,Avg CC,36,0
2013,chrysler,town country,Excellent,Manual,6,gas,153175,Avg CC,16,0
2007,gmc,yukon denali xl awd,Excellent,Manual,8,gas,199664,Avg CC,46,0
2015,ford,edge sel,Excellent,Automatic,6,gas,42437,Low CC,30,0
2015,toyota,sienna,Excellent,Automatic,6,gas,55951,Low CC,13,0
2014,ram,2500,Excellent,Manual,8,gas,134684,Low CC,10,0
2016,dodge,challenger,Excellent,Automatic,8,gas,7909,Low CC,47,1
2010,lincoln,mks ultimate,Excellent,Manual,6,gas,167000,Avg CC,41,0
2013,ford,fusion,Excellent,Manual,4,gas,111300,Avg CC,13,0
2009,subaru,impreza wgn awd,Excellent,Automatic,4,gas,88277,Avg CC,49,0
2008,ford,f-250 super duty,Excellent,Automatic,8,gas,66829,Low CC,40,0
2018,ford,edge,Excellent,Automatic,6,gas,39876,Avg CC,25,1
2010,ram,slt,Excellent,Automatic,8,gas,165370,Avg CC,19,0
2008,gmc,sierra,Excellent,Manual,8,diesel,200000,Low CC,47,0
2004,infiniti,fx35,Excellent,Manual,6,gas,134000,Avg CC,43,0
2018,honda,civic,Excellent,Automatic,4,gas,10000,High CC,25,0
2018,hyundai,santa fe sport,Excellent,Manual,4,gas,31771,Low CC,29,0
2008,bmw,3-series,Excellent,Automatic,8,gas,92735,Avg CC,32,0
2015,ford,f-250 sd,Excellent,Manual,8,diesel,171585,Avg CC,22,1
2010,mini,cooper s model,Excellent,Manual,4,gas,87042,Low CC,11,0
2003,chevrolet,venture ext ls 3.4l v6,Excellent,Automatic,6,gas,202000,Low CC,9,0
2008,ford,f350,Excellent,Manual,8,diesel,131610,Low CC,37,0
2003,chevrolet,suburban,Excellent,Automatic,8,gas,266102,Avg CC,7,0
2004,volvo,xc90,Excellent,Manual,6,gas,142818,High CC,11,0
2008,lexus,gx470,Excellent,Automatic,8,gas,115670,High CC,11,0
2017,chevrolet,silverado,Excellent,Manual,8,diesel,81767,Avg CC,22,1
2015,chevrolet,suburban,Excellent,Automatic,8,gas,102618,Low CC,48,1
2012,chevrolet,malibu,Excellent,Manual,4,gas,93171,Avg CC,45,0
2006,jeep,wrangler unlimited,Excellent,Automatic,6,gas,72000,Low CC,36,0
2001,dodge,neon,Excellent,Manual,4,gas,155000,Avg CC,11,0
2008,ford,f-150 lariat,Excellent,Automatic,8,gas,130627,Low CC,19,0
2005,chevrolet,blazer 4x4,Excellent,Automatic,6,gas,101691,Low CC,33,0
2013,ford,f-250,Excellent,Automatic,8,gas,27462,Low CC,46,0
2014,jeep,grand cherokee,Excellent,Automatic,6,gas,92499,High CC,5,0
2013,cadillac,escalade esv,Excellent,Automatic,8,gas,123000,High CC,43,0
2007,bmw,328i,Excellent,Automatic,6,gas,168194,Avg CC,34,0
2008,ram,4500,Excellent,Automatic,6,diesel,65264,Avg CC,30,1
2003,honda,civic ex,salvage,Automatic,4,gas,165000,Avg CC,35,0
2014,volkswagen,jetta sportwagen,Excellent,Manual,4,diesel,77692,High CC,22,0
2016,chevrolet,malibu,Excellent,Manual,4,gas,74035,Low CC,18,0
2011,chevrolet,equinox,Excellent,Automatic,4,gas,141900,Avg CC,20,0
2005,ford,explorer sport track,Excellent,Manual,6,gas,158896,Low CC,45,0
2011,chevrolet,express cargo van,Excellent,Manual,6,gas,111685,Avg CC,50,0
2006,pontiac,torrent,Excellent,Automatic,6,gas,134330,Low CC,27,0
2010,dodge,charger,Excellent,Automatic,6,gas,145866,Low CC,32,0
2009,toyota,camry se 5-spd at,Excellent,Automatic,4,gas,138640,Low CC,29,0
2016,dodge,journey,Excellent,Automatic,4,gas,28889,Low CC,23,0
2002,volkswagen,cabrio,Excellent,Automatic,4,gas,114276,Avg CC,26,0
2015,ford,taurus,Excellent,Manual,6,gas,92000,Avg CC,37,0
2007,bmw,328xi,Excellent,Automatic,6,gas,128000,Low CC,42,0
2011,chevrolet,2500 hd,Excellent,Automatic,8,gas,163132,Avg CC,39,0
2014,ford,f-150,Excellent,Automatic,6,gas,95682,Avg CC,35,0
2003,ford,f250,Excellent,Automatic,8,gas,145468,Low CC,24,0
2017,ford,f-250 sd,Excellent,Manual,8,diesel,57297,Low CC,25,1
2016,jeep,patriot latitude 4x4,Excellent,Automatic,4,gas,37322,High CC,19,0
2007,cadillac,escalade,Excellent,Manual,8,gas,151997,Low CC,14,0
2006,toyota,avalon touring,Excellent,Automatic,6,gas,195000,Avg CC,37,0
2010,honda,cr-v,Excellent,Automatic,4,gas,123673,High CC,32,0
2018,volvo,v60 cross country,Excellent,Manual,5,gas,16500,High CC,10,0
2010,acura,rdx sh awd,Excellent,Automatic,4,gas,125220,Low CC,28,0
2016,gmc,yukon,Excellent,Automatic,8,gas,47110,Avg CC,19,1
2006,ford,f-250,Excellent,Automatic,8,diesel,68340,High CC,15,0
2006,honda,cr-v,Excellent,Automatic,4,gas,138614,Low CC,42,0
2004,honda,accord sdn,Excellent,Automatic,4,gas,177695,Low CC,6,0
2012,honda,crv xl,Excellent,Manual,4,gas,65000,Avg CC,21,0
1993,mazda,miata mx-5,Excellent,Automatic,4,gas,166678,Low CC,37,0
2012,honda,accord crosstour,Excellent,Automatic,6,gas,117781,Avg CC,50,0
2013,kia,soul,Excellent,Automatic,4,gas,130306,High CC,23,0
2005,acura,mdx touring,Excellent,Automatic,6,gas,210258,High CC,27,0
2005,chrysler,pacifica,Excellent,Manual,6,gas,191036,Low CC,43,0
2012,volkswagen,jetta tdi premium,Excellent,Manual,4,diesel,81167,Low CC,40,0
2010,lincoln,mks,Excellent,Manual,6,gas,119615,Avg CC,34,0
2010,ford,f-150,Excellent,Automatic,8,gas,99740,Low CC,6,0
2013,nissan,nv2500,Excellent,Automatic,8,gas,137730,High CC,41,0
2015,chevrolet,1500 silverado lt-z71,Excellent,Automatic,8,gas,71260,Avg CC,21,1
2005,mercedes-benz,s-class,Excellent,Manual,8,gas,83250,Avg CC,27,0
2008,ram,1500,Excellent,Manual,8,gas,102924,High CC,41,0
2004,ford,mustang,Excellent,Automatic,8,gas,104104,High CC,24,0
1999,ram,2500,Excellent,Automatic,6,diesel,374796,Avg CC,47,0
1999,ford,l7500,Excellent,Manual,6,diesel,159905,Low CC,5,0
2011,mercedes-benz,glk 350,Excellent,Manual,6,gas,83461,Avg CC,14,0
2007,ford,f150 lariat 4x4,Excellent,Automatic,8,gas,143775,Low CC,38,0
2015,ram,1500,Excellent,Manual,6,diesel,49000,Avg CC,41,1
2005,nissan,350z,Excellent,Automatic,6,gas,86000,High CC,43,0
2005,ram,quad 4x4,Excellent,Automatic,8,gas,178000,Low CC,27,0
2015,chrysler,300,Excellent,Manual,6,gas,29850,Avg CC,16,0
2000,mercury,grand marquis,Excellent,Manual,8,gas,87574,Avg CC,10,0
2007,chevrolet,tahoe,Excellent,Automatic,8,gas,139000,Avg CC,28,0
2006,volkswagen,passat luxury 2.0t auto,Excellent,Automatic,4,gas,144000,Low CC,35,0
2010,chevrolet,silverado,Excellent,Automatic,8,gas,194277,Low CC,28,0
2002,mercedes-benz,e320,Excellent,Automatic,6,gas,118244,Low CC,23,0
1983,mercury,grand marquis,Excellent,Automatic,8,gas,61021,High CC,26,0
1990,mercedes-benz,benz 420sel,Excellent,Automatic,8,gas,263000,Avg CC,23,0
2013,ford,econoline cargo van,Excellent,Automatic,8,gas,81362,Low CC,33,0
2006,ford,f250 super duty,Excellent,Manual,8,diesel,129602,Avg CC,43,0
2017,jeep,wrangler unlimited,Excellent,Manual,6,gas,43410,Low CC,30,1
2012,ford,f-150,Excellent,Manual,6,gas,83191,Low CC,41,0
2006,ram,1500 mega cab,Excellent,Manual,8,gas,131235,Low CC,24,0
2008,jeep,wrangler unlimited x,Excellent,Manual,6,gas,165000,High CC,43,0
2007,nissan,altima 2.5,Excellent,Manual,4,gas,198000,Low CC,18,0
2011,ford,focus se,Excellent,Automatic,4,gas,220000,High CC,13,0
2010,chevrolet,silverado 1500,Excellent,Automatic,8,gas,218077,Low CC,14,0
2014,jeep,grand cherokee,Excellent,Manual,6,gas,149493,High CC,7,0
2015,buick,enclave,Excellent,Automatic,6,gas,80000,Low CC,19,0
2005,ford,expedition 4-wheel drive,Excellent,Automatic,8,gas,246000,Avg CC,31,0
2017,ford,f150,Excellent,Manual,8,gas,12358,Low CC,19,1
2005,chevrolet,trailblazer ls,salvage,Manual,6,gas,140447,Low CC,43,0
2007,buick,lucerne,Excellent,Automatic,6,gas,106000,Low CC,12,0
2007,ford,f150,Excellent,Manual,8,gas,105655,High CC,30,0
2005,chevrolet,colorado,Excellent,Automatic,6,gas,172084,High CC,7,0
2013,ford,escape,Excellent,Manual,4,gas,28759,Low CC,8,0
2009,mini,cooper,Excellent,Automatic,4,gas,53178,Avg CC,31,0
1981,gmc,sierra classic,Excellent,Automatic,8,gas,123456,Low CC,26,0
2008,honda,accord,Excellent,Automatic,4,gas,73060,High CC,38,0
2010,bmw,750 li xdrive,Excellent,Automatic,8,gas,112650,Avg CC,11,0
2006,honda,odyssey touring,Excellent,Automatic,6,gas,149558,Avg CC,16,0
2012,ford,f-150 king ranch,Excellent,Automatic,6,gas,103108,Avg CC,36,0
2004,ford,f450,Excellent,Automatic,8,diesel,90418,Low CC,12,0
1998,mitsubishi,fuso,salvage,Automatic,4,diesel,178000,Avg CC,23,0
2001,nissan,pathfinder,Excellent,Automatic,6,gas,93760,High CC,41,0
1990,nissan,240sx,Excellent,Manual,4,gas,86314,Avg CC,12,0
2006,honda,pilot,Excellent,Automatic,6,gas,140622,Low CC,16,0
2012,ford,econoline,Excellent,Automatic,8,gas,80836,Avg CC,39,0
2015,honda,civic,Excellent,Automatic,4,gas,71103,Avg CC,20,0
2017,honda,accord 2-door coupe,Excellent,Manual,6,gas,2500,High CC,6,0
2011,nissan,juke,Excellent,Automatic,4,gas,87683,High CC,35,0
2011,chevrolet,express,Excellent,Manual,6,gas,36347,Low CC,47,0
2009,chevrolet,hhr,Excellent,Automatic,4,gas,160359,Avg CC,30,0
1998,dodge,diesel,Excellent,Automatic,6,diesel,267000,High CC,27,0
2014,ram,1500,Excellent,Automatic,8,gas,113000,Low CC,29,0
2003,gmc,yukon xl,Excellent,Automatic,8,gas,157108,Low CC,18,0
2003,volkswagen,golf,Excellent,Automatic,4,gas,113929,Low CC,44,0
2012,bmw,135,Excellent,Automatic,6,gas,120000,Avg CC,50,0
2002,gmc,p/u,Excellent,Manual,8,gas,240000,Avg CC,50,0
2010,toyota,venza,Excellent,Automatic,6,gas,104433,High CC,28,0
2014,honda,cr-v lx awd,Excellent,Manual,4,gas,98980,High CC,19,0
2005,toyota,sequoia limited,Excellent,Manual,8,gas,198000,Low CC,28,0
2014,ford,flex,Excellent,Automatic,6,gas,77000,Low CC,29,0
2010,honda,cr-v,Excellent,Automatic,4,gas,158000,Avg CC,16,0
2014,chrysler,town & country,Excellent,Automatic,6,gas,119413,Avg CC,10,0
2005,toyota,corolla s,Excellent,Automatic,4,gas,129000,Avg CC,12,0
2015,jeep,patroit,Excellent,Automatic,4,gas,43598,Low CC,19,0
1967,chevrolet,c-10,Excellent,Automatic,8,gas,69277,Avg CC,26,0
2009,gmc,acadia,Excellent,Automatic,6,gas,179849,High CC,13,0
2005,jeep,liberty limited 4wd,Excellent,Automatic,6,gas,162427,Avg CC,10,0
2005,honda,civic,Excellent,Automatic,4,gas,71725,Low CC,24,0
2015,toyota,corolla le,Excellent,Automatic,4,gas,83284,Low CC,28,0
2003,hyundai,accent,Excellent,Manual,4,gas,134500,High CC,27,0
2009,bmw,335i,Excellent,Manual,6,gas,114000,Low CC,29,0
2008,chevrolet,aveo ls,Excellent,Automatic,4,gas,114563,Avg CC,17,0
2018,chevrolet,malibu,Excellent,Automatic,4,gas,15767,Low CC,7,0
2011,mazda,3 touring,Excellent,Automatic,4,gas,101584,High CC,8,0
2014,ford,f-150,Excellent,Automatic,6,gas,91576,Avg CC,12,0
2005,hyundai,santa fe,Excellent,Automatic,6,gas,126000,Avg CC,46,0
2015,chevrolet,silverado 2500hd,Excellent,Manual,8,diesel,67766,Avg CC,5,1
2007,ram,1500,Excellent,Manual,8,gas,96596,Avg CC,41,0
2007,kia,rondo lx,Excellent,Manual,6,gas,127007,Low CC,29,0
2008,chevrolet,suburban ltz 4x4,Excellent,Manual,8,gas,199000,Low CC,39,0
2014,kia,soul +,Excellent,Automatic,4,gas,81622,Low CC,23,0
2003,mitsubishi,eclipse,Excellent,Manual,4,gas,125125,Low CC,13,0
2010,chevrolet,silverado lt,Excellent,Manual,8,diesel,149987,Avg CC,23,1
2006,dodge,dakota,salvage,Manual,6,gas,137800,Low CC,22,0
2016,lincoln,mkx,Excellent,Automatic,6,gas,68000,Avg CC,10,0
1983,jeep,scrambler,Excellent,Manual,6,gas,101000,Low CC,35,0
2014,audi,allroad premium plus,Excellent,Manual,4,gas,83688,Low CC,20,0
2017,toyota,tundra,Excellent,Automatic,8,gas,11405,Avg CC,48,1
2009,gmc,sierra crew cab,Excellent,Manual,8,gas,81136,Avg CC,35,0
2015,toyota,rav4,Excellent,Manual,4,gas,70877,High CC,43,0
2015,toyota,corolla,Excellent,Automatic,4,gas,35192,Avg CC,41,0
2007,acura,tsx,Excellent,Automatic,4,gas,98268,High CC,5,0
2009,ford,e-150,Excellent,Automatic,8,gas,116099,High CC,44,0
2012,honda,accord 4-door sedan,Excellent,Manual,4,gas,86100,High CC,12,0
2015,ford,f150,Excellent,Manual,8,gas,110536,Avg CC,47,0
2013,mazda,2,Excellent,Automatic,4,gas,39000,Low CC,31,0
2010,buick,lacrosse,Excellent,Manual,6,gas,115501,Low CC,18,0
2011,chevrolet,colorado 1lt,Excellent,Manual,5,gas,149669,Low CC,39,0
2000,dodge,durango,salvage,Automatic,8,gas,220178,Low CC,42,0
2013,ford,f-250 sd,Excellent,Manual,8,gas,65816,Low CC,41,0
2008,ram,3500,Excellent,Manual,6,diesel,164099,High CC,34,0
2011,chevrolet,silverado 1500,Excellent,Manual,8,gas,106700,High CC,9,0
2014,ford,mustang,Excellent,Automatic,6,gas,38392,Avg CC,8,0
2003,chevrolet,tracker,Excellent,Manual,6,gas,169000,Low CC,28,0
2007,chevrolet,silverado 3500hd,Excellent,Automatic,8,diesel,74894,High CC,44,1
2018,chevrolet,silverado lt 4x4,Excellent,Manual,8,gas,15790,High CC,38,1
1997,ford,f-150,Excellent,Manual,6,gas,389654,Avg CC,16,0
2008,infiniti,qx56,Excellent,Manual,8,gas,110457,Avg CC,41,0
2013,bmw,x5 35i,Excellent,Automatic,6,gas,36573,Avg CC,37,1
1995,ram,1500,salvage,Automatic,8,gas,207706,Avg CC,43,0
1968,dodge,dart,Excellent,Automatic,6,gas,162915,Avg CC,30,0
2007,chevrolet,monte carlo ss,Excellent,Automatic,6,gas,188365,Avg CC,14,0
2011,chevrolet,equinox,Excellent,Manual,4,gas,76334,Low CC,23,0
2006,mercury,mountanieer,salvage,Automatic,6,gas,130000,Low CC,29,0
2001,toyota,sequoia,Excellent,Automatic,8,gas,172490,Low CC,25,0
1992,mazda,mx-5 miata,Excellent,Manual,4,gas,199000,High CC,10,0
2013,honda,accord,Excellent,Manual,4,gas,79449,High CC,16,0
2014,chevrolet,silverado 2500hd,Excellent,Manual,8,gas,67322,Avg CC,5,0
2007,volkswagen,jetta,Excellent,Automatic,5,gas,117371,Low CC,33,0
2004,toyota,tacoma,Excellent,Manual,4,gas,269160,Avg CC,41,0
2013,chevrolet,express,Excellent,Automatic,8,gas,117084,High CC,33,0
2010,subaru,forester,Excellent,Manual,4,gas,123000,Avg CC,31,0
2017,ford,f-250 xlt lifted,Excellent,Automatic,8,diesel,24615,Low CC,48,1
2008,chevrolet,silverado,Excellent,Automatic,8,gas,136000,Avg CC,37,0
2009,chevrolet,colorado crew cab 4x4,Excellent,Automatic,5,gas,235453,Low CC,29,0
2016,chevrolet,traverse,Excellent,Automatic,6,gas,37270,Avg CC,38,0
2017,chevrolet,cruze rs,Excellent,Automatic,4,gas,28300,Low CC,37,0
2004,toyota,tacoma sr5,Excellent,Automatic,6,gas,139000,Avg CC,27,0
1995,jaguar,xj6 vanden plas,Excellent,Manual,6,gas,70700,Low CC,32,0
2008,honda,civic,Excellent,Manual,4,gas,87834,Low CC,26,0
2018,volkswagen,jetta,Excellent,Automatic,4,gas,4665,High CC,19,0
2008,chevrolet,silverado 1500,Excellent,Manual,6,gas,114741,Avg CC,11,0
2016,ford,expedition platinum,Excellent,Manual,6,gas,50000,Avg CC,24,1
2000,mercury,grand marquis gs,Excellent,Automatic,8,gas,102060,Avg CC,24,0
1990,nissan,300zx,Excellent,Manual,6,gas,105814,Avg CC,19,0
2012,chevrolet,malibu,Excellent,Manual,4,gas,62973,Low CC,5,0
2018,bmw,430i gran coupe,Excellent,Automatic,4,gas,21000,Low CC,34,1
2003,nissan,altima,Excellent,Automatic,4,gas,98534,Low CC,14,0
2011,gmc,sierra 1500,Excellent,Automatic,8,gas,178890,Avg CC,35,0
2005,toyota,4runner,Excellent,Automatic,8,gas,206000,Avg CC,22,0
2013,chrysler,200l,Excellent,Automatic,6,gas,79686,Avg CC,35,0
2012,honda,cr-v,Excellent,Manual,4,gas,92631,Low CC,19,0
2011,cadillac,dts premium collection,Excellent,Manual,8,gas,106000,Low CC,5,0
2013,volkswagen,passat,Excellent,Manual,5,gas,140628,High CC,33,0
2004,jeep,grand cherokee,Excellent,Automatic,8,gas,120060,Low CC,37,0
2005,jeep,liberty,Excellent,Automatic,6,gas,160124,Avg CC,20,0
2006,bmw,530xi,Excellent,Automatic,6,gas,118811,Low CC,14,0
2013,ford,escape,Excellent,Automatic,4,gas,125740,High CC,20,0
2006,ford,econoline,Excellent,Manual,8,gas,70858,Low CC,37,0
2009,rover,sport,Excellent,Automatic,8,gas,92055,Low CC,45,0
2007,ford,e450,Excellent,Automatic,8,diesel,130007,Low CC,28,0
2000,dodge,durango,Excellent,Automatic,8,gas,211953,High CC,45,0
2006,mini,"cooper, r50",Excellent,Automatic,4,gas,159000,High CC,45,0
2013,hyundai,genesis coupe,Excellent,Automatic,4,gas,10813,High CC,11,0
2013,ford,f350,Excellent,Automatic,8,diesel,105616,Avg CC,43,1
2006,ram,2500,Excellent,Automatic,6,diesel,100805,Low CC,21,0
2006,ford,f-750,Excellent,Automatic,6,diesel,53143,Low CC,21,0
2012,volvo,s60,Excellent,Manual,5,gas,154253,Low CC,16,0
2010,volkswagen,gti,Excellent,Manual,4,gas,160000,High CC,23,0
2012,ford,f350 super duty,Excellent,Automatic,8,diesel,166000,Low CC,12,1
2008,toyota,camry solora,Excellent,Manual,6,gas,230000,Avg CC,23,0
2009,ram,1500 laramie,Excellent,Automatic,8,gas,124147,Avg CC,13,0
2006,nissan,maxima sl,Excellent,Manual,6,gas,197800,Avg CC,30,0
2011,mitsubishi,outlander sport awd,Excellent,Manual,4,gas,145000,Avg CC,5,0
2002,dodge,caravan,Excellent,Manual,6,gas,47000,Low CC,25,0
2004,volkswagen,jetta,Excellent,Manual,5,gas,180000,High CC,42,0
2016,volkswagen,touareg,Excellent,Automatic,6,gas,62575,Low CC,12,0
2007,jeep,wrangler,Excellent,Automatic,6,gas,85000,High CC,31,0
2011,ford,f-150,Excellent,Automatic,6,gas,200436,Avg CC,19,0
2018,ford,f-150 xlt 4x4,Excellent,Automatic,6,gas,22713,Low CC,10,1
2007,pontiac,solstice gxp,Excellent,Manual,4,gas,51780,High CC,29,0
2011,nissan,frontier,Excellent,Automatic,6,gas,80900,Low CC,15,0
2011,jeep,grand cherokee laredo 4wd v,Excellent,Manual,8,gas,83565,High CC,27,0
2004,mazda,6,salvage,Automatic,6,gas,225000,Avg CC,28,0
2011,jeep,grand cherokee,Excellent,Automatic,6,gas,169000,Low CC,18,0
2007,honda,accord,Excellent,Manual,6,gas,103180,High CC,33,0
1956,volkswagen,ragtop bug,Excellent,Manual,4,gas,1100,Avg CC,9,0
2007,chevrolet,suburban,Excellent,Manual,8,gas,226000,Low CC,10,0
2009,chevrolet,traverse,Excellent,Manual,6,gas,165000,Avg CC,28,0
2015,ford,f-150,Excellent,Manual,6,gas,63840,High CC,26,1
2014,ford,f-350,Excellent,Automatic,8,diesel,130739,Avg CC,35,1
2012,nissan,murano,Excellent,Automatic,6,gas,78527,High CC,21,0
2011,subaru,impreza outback sport,Excellent,Automatic,4,gas,63200,Low CC,7,0
2010,mercedes-benz,ml350,Excellent,Manual,6,gas,107118,Avg CC,34,0
2003,acura,rsx type s,salvage,Automatic,4,gas,139270,High CC,41,0
2008,subaru,wrx,Excellent,Manual,4,gas,89970,Low CC,50,0
2010,honda,insight,Excellent,Automatic,4,gas,119857,Low CC,24,0
2014,bmw,x1,Excellent,Automatic,4,gas,83000,High CC,11,0
2011,kia,rio,Excellent,Automatic,4,gas,56500,Low CC,31,0
2009,nissan,xterra,Excellent,Automatic,6,gas,114577,Low CC,44,0
2011,chevrolet,silverado 4x4,Excellent,Automatic,8,gas,139846,High CC,10,0
2010,chevrolet,silverado 3500 hd 4x4,Excellent,Manual,8,gas,228216,High CC,16,0
2006,chevrolet,uplander,Excellent,Manual,6,gas,163000,Avg CC,18,0
2005,ram,1500,Excellent,Automatic,8,gas,143000,Low CC,17,0
2008,dodge,caliber,Excellent,Automatic,4,gas,99300,Avg CC,50,0
2011,chevrolet,traverse,Excellent,Automatic,6,gas,117756,Avg CC,25,0
2010,chevrolet,silverado 1500,Excellent,Automatic,8,gas,151000,Low CC,36,0
2001,ford,f-150 supercrew,Excellent,Automatic,8,gas,155062,Avg CC,40,0
2004,toyota,tundra sr5 limited trd,salvage,Automatic,8,gas,220000,Low CC,36,0
2003,ford,ranger,Excellent,Automatic,6,gas,145921,High CC,12,0
2008,cadillac,cts4,Excellent,Automatic,6,gas,120801,High CC,48,0
2017,chevrolet,traverse,Excellent,Automatic,6,gas,89504,Avg CC,27,0
2011,ford,f-150 xlt,Excellent,Automatic,6,gas,149681,Low CC,35,0
2007,honda,civic ex,Excellent,Manual,4,gas,210000,Low CC,48,0
2016,nissan,altima,Excellent,Manual,4,gas,117000,Low CC,10,0
2012,honda,accord ex,Excellent,Manual,4,gas,41797,High CC,30,0
2004,jeep,grand cherokee limited,Excellent,Automatic,8,gas,58436,Low CC,10,0
2010,chevrolet,silverado 1500,Excellent,Manual,8,gas,218077,High CC,29,0
2017,jeep,wrangler unlimited,Excellent,Automatic,6,gas,43410,High CC,19,1
2011,bmw,(e70) x5,Excellent,Manual,6,gas,33877,Low CC,11,0
2010,dodge,journey,Excellent,Automatic,4,gas,157895,Low CC,44,0
2017,subaru,crosstrek,Excellent,Manual,4,gas,22888,Avg CC,42,0
2015,volvo,xc60 t5 awd,Excellent,Manual,5,gas,87675,Avg CC,32,0
1972,volkswagen,beetle,Excellent,Automatic,4,gas,77432,Avg CC,24,0
2012,jeep,wrangler,Excellent,Automatic,6,gas,55816,Avg CC,17,0
2010,ford,focus se,Excellent,Automatic,4,gas,131985,Avg CC,27,0
2006,toyota,camry solara se,Excellent,Automatic,4,gas,185000,Avg CC,27,0
2007,toyota,sequoia,Excellent,Automatic,8,gas,159000,Avg CC,39,0
2013,jeep,grand cherokee laredo 4x4,Excellent,Automatic,6,gas,165685,Avg CC,50,0
2014,ram,2500,Excellent,Automatic,6,diesel,96275,Avg CC,27,1
2013,lincoln,mks awd,Excellent,Manual,6,gas,88028,Avg CC,14,0
2015,nissan,rogue select,Excellent,Automatic,4,gas,23650,High CC,9,0
1998,chevrolet,corvette,Excellent,Automatic,8,gas,47021,Low CC,8,0
2012,jeep,liberty,Excellent,Manual,6,gas,104000,High CC,27,0
2009,jeep,grand cherokee,Excellent,Manual,6,gas,105919,Low CC,25,0
2015,gmc,sierra 1500,Excellent,Automatic,8,gas,122751,Avg CC,29,0
2014,subaru,outback limited,Excellent,Manual,4,gas,125137,Low CC,9,0
2004,mazda,tribute,Excellent,Manual,6,gas,110419,Low CC,11,0
2004,ford,econoline,salvage,Automatic,8,gas,297102,Low CC,35,0
2012,volkswagen,eos,Excellent,Automatic,4,gas,88225,Avg CC,50,0
2011,mercedes-benz,glk350 4x4,Excellent,Manual,6,gas,95767,Avg CC,49,0
2010,ram,1500,Excellent,Automatic,8,gas,254902,Low CC,34,0
2003,ford,e250 econoline,Excellent,Manual,8,gas,178174,Low CC,50,0
2011,chevrolet,silverado 2500hd,Excellent,Manual,8,gas,102532,Avg CC,22,0
2013,rover,sport limited,Excellent,Manual,8,gas,41000,Low CC,12,1
2015,gmc,acadia slt 1,Excellent,Manual,6,gas,65669,Low CC,43,0
2010,hyundai,santa fe gls awd,Excellent,Manual,4,gas,136828,Low CC,16,0
2008,acura,tsx,Excellent,Manual,4,gas,154817,Low CC,46,0
2013,bmw,x5,Excellent,Manual,6,gas,88955,Low CC,48,0
2012,toyota,yaris sedan,Excellent,Automatic,4,gas,55800,Low CC,25,0
2010,chevrolet,express passenger,Excellent,Automatic,8,gas,38068,High CC,10,0
2010,ford,edge limited awd,Excellent,Automatic,6,gas,134318,High CC,36,0
2015,gmc,denali 2500hd,Excellent,Automatic,8,diesel,55500,Low CC,44,1
2007,chevrolet,corvette z06,Excellent,Automatic,8,gas,44000,Low CC,40,1
2001,mazda,mx-5 miata,Excellent,Automatic,4,gas,91335,Avg CC,45,0
1999,toyota,sienna,Excellent,Manual,6,gas,246211,Low CC,39,0
2014,hyundai,elantra se,Excellent,Automatic,4,gas,49000,Low CC,33,0
2014,cadillac,cts awd,Excellent,Automatic,4,gas,84472,Low CC,18,0
2011,subaru,forester,Excellent,Automatic,4,gas,76324,Avg CC,45,0
2005,ford,super duty f-250,Excellent,Automatic,8,diesel,107997,Avg CC,13,0
2013,chevrolet,express passenger,Excellent,Automatic,8,gas,76316,Low CC,16,0
2012,ram,3500 cummins 4x4,Excellent,Automatic,6,diesel,125553,Low CC,14,1
1995,jeep,wrangler sahara,Excellent,Manual,4,gas,175763,Low CC,12,0
2014,ram,1500,Excellent,Automatic,8,gas,63000,Avg CC,33,0
2007,ford,explorer,Excellent,Manual,6,gas,121935,Low CC,13,0
2004,bmw,325ci,Excellent,Automatic,6,gas,110000,Low CC,35,0
2015,honda,accord,Excellent,Automatic,4,gas,103415,Avg CC,15,0
2007,infiniti,g35,Excellent,Manual,6,gas,121000,Low CC,9,0
1966,chevrolet,caprice,Excellent,Automatic,8,gas,88680,Low CC,6,0
2001,ford,f-250 sd,Excellent,Manual,8,gas,18125,Avg CC,42,0
2008,ford,f150 supercab,Excellent,Manual,8,gas,165500,Low CC,28,0
2006,honda,pilot,Excellent,Manual,6,gas,237000,Low CC,33,0
2002,jeep,wrangler,Excellent,Automatic,6,gas,145779,Avg CC,23,0
2011,nissan,rogue,Excellent,Automatic,4,gas,110000,Avg CC,44,0
2006,ram,1500 mega cab,Excellent,Manual,8,gas,158237,Low CC,5,0
2005,ford,f550,Excellent,Manual,8,diesel,119657,Low CC,43,0
2008,ford,escape 4wd xlt,Excellent,Automatic,6,gas,120000,Avg CC,34,0
2011,chevrolet,silverado 1500,Excellent,Automatic,8,gas,106700,Avg CC,28,0
2004,chevrolet,3/4 t crew cab lt 4x4,Excellent,Automatic,8,gas,154510,High CC,7,0
2011,chevrolet,impala,Excellent,Automatic,6,gas,61213,Low CC,40,0
2012,jeep,wrangler unlimited rubicon,Excellent,Manual,6,gas,113365,Low CC,9,0
2011,toyota,venza,Excellent,Manual,6,gas,146552,Low CC,11,0
2010,gmc,denali,Excellent,Manual,8,gas,145665,Avg CC,47,0
2007,ford,f150 ~93k miles,Excellent,Automatic,8,gas,93013,Avg CC,6,0
2006,chevrolet,silverado 1500 lt z71,Excellent,Automatic,8,gas,251558,Avg CC,42,0
2013,buick,lacrosse,Excellent,Automatic,4,gas,40008,Low CC,8,0
2004,subaru,impreza ts,salvage,Automatic,4,gas,194400,Avg CC,48,0
1970,chevrolet,chevelle,Excellent,Automatic,8,gas,78984,Avg CC,42,1
2007,toyota,tundra,Excellent,Automatic,8,gas,166925,Low CC,24,0
2012,ram,quad cab slt 4x4,Excellent,Manual,8,gas,115679,Low CC,35,0
2008,nissan,altima,Excellent,Automatic,4,gas,190000,Avg CC,47,0
2009,audi,s4,Excellent,Automatic,8,gas,47007,Low CC,50,0
2004,audi,a4,Excellent,Automatic,6,gas,101126,Avg CC,36,0
2016,chevrolet,camaro,Excellent,Automatic,6,gas,44278,High CC,33,0
2012,buick,enclave,Excellent,Automatic,6,gas,135656,High CC,34,0
2014,audi,s5 coupe,Excellent,Manual,8,gas,32000,Low CC,25,1
2014,dodge,charger,Excellent,Automatic,6,gas,102000,Avg CC,33,0
2009,toyota,tacoma double cab 4wd v6,Excellent,Automatic,6,gas,140914,Avg CC,49,0
2016,nissan,sentra sr,Excellent,Automatic,4,gas,14300,Low CC,33,0
1996,chevrolet,camaro,Excellent,Manual,6,gas,44000,Avg CC,33,0
2007,gmc,envoy,Excellent,Manual,8,gas,131342,High CC,24,0
1996,ford,f-350,Excellent,Automatic,8,diesel,184000,Avg CC,37,0
2015,chevrolet,sonic,Excellent,Automatic,4,gas,74893,Low CC,33,0
2016,ford,f150,Excellent,Manual,6,gas,124222,Avg CC,36,1
2011,ram,1500,Excellent,Manual,8,gas,82635,Low CC,44,0
1997,ram,3500,salvage,Manual,6,diesel,216458,Low CC,14,0
2016,ford,f-150 platinum,Excellent,Automatic,6,gas,97019,Low CC,49,1
2014,ford,fusion se,Excellent,Automatic,4,gas,100497,Avg CC,50,0
2008,audi,a6,Excellent,Automatic,6,gas,125000,High CC,49,0
2007,pontiac,g6,Excellent,Automatic,6,gas,178414,Low CC,11,0
2013,ford,escape,salvage,Manual,4,gas,98804,Avg CC,9,0
2010,ford,f-150 xlt crew cab,Excellent,Automatic,8,gas,234270,Avg CC,17,0
2015,ford,super duty f-250,Excellent,Manual,8,diesel,125616,High CC,18,1
2003,ram,2500,Excellent,Automatic,6,diesel,185095,Avg CC,19,0
1996,ford,bronco,salvage,Manual,8,gas,171000,Avg CC,31,0
2016,ford,edge sel,Excellent,Manual,4,gas,117417,Low CC,37,0
2017,chevrolet,camaro,Excellent,Manual,4,gas,20437,Avg CC,8,1
2007,ford,explorer xlt,Excellent,Automatic,6,gas,136984,Avg CC,14,0
2013,jeep,grand cherokee,Excellent,Automatic,6,gas,103415,Avg CC,18,0
2008,toyota,camry hybrid,Excellent,Automatic,4,gas,170223,Avg CC,44,0
2006,gmc,sierra 2500hd,Excellent,Automatic,8,diesel,291891,Avg CC,15,0
2010,jeep,wrangler rubicon 4x4,Excellent,Automatic,6,gas,89362,Low CC,42,0
2007,ford,fusion se,Excellent,Automatic,6,gas,156870,Low CC,13,0
2004,acura,tl 2004,salvage,Automatic,4,gas,220000,Avg CC,43,0
2009,honda,accord,Excellent,Manual,6,gas,129150,Avg CC,15,0
2004,buick,lesabre,Excellent,Automatic,6,gas,134000,Avg CC,12,0
2016,ford,f-350 sd,Excellent,Automatic,8,diesel,142105,High CC,22,1
2011,chevrolet,silverado 1500 ls,Excellent,Automatic,6,gas,98600,High CC,29,0
2003,toyota,tundra sr5,Excellent,Automatic,8,gas,122500,Low CC,29,0
2016,ford,f-150,Excellent,Automatic,6,gas,107650,Avg CC,23,1
2001,volkswagen,jetta tdi,salvage,Automatic,4,diesel,257521,Avg CC,44,0
2009,chevrolet,silverado 1500,Excellent,Manual,8,gas,161712,Avg CC,26,0
2012,honda,pilot ex,Excellent,Automatic,6,gas,106434,Avg CC,47,0
2014,toyota,tundra,Excellent,Automatic,8,gas,93785,Avg CC,33,0
2018,nissan,rogue,Excellent,Manual,4,gas,3613,Avg CC,45,0
2006,ford,f-250 sd,Excellent,Manual,8,diesel,208112,Avg CC,37,0
2004,chevrolet,corvette,Excellent,Automatic,8,gas,70000,Low CC,21,0
2013,ford,f-250 xlt super duty,Excellent,Automatic,8,gas,144079,Low CC,35,0
2008,lexus,is 250,Excellent,Automatic,6,gas,166500,High CC,30,0
2015,chevrolet,suburban,Excellent,Manual,8,gas,23000,High CC,10,1
2008,buick,lucerne cxl,Excellent,Automatic,6,gas,73200,Avg CC,5,0
2008,ford,expedition el,Excellent,Automatic,8,gas,236896,Avg CC,13,0
2017,ford,f-150 raptor,Excellent,Manual,6,gas,26800,Low CC,18,2
2001,ford,mustang gt,Excellent,Manual,8,gas,65000,Low CC,43,0
2013,hyundai,elantra gls,Excellent,Automatic,4,gas,73189,Low CC,14,0
2015,ford,focus se hatchback,Excellent,Manual,4,gas,72183,Low CC,34,0
2015,toyota,tundra,Excellent,Manual,8,gas,90600,Avg CC,50,1
2013,chevrolet,silverado 1500,Excellent,Automatic,8,gas,115422,High CC,22,0
2012,gmc,acadia,Excellent,Manual,6,gas,66581,Low CC,6,0
2014,ram,1500,Excellent,Manual,8,gas,48488,Avg CC,47,0
2013,hyundai,genesis,Excellent,Manual,6,gas,88700,Low CC,19,0
2018,chevrolet,suburban,Excellent,Automatic,8,gas,36540,Avg CC,16,1
1998,ferrari,355,Excellent,Automatic,8,gas,20055,Avg CC,39,2
2011,chevrolet,silverado 1500,Excellent,Automatic,8,gas,105751,Low CC,9,0
2008,mazda,3,Excellent,Manual,4,gas,135500,Low CC,34,0
2010,nissan,rogue,Excellent,Automatic,4,gas,120244,Avg CC,42,0
2008,jeep,liberty limited 4x4,Excellent,Manual,6,gas,102739,Avg CC,27,0
2015,ford,f-150 xlt,Excellent,Automatic,6,gas,91889,Avg CC,9,0
2001,honda,odyssey,Excellent,Automatic,6,gas,197000,Avg CC,21,0
2011,ram,2500 laramie longhorn diese,Excellent,Automatic,6,diesel,104484,Avg CC,13,1
2014,chevrolet,cruze ls,Excellent,Automatic,4,gas,123500,Low CC,38,0
2009,pontiac,g8,salvage,Manual,6,gas,133140,Avg CC,31,0
2011,ford,crown victoria police,Excellent,Automatic,8,gas,94698,Low CC,12,0
1999,ford,f-250 sd,Excellent,Manual,8,diesel,239000,Low CC,29,0
2019,ford,f-150,Excellent,Automatic,6,gas,2266,Low CC,41,1
2002,chevrolet,silverado,salvage,Manual,8,gas,140000,Low CC,31,0
2015,hyundai,elantra,Excellent,Manual,4,gas,78000,Avg CC,8,0
2013,ford,f-250 sd,Excellent,Automatic,8,gas,110243,High CC,46,0
2009,honda,fit sport,Excellent,Manual,4,gas,152000,Low CC,39,0
2007,subaru,forester,Excellent,Automatic,4,gas,154000,Low CC,50,0
1995,mercedes-benz,e300d,Excellent,Automatic,6,diesel,136000,Avg CC,11,0
2006,gmc,envoy xl slt,Excellent,Automatic,6,gas,130893,Low CC,20,0
2008,honda,civic,Excellent,Automatic,4,gas,142366,Low CC,9,0
2013,mercedes-benz,e-class,Excellent,Automatic,8,gas,51865,Avg CC,50,1
2016,gmc,sierra 3500hd,Excellent,Automatic,8,diesel,66430,Avg CC,30,2
2017,subaru,wrx,Excellent,Automatic,4,gas,24000,Avg CC,11,0
2013,volvo,s60 t5 awd,Excellent,Automatic,5,gas,91146,High CC,20,0
2010,ford,edge,Excellent,Automatic,6,gas,133244,Low CC,10,0
2012,dodge,challenger sxt,Excellent,Manual,6,gas,48892,Low CC,27,0
2008,dodge,caliber,Excellent,Manual,4,gas,105000,Avg CC,7,0
2015,ram,2500,Excellent,Automatic,6,diesel,138372,Avg CC,8,1
2019,chevrolet,silverado 1500 ld,Excellent,Automatic,8,gas,671,High CC,17,1
2009,subaru,tribeca limited awd,Excellent,Manual,6,gas,118478,Avg CC,7,0
1950,dodge,business coupe,Excellent,Automatic,6,gas,59591,Low CC,49,0
2012,chevrolet,cruze,Excellent,Manual,4,gas,121000,Low CC,13,0
2013,ford,focus titanium 2.0l auto,Excellent,Manual,4,gas,70000,Low CC,18,0
2017,chevrolet,cruze,Excellent,Manual,4,gas,45987,Low CC,8,0
2015,acura,rdx,Excellent,Automatic,6,gas,45000,Avg CC,28,0
2017,buick,verano,Excellent,Automatic,4,gas,10090,Low CC,28,0
2012,audi,q5 2.0 quattro premium plus,Excellent,Automatic,4,gas,129600,Low CC,41,0
1999,ford,l7500,Excellent,Manual,6,diesel,159905,Avg CC,20,0
1986,chevrolet,corvette,Excellent,Manual,8,gas,117700,Avg CC,28,0
2015,toyota,tacoma trd,Excellent,Automatic,6,gas,48500,Low CC,36,0
2017,jeep,wrangler unlimited,Excellent,Manual,6,gas,43410,Avg CC,29,1
2016,toyota,tacoma,Excellent,Automatic,6,gas,33634,Avg CC,36,1
2004,saturn,ion,Excellent,Automatic,4,gas,166228,High CC,13,0
2014,ford,f150 fx4,Excellent,Automatic,6,gas,161000,Avg CC,43,0
2005,toyota,tundra,Excellent,Automatic,6,gas,169050,Avg CC,47,0
2002,ford,f-150,Excellent,Manual,6,gas,80500,Low CC,43,0
2010,acura,tsx,Excellent,Automatic,4,gas,108000,Avg CC,17,0
2014,chevrolet,silverado 2500 hd,Excellent,Automatic,8,gas,80891,Avg CC,13,1
1996,gmc,sonoma,Excellent,Automatic,6,gas,150000,Avg CC,48,0
2013,dodge,grand caravan sxt,Excellent,Automatic,6,gas,112288,Low CC,12,0
1998,mercedes-benz,c43 amg,Excellent,Automatic,8,gas,160000,Low CC,38,0
2012,ram,1500,Excellent,Automatic,8,gas,161813,Low CC,40,0
2013,toyota,highlander,Excellent,Automatic,6,gas,89108,Low CC,14,0
2008,chevrolet,silverado 1500,Excellent,Manual,8,gas,99000,Low CC,31,0
2013,subaru,legacy,Excellent,Automatic,4,gas,109298,Low CC,41,0
2006,toyota,solara,Excellent,Automatic,6,gas,133000,High CC,7,0
2010,lincoln,mkt,Excellent,Manual,6,gas,90837,Avg CC,27,0
2014,chevrolet,silverado 2500hd,Excellent,Automatic,8,gas,32913,High CC,35,0
2003,mazda,tribute,Excellent,Automatic,6,gas,140000,Low CC,48,0
2011,ford,f150,Excellent,Automatic,8,gas,232430,Low CC,15,0
2005,dodge,dakota,Excellent,Automatic,8,gas,112888,Avg CC,38,0
2008,ford,escape,Excellent,Manual,6,gas,172000,Low CC,38,0
2007,toyota,rav4,Excellent,Manual,4,gas,132924,High CC,38,0
2010,volkswagen,touareg v6 tdi,Excellent,Automatic,6,diesel,99291,Low CC,42,0
2013,volvo,xc60,Excellent,Manual,6,gas,91882,Low CC,17,0
2008,chevrolet,hhr panel,Excellent,Manual,4,gas,97500,Low CC,6,0
2016,chevrolet,silverado 2500,Excellent,Manual,8,gas,68885,Avg CC,50,1
2009,hyundai,santa fe gls,Excellent,Automatic,6,gas,199800,Avg CC,34,0
2009,lexus,rx 350,Excellent,Manual,6,gas,97993,Avg CC,20,0
2005,chevrolet,silverado 1500,Excellent,Automatic,6,gas,205826,Avg CC,11,0
2013,volvo,c30 t5r,Excellent,Automatic,5,gas,94000,Low CC,12,0
2015,nissan,altima,Excellent,Automatic,4,gas,94500,Avg CC,44,0
2017,ford,transit,Excellent,Automatic,6,gas,51406,Avg CC,18,1
2015,ford,escape,Excellent,Manual,4,gas,96360,High CC,17,0
2015,chevrolet,express g2500,Excellent,Automatic,8,gas,188934,Low CC,48,0
2010,honda,fit,Excellent,Automatic,4,gas,129865,Avg CC,48,0
2005,toyota,camry solara,Excellent,Manual,4,gas,172130,Avg CC,30,0
2012,chevrolet,express,Excellent,Manual,8,gas,43742,High CC,41,0
2014,ford,fusion,Excellent,Manual,4,gas,89725,Avg CC,45,0
2008,ford,escape,Excellent,Automatic,4,gas,79000,Avg CC,39,0
2014,chevrolet,equinox lt awd,Excellent,Automatic,4,gas,186454,Low CC,38,0
2014,mercedes-benz,benz e350 awd,Excellent,Manual,6,gas,67366,Avg CC,50,0
1999,saturn,sl1,salvage,Manual,4,gas,105000,High CC,26,0
2012,chevrolet,g4500,Excellent,Automatic,8,diesel,108561,Low CC,15,0
2010,volvo,xc90 awd,Excellent,Manual,6,gas,116672,Avg CC,14,0
2014,nissan,sentra sv,Excellent,Automatic,4,gas,87406,Avg CC,38,0
1997,ford,taurus,Excellent,Automatic,8,gas,10237,Low CC,6,0
2007,honda,cr-v,Excellent,Automatic,4,gas,103857,Low CC,13,0
2012,ram,1500 tradesman,Excellent,Automatic,8,gas,214904,Low CC,37,0
2004,toyota,avalon xls,Excellent,Manual,6,gas,92000,Low CC,30,0
2006,rover,lr3,Excellent,Automatic,8,gas,126338,Low CC,10,0
1952,ford,f1 truck,Excellent,Automatic,8,gas,55206,Avg CC,32,1
2013,honda,cr-v,Excellent,Manual,4,gas,128426,Low CC,26,0
2010,chevrolet,silverado 1500,Excellent,Automatic,8,gas,113704,Low CC,19,0
2015,gmc,sierra 1500,Excellent,Automatic,8,gas,122751,Low CC,43,0
2007,ford,f-150,Excellent,Automatic,8,gas,106089,High CC,5,0
1989,ford,f-350 xlt,Excellent,Manual,8,diesel,125000,Avg CC,8,0
1992,subaru,legacy,Excellent,Automatic,4,gas,243932,Low CC,19,0
2013,chevrolet,impala,Excellent,Manual,6,gas,94074,Low CC,29,0
2013,ford,focus se,Excellent,Manual,4,gas,76207,Low CC,15,0
2008,dodge,grand caravan,Excellent,Automatic,6,gas,158871,Avg CC,7,0
2013,chevrolet,equinox ltz awd,Excellent,Automatic,4,gas,91200,Low CC,41,0
2011,chevrolet,express,Excellent,Automatic,6,gas,36347,High CC,40,0
2008,ford,crown victoria,Excellent,Automatic,8,gas,102000,Low CC,25,0
2004,chevrolet,silverado 2500hd,Excellent,Automatic,8,diesel,199004,Avg CC,42,0
2007,buick,lucerne cxl,Excellent,Automatic,6,gas,173606,High CC,31,0
2005,lexus,ls 430,Excellent,Manual,8,gas,138619,Avg CC,24,0
2016,buick,enclave,Excellent,Manual,6,gas,57369,Avg CC,48,1
2001,buick,regal,Excellent,Automatic,6,gas,143290,High CC,40,0
2004,ford,f150 ext. cab xlt,Excellent,Automatic,6,gas,87932,High CC,37,0
2013,subaru,impreza wrx,Excellent,Automatic,4,gas,64000,High CC,8,0
2013,toyota,rav 4 awd 4452a,Excellent,Automatic,4,gas,86595,Low CC,7,0
2013,ford,f150,Excellent,Manual,6,gas,128798,Low CC,22,0
2014,volkswagen,jetta sedan,Excellent,Automatic,4,diesel,12034,Avg CC,6,0
2010,honda,civic lx,Excellent,Manual,4,gas,114257,Avg CC,29,0
2016,ford,mustang gt,Excellent,Automatic,8,gas,87966,High CC,38,0
1999,ram,1500,Excellent,Manual,8,gas,218519,Avg CC,23,0
1999,chevrolet,1500 silverado,Excellent,Manual,8,gas,245262,High CC,17,0
2011,toyota,tacoma,Excellent,Automatic,4,gas,85291,High CC,46,0
2013,nissan,altima,Excellent,Automatic,4,gas,113000,Avg CC,20,0
2014,mercedes-benz,cla,Excellent,Automatic,4,gas,48509,Avg CC,7,0
2006,toyota,corolla ce,Excellent,Automatic,4,gas,140000,Avg CC,28,0
2007,gmc,yukon denali xl awd,Excellent,Manual,8,gas,199664,Low CC,14,0
2007,lexus,es 350,Excellent,Manual,6,gas,95000,Low CC,14,0
2011,ford,f350 super duty,Excellent,Manual,8,gas,202723,Avg CC,38,0
2010,jeep,commander limited,Excellent,Manual,8,gas,106841,Avg CC,16,0
2006,honda,odyssey ex l,Excellent,Manual,6,gas,238394,High CC,14,0
2013,ford,transit-connect xl,Excellent,Automatic,4,gas,80630,Avg CC,39,0
2002,mazda,tribute,Excellent,Manual,6,gas,94000,Avg CC,17,0
2007,ram,3500,Excellent,Manual,8,gas,34354,Low CC,5,0
2007,chevrolet,trailblazer,Excellent,Automatic,6,gas,29216,Avg CC,18,0
2015,ram,3500 crew diesel 4x4,Excellent,Automatic,6,diesel,133200,Low CC,46,1
2011,chevrolet,cruze eco,Excellent,Automatic,4,gas,105423,Low CC,23,0
2011,buick,enclave,Excellent,Automatic,6,gas,153397,Low CC,34,0
2008,pontiac,g6,Excellent,Manual,4,gas,121406,High CC,33,0
2001,ford,f-150 xlt supercab,Excellent,Automatic,6,gas,153404,Avg CC,22,0
2012,volkswagen,passat,Excellent,Automatic,5,gas,117649,Avg CC,12,0
2016,chevrolet,silverado 2500 lifted,Excellent,Manual,8,gas,63871,Avg CC,26,1
2003,bmw,330ci convertible,Excellent,Automatic,6,gas,93000,Low CC,24,0
2008,pontiac,solstice,Excellent,Manual,4,gas,114212,Low CC,42,0
2004,ford,f-250 sd,Excellent,Automatic,8,gas,251138,Low CC,5,0
2016,ram,2500 slt,Excellent,Automatic,8,gas,100327,Low CC,30,1
2013,hyundai,elantra gt,Excellent,Manual,4,gas,60500,Low CC,26,0
2014,lexus,is250 f sport,Excellent,Automatic,6,gas,64418,High CC,47,0
2014,ram,3500,Excellent,Manual,6,diesel,127507,Avg CC,34,1
2014,mercedes-benz,glk350,Excellent,Automatic,6,gas,107698,Avg CC,6,0
2016,nissan,versa,Excellent,Automatic,4,gas,50680,Low CC,50,0
2011,bmw,x5,Excellent,Automatic,6,gas,102846,Low CC,35,0
2005,ford,ranger,Excellent,Automatic,6,gas,92,Avg CC,40,0
1983,chevrolet,malibu,salvage,Automatic,6,gas,174521,Low CC,36,0
2007,nissan,armada se,Excellent,Automatic,8,gas,118600,Avg CC,33,0
2009,subaru,forester,Excellent,Manual,4,gas,225000,Low CC,41,0
2013,ford,econoline,Excellent,Automatic,8,gas,134870,Low CC,25,0
2017,gmc,sierra 1500,Excellent,Automatic,8,gas,39000,High CC,18,1
2015,ford,focus se,Excellent,Automatic,4,gas,68597,Avg CC,17,0
2009,buick,enclave,Excellent,Automatic,6,gas,158140,Low CC,48,0
1995,chevrolet,tahoe lt,salvage,Automatic,8,gas,176000,Avg CC,18,0
2002,mercedes-benz,benz c-class,Excellent,Manual,6,gas,155000,High CC,18,0
2015,chevrolet,sonic lt,Excellent,Manual,4,gas,67068,Low CC,21,0
2002,subaru,impreza outback sport,Excellent,Automatic,4,gas,164409,Avg CC,15,0
2014,ford,super duty f-250 srw lariat,Excellent,Automatic,8,gas,94525,Low CC,35,1
2002,gmc,sierra 1500,Excellent,Manual,8,gas,214222,Low CC,18,0
2013,mazda,3 i touring hatchback,Excellent,Manual,4,gas,104111,Low CC,22,0
2003,jeep,wrangler,Excellent,Automatic,6,gas,80167,Avg CC,50,0
2009,chevrolet,suburban 1500,Excellent,Manual,8,gas,153150,Avg CC,29,0
2008,chevrolet,trailblazer,Excellent,Automatic,6,gas,120679,Low CC,50,0
1999,ford,f150,salvage,Automatic,8,gas,180998,Low CC,32,0
2006,ford,f-150,Excellent,Automatic,6,gas,182186,Low CC,13,0
2009,gmc,sierra 2500 hd,Excellent,Manual,8,gas,201000,Low CC,29,0
2008,toyota,tacoma 4x4 access cab,Excellent,Manual,6,gas,160871,Avg CC,47,0
2015,hyundai,santa fe limited,Excellent,Automatic,6,gas,45500,Avg CC,21,0
2009,subaru,forester,Excellent,Manual,4,gas,113857,Low CC,46,0
2015,nissan,altima sv,Excellent,Automatic,4,gas,70638,Avg CC,40,0
2006,ford,econoline 250,Excellent,Automatic,8,gas,165142,Low CC,19,0
2006,chevrolet,trailblazer ls,Excellent,Automatic,6,gas,166000,High CC,31,0
2007,bmw,x3,Excellent,Automatic,6,gas,77120,Avg CC,42,0
2007,jeep,liberty,Excellent,Manual,6,gas,95664,Avg CC,16,0
2015,ford,f-250 king ranch,Excellent,Automatic,8,diesel,35000,Low CC,6,2
2006,dodge,charger sxt,salvage,Automatic,6,gas,159894,Low CC,14,0
2018,infiniti,qx80,Excellent,Manual,8,gas,35333,Low CC,31,1
2006,chevrolet,suburban,Excellent,Automatic,8,gas,181000,High CC,5,0
1972,ford,ranchero gt,Excellent,Automatic,8,gas,6900,Low CC,39,0
2006,chevrolet,cobalt,salvage,Automatic,4,gas,150000,Low CC,43,0
2014,toyota,rav 4,Excellent,Automatic,4,gas,50905,Avg CC,39,0
2010,honda,civic lx,Excellent,Automatic,4,gas,167327,Low CC,26,0
2005,chevrolet,impala,Excellent,Automatic,6,gas,127275,Avg CC,36,0
2017,hyundai,accent,Excellent,Automatic,4,gas,41943,High CC,38,0
1999,cadillac,sedan deville,Excellent,Manual,8,gas,86561,Low CC,32,0
2014,ford,exployer,Excellent,Manual,6,gas,82100,Avg CC,6,0
2005,jeep,grand cherokee,Excellent,Automatic,6,gas,131424,Avg CC,14,0
2007,chevrolet,silverado,Excellent,Automatic,8,gas,346212,High CC,30,0
2009,chevrolet,avalanche,Excellent,Manual,8,gas,139956,Avg CC,40,0
2011,nissan,versa,Excellent,Manual,4,gas,97497,Low CC,41,0
2004,kia,sorrento,Excellent,Automatic,6,gas,183000,Low CC,18,0
2012,volkswagen,jetta sedan,Excellent,Manual,4,diesel,42916,Avg CC,13,0
2013,chevrolet,malibu lt,Excellent,Manual,4,gas,84000,Avg CC,28,0
2015,toyota,sienna le,Excellent,Automatic,6,gas,42120,Low CC,25,0
2015,ram,2500 crew cab,Excellent,Automatic,8,gas,37583,Low CC,28,1
2017,chevrolet,equinox,Excellent,Automatic,6,gas,27504,Avg CC,21,0
1997,ford,f-150,Excellent,Manual,8,gas,203000,Low CC,12,0
2002,gmc,yukon denali,Excellent,Automatic,8,gas,255572,Low CC,45,0
2011,ford,econoline cargo van,Excellent,Automatic,8,gas,110135,Low CC,34,0
2012,gmc,sierra 1500 sle,Excellent,Manual,8,gas,98463,Avg CC,28,0
1996,ram,1500,Excellent,Automatic,8,gas,140230,Avg CC,19,0
2017,nissan,pathfinder sv,Excellent,Automatic,6,gas,47000,High CC,12,0
2002,mazda,millennia,Excellent,Automatic,6,gas,145000,Low CC,20,0
2007,hyundai,azera,Excellent,Automatic,6,gas,124566,High CC,28,0
2001,bmw,330i,salvage,Automatic,6,gas,170000,Avg CC,13,0
2016,chevrolet,silverado 2500 lifted,Excellent,Manual,8,gas,63871,High CC,37,1
2014,dodge,challenger,Excellent,Automatic,8,gas,55798,Low CC,16,0
2012,chevrolet,cruze ltz,Excellent,Manual,4,gas,127766,Low CC,15,0
2015,gmc,3500,Excellent,Manual,8,diesel,164260,Low CC,37,1
2012,chevrolet,silverado 1500 ls,Excellent,Automatic,8,gas,106913,Avg CC,14,0
2011,gmc,acadia,Excellent,Automatic,6,gas,134000,Avg CC,49,0
2003,ford,focus ztw wagon,Excellent,Automatic,4,gas,171000,Low CC,32,0
2014,nissan,altima sv,Excellent,Manual,4,gas,73943,Low CC,8,0
2006,saturn,vue,Excellent,Manual,4,gas,111656,Low CC,16,0
2014,ram,1500 tradesman,Excellent,Automatic,6,gas,148312,Low CC,44,0
2007,cadillac,escalade luxury awd gas,Excellent,Manual,8,gas,192779,Avg CC,39,0
2017,nissan,pathfinder,Excellent,Automatic,6,gas,46266,Avg CC,26,0
2013,dodge,grand caravan,Excellent,Manual,6,gas,194612,Avg CC,46,0
2013,lexus,rx 350,Excellent,Automatic,6,gas,66843,Avg CC,31,0
2015,dodge,durango limited awd,Excellent,Automatic,6,gas,24000,Avg CC,7,1
2003,ford,e-series e150 xlt van,Excellent,Manual,8,gas,188000,Low CC,38,0
2009,hyundai,sonata,Excellent,Manual,4,gas,118917,Low CC,32,0
2011,lincoln,mkx,Excellent,Manual,6,gas,92616,High CC,17,0
1995,acura,legend l,Excellent,Automatic,6,gas,239000,Avg CC,35,0
2006,nissan,armada,Excellent,Manual,8,gas,128475,Low CC,18,0
2006,jeep,commander,Excellent,Automatic,8,gas,164600,Avg CC,34,0
2011,volkswagen,golf,Excellent,Automatic,4,diesel,27929,Low CC,27,0
2007,jeep,compass,Excellent,Automatic,4,gas,133343,Avg CC,29,0
2008,hyundai,elantra,Excellent,Manual,4,gas,111000,High CC,47,0
2003,ford,e-450,Excellent,Automatic,8,diesel,240961,Avg CC,17,0
2005,mini,cooper base,Excellent,Automatic,4,gas,83782,Low CC,15,0
2016,chevrolet,equinox,Excellent,Manual,4,gas,61373,Avg CC,35,0
1998,jeep,cherokee,Excellent,Manual,8,gas,211000,High CC,23,0
2017,chevrolet,cruze,Excellent,Manual,4,gas,44722,Avg CC,48,0
2008,ford,f250,Excellent,Manual,8,diesel,133124,Avg CC,6,0
2006,chevrolet,vortec max,Excellent,Manual,8,gas,197825,High CC,46,0
2007,jeep,wrangler,Excellent,Automatic,6,gas,130629,Low CC,39,0
2001,toyota,4 runner limited,Excellent,Manual,6,gas,225000,Avg CC,41,0
2013,dodge,dart,Excellent,Manual,4,gas,66000,High CC,10,0
2006,ford,f-150 stx,Excellent,Manual,8,gas,171700,High CC,26,0
2013,bmw,335is,Excellent,Automatic,6,gas,51700,Avg CC,12,0
2016,ford,escape,Excellent,Automatic,4,gas,96931,High CC,19,0
2005,ram,2500 st,Excellent,Automatic,6,gas,205257,Avg CC,17,0
2016,toyota,corolla,Excellent,Manual,4,gas,29847,Low CC,19,0
2013,mercedes-benz,benz e350 4matic sport,Excellent,Automatic,6,gas,69485,High CC,35,0
1999,ford,f-150,Excellent,Manual,8,gas,166210,Low CC,28,0
2013,chevrolet,tahoe,Excellent,Manual,8,gas,182977,Low CC,11,0
2006,infiniti,g35,Excellent,Automatic,6,gas,113000,High CC,40,0
2003,toyota,tacoma,Excellent,Automatic,6,gas,239791,Low CC,27,0
2009,honda,cr-v ex-l 4x4,Excellent,Automatic,4,gas,127789,High CC,40,0
2005,ford,f-350 sd,Excellent,Automatic,8,diesel,198843,Avg CC,20,0
2010,nissan,sentra,Excellent,Automatic,4,gas,160252,Low CC,26,0
2013,chevrolet,equinox,Excellent,Automatic,4,gas,41722,Avg CC,23,0
2014,bmw,428ix,Excellent,Automatic,4,gas,48826,Avg CC,16,0
2002,pontiac,trans am convertable,Excellent,Automatic,8,gas,22340,Low CC,5,0
2014,gmc,sierra,Excellent,Manual,6,gas,65500,Avg CC,12,1
2008,dodge,dakota slt 4x4,Excellent,Automatic,8,gas,154057,Avg CC,5,0
2013,ford,explorer,Excellent,Manual,4,gas,84405,Low CC,43,0
2016,ford,transit wagon,Excellent,Automatic,6,gas,79000,Avg CC,29,1
2003,toyota,camry,Excellent,Automatic,6,gas,192000,Low CC,27,0
2002,ram,1500,Excellent,Manual,8,gas,146424,High CC,10,0
2015,gmc,sierra 1500,Excellent,Automatic,8,gas,97023,Low CC,20,1
2010,toyota,tacoma,Excellent,Automatic,4,gas,63492,Avg CC,38,0
2006,chevrolet,silverado 2500hd,Excellent,Manual,8,gas,158950,Low CC,48,0
2001,buick,lesabre custom,Excellent,Automatic,6,gas,76469,High CC,46,0
2013,toyota,tacoma,Excellent,Automatic,4,gas,94315,High CC,21,0
2010,ford,escape xlt,Excellent,Automatic,6,gas,87457,Low CC,39,0
2012,rover,evoque,Excellent,Automatic,4,gas,75541,Avg CC,41,0
1994,chevrolet,s10 pickup,Excellent,Manual,8,gas,118975,Avg CC,45,0
2014,chevrolet,sonic,Excellent,Automatic,4,gas,43079,Low CC,32,0
2010,chevrolet,avalanche,Excellent,Automatic,8,gas,103700,Low CC,27,0
2005,ford,taurus,Excellent,Manual,6,gas,101900,Low CC,21,0
2011,dodge,nitro,Excellent,Manual,6,gas,105011,Avg CC,47,0
2007,lincoln,mkx fwd,Excellent,Automatic,6,gas,164321,Avg CC,20,0
2012,chevrolet,traverse ls awd,Excellent,Manual,6,gas,112599,High CC,24,0
2008,jeep,wrangler unlimited,Excellent,Automatic,6,gas,103763,Low CC,43,0
2014,ford,f150 fx4,Excellent,Automatic,6,gas,161000,Avg CC,26,0
2011,dodge,durango,Excellent,Manual,8,gas,121003,Low CC,16,0
2012,kia,sorento,Excellent,Automatic,4,gas,99210,Low CC,19,0
2008,ford,focus,Excellent,Manual,4,gas,171758,Low CC,22,0
1993,chevrolet,corvette,Excellent,Automatic,8,gas,25385,Avg CC,40,0
2003,chevrolet,silverado 1500,Excellent,Automatic,8,gas,140614,Low CC,17,0
2004,dodge,town & country,Excellent,Manual,6,gas,116000,High CC,10,0
2017,toyota,tundra,Excellent,Automatic,8,gas,43000,Avg CC,44,1
2010,mercedes-benz,ml350,Excellent,Manual,6,gas,107118,Low CC,43,0
2014,chevrolet,malibu,Excellent,Automatic,4,gas,119633,Avg CC,47,0
2005,chevrolet,corvette,Excellent,Manual,8,gas,62612,High CC,17,0
2007,ford,f250,Excellent,Automatic,8,diesel,173700,Avg CC,29,0
2014,ford,f-150 supercrew 4x4,Excellent,Automatic,8,gas,33492,Avg CC,17,1
2010,ford,f150 supercrew,Excellent,Manual,8,gas,110982,Avg CC,29,0
2012,ford,transit connect tc,Excellent,Automatic,4,gas,54000,Avg CC,33,0
2009,dodge,challenger r/t,Excellent,Manual,8,gas,78591,Avg CC,23,0
2014,ford,expedition xlt,Excellent,Automatic,8,gas,151203,Avg CC,26,0
2011,lincoln,mkx,Excellent,Manual,6,gas,99719,Low CC,45,0
2004,subaru,outback,salvage,Automatic,6,gas,185328,Avg CC,13,0
2005,ford,freestar,Excellent,Manual,6,gas,180232,Avg CC,47,0
2000,volkswagen,new beetle gls,Excellent,Automatic,4,gas,159000,Low CC,42,0
2016,dodge,journey,Excellent,Automatic,6,gas,45831,High CC,10,0
2015,chevrolet,malibu,Excellent,Automatic,4,gas,85139,Avg CC,12,0
2009,acura,mdx,Excellent,Automatic,6,gas,119495,High CC,29,0
2006,lexus,gx470,Excellent,Automatic,8,gas,151945,Avg CC,11,0
2005,ford,freestar,Excellent,Automatic,6,gas,180232,Low CC,36,0
2007,chevrolet,impala,salvage,Manual,6,gas,124000,Avg CC,20,0
2007,chevrolet,silverado classic 2500,Excellent,Automatic,8,diesel,192397,Low CC,40,0
2016,hyundai,sonata,Excellent,Manual,4,gas,10789,Avg CC,7,0
2011,ford,f150 super crew fx4,Excellent,Automatic,8,gas,71266,Low CC,21,0
2013,bmw,activehybrid 3,Excellent,Automatic,6,gas,90842,Low CC,36,0
2017,ford,escape,Excellent,Automatic,4,gas,87487,High CC,46,0
2008,ram,2500,Excellent,Automatic,6,diesel,154643,Low CC,40,0
2001,ford,f1-50,Excellent,Automatic,8,gas,129368,High CC,8,0
2011,ford,ranger,Excellent,Manual,4,gas,73385,Avg CC,34,0
2006,gmc,sierra 2500hd,Excellent,Automatic,8,diesel,188205,Avg CC,32,0
2008,bmw,m3,Excellent,Manual,8,gas,82199,Low CC,9,0
2008,honda,ridgeline,Excellent,Automatic,6,gas,209000,Low CC,9,0
2011,toyota,camry,Excellent,Manual,4,gas,51500,Avg CC,15,0
2012,ford,focus,Excellent,Automatic,4,gas,114109,Low CC,31,0
2011,chevrolet,suburban 2500 ls,Excellent,Automatic,8,gas,89136,Avg CC,21,0
2010,kia,forte,Excellent,Manual,4,gas,96000,Low CC,20,0
2012,volkswagen,passat se v6 3.6l,Excellent,Automatic,6,gas,95482,Low CC,31,0
2016,hyundai,santa fe,Excellent,Manual,4,gas,63158,High CC,50,0
2019,ram,1500 truck,Excellent,Automatic,8,gas,70,Avg CC,14,1
2014,cadillac,cts,Excellent,Manual,4,gas,48625,Avg CC,38,0
2013,ford,explorer,Excellent,Automatic,6,gas,81250,High CC,41,0
2013,volkswagen,beetle,Excellent,Manual,5,gas,59940,Avg CC,15,0
2013,cadillac,cts sedan,Excellent,Automatic,6,gas,87640,Low CC,50,0
2016,jeep,wrangler,Excellent,Automatic,6,gas,26300,Low CC,16,1
2000,honda,odyssey,Excellent,Automatic,6,gas,247000,Low CC,42,0
2010,mazda,miata gt,Excellent,Manual,4,gas,92908,Low CC,42,0
2006,pontiac,g6 gtp,salvage,Automatic,6,gas,189000,Low CC,40,0
2003,chevrolet,silverado,salvage,Manual,6,gas,143700,Low CC,18,0
2005,gmc,sierra 1500 sle,Excellent,Automatic,8,gas,190639,Avg CC,13,0
2014,ram,1500,Excellent,Manual,8,gas,68489,Low CC,38,1
2008,subaru,legacy gt limited awd,Excellent,Automatic,4,gas,142083,High CC,27,0
2012,chevrolet,sonic,Excellent,Manual,4,gas,63670,Low CC,15,0
2011,ford,fusion,Excellent,Manual,4,gas,158800,Low CC,8,0
2015,chevrolet,impala lt,Excellent,Automatic,6,gas,63000,Low CC,40,0
2010,chevrolet,silverado 2500hd,Excellent,Automatic,8,gas,174485,High CC,38,0
2005,cadillac,escalade awd 6.0l,Excellent,Automatic,8,gas,211091,High CC,25,0
2014,chevrolet,sonic,Excellent,Automatic,4,gas,43079,Avg CC,43,0
2015,kia,sorento,Excellent,Manual,4,gas,38838,Avg CC,47,0
2012,jeep,compass,Excellent,Manual,4,gas,51719,Low CC,31,0
2013,ford,f-150 lariat,Excellent,Automatic,8,gas,97878,Low CC,48,0
2012,volkswagen,jetta tdi 6 speed,Excellent,Manual,4,diesel,29000,Low CC,48,0
2008,ford,super duty f-250 srw,Excellent,Automatic,8,gas,82000,Avg CC,30,0
2008,mercury,mariner,Excellent,Manual,6,gas,124308,Low CC,10,0
2010,mercury,mariner,Excellent,Automatic,6,gas,113551,Avg CC,39,0
2013,kia,optima ex,Excellent,Automatic,4,gas,66670,High CC,13,0
2009,nissan,pathfinder,Excellent,Automatic,6,gas,221000,High CC,39,0
1977,chevrolet,silver ado,Excellent,Automatic,8,gas,99999,Low CC,12,0
2000,ford,f250,Excellent,Automatic,8,diesel,155035,Low CC,14,0
2014,dodge,grand caravan,Excellent,Manual,6,gas,55030,High CC,48,0
2004,toyota,camry,Excellent,Automatic,4,gas,115097,High CC,20,0
2018,ford,f-150,Excellent,Automatic,6,gas,30290,Avg CC,20,1
2011,chevrolet,hhr,Excellent,Manual,4,gas,119956,High CC,44,0
2015,chevrolet,silverado,Excellent,Automatic,8,gas,69890,High CC,32,0
2007,jeep,grand cherokee larado,Excellent,Automatic,6,gas,133000,Low CC,41,0
2011,chevrolet,equinox,Excellent,Manual,6,gas,111201,Avg CC,32,0
2009,chevrolet,cobalt,Excellent,Manual,4,gas,103053,Avg CC,37,0
2004,buick,rainier,Excellent,Manual,8,gas,220000,Avg CC,29,0
2017,hyundai,elantra se,Excellent,Manual,4,gas,63621,High CC,48,0
2014,chevrolet,2500hd ltz crew cab,Excellent,Automatic,8,diesel,155729,Low CC,47,1
2014,ford,mustang,Excellent,Automatic,6,gas,27285,High CC,10,0
2010,dodge,challenger,Excellent,Automatic,8,gas,27151,High CC,43,0
2011,mazda,cx7 sv,Excellent,Automatic,4,gas,100000,High CC,5,0
2003,hyundai,sonata gls,Excellent,Automatic,6,gas,103157,Avg CC,39,0
2011,jeep,compass latitude awd,Excellent,Manual,4,gas,113289,High CC,24,0
2017,volvo,xc60,Excellent,Automatic,4,gas,68160,Avg CC,9,0
2011,gmc,sierra,Excellent,Automatic,8,gas,89000,High CC,48,0
2004,dodge,dakota club cab sxt,Excellent,Manual,6,gas,125300,Low CC,24,0
2007,chevrolet,trailblazer lt 4x4,Excellent,Automatic,6,gas,140386,Low CC,21,0
2011,ford,f-250 lariat 4x4,Excellent,Manual,8,diesel,83500,Avg CC,37,1
2015,ford,f-550,Excellent,Automatic,8,diesel,183117,Low CC,5,0
2008,pontiac,g6 gt,Excellent,Manual,6,gas,147400,Low CC,30,0
2015,honda,odyssey ex-l,Excellent,Manual,6,gas,40000,Low CC,9,0
2010,cadillac,escalade,Excellent,Manual,8,gas,106925,Low CC,20,0
2004,pontiac,grand am,Excellent,Automatic,6,gas,120851,Low CC,24,0
2016,ford,econoline,Excellent,Manual,8,gas,47213,Avg CC,9,1
1988,lincoln,town car,Excellent,Automatic,8,gas,75000,High CC,47,0
2007,gmc,sierra classic 1500,Excellent,Automatic,8,gas,94566,Low CC,50,0
2015,chevrolet,malibu ls,Excellent,Automatic,4,gas,71221,Low CC,28,0
2007,chevrolet,cobalt,Excellent,Manual,4,gas,179583,Avg CC,33,0
2009,ford,mustang,Excellent,Automatic,6,gas,67000,High CC,12,0
2003,chevrolet,silverado 1500,Excellent,Automatic,8,gas,53842,Low CC,6,0
2007,ford,f650,Excellent,Automatic,6,diesel,264456,Avg CC,45,0
2003,mercedes-benz,benz c230,Excellent,Manual,6,gas,72000,Low CC,25,0
2014,ford,escape se,Excellent,Automatic,4,gas,56053,Avg CC,36,0
2005,acura,mdx,Excellent,Manual,6,gas,182540,Low CC,26,0
2001,nissan,xterra,Excellent,Manual,6,gas,150000,Avg CC,18,0
2001,mercedes-benz,benz c320 4dsd,salvage,Automatic,6,gas,243000,Low CC,40,0
2008,nissan,titan pro4x,Excellent,Manual,8,gas,175950,Low CC,6,0
2014,mazda,3 isport,Excellent,Manual,4,gas,52154,Avg CC,34,0
1999,toyota,solara,Excellent,Automatic,6,gas,192000,Low CC,50,0
2014,ford,econoline,Excellent,Automatic,8,gas,101131,Avg CC,42,0
2011,volkswagen,jetta sportwagen,Excellent,Automatic,4,diesel,57083,Avg CC,49,0
2005,lexus,rx 330,Excellent,Manual,6,gas,136902,Low CC,6,0
2017,infiniti,q50,Excellent,Manual,6,gas,37389,Avg CC,33,0
2006,ram,2500,Excellent,Automatic,8,gas,116947,Low CC,37,0
2009,chevrolet,silverado 1500,Excellent,Manual,8,gas,90216,Low CC,29,0
2008,nissan,frontier,Excellent,Automatic,6,gas,103506,Avg CC,23,0
2001,ford,2001,Excellent,Automatic,8,gas,0,High CC,42,0
2015,ford,f-250 platinum,Excellent,Automatic,8,diesel,50731,Avg CC,16,1
2008,ford,edge limited awd,Excellent,Manual,6,gas,169474,Low CC,14,0
1996,ford,bronco,salvage,Manual,8,gas,215678,Low CC,35,0
2005,ford,escape,Excellent,Automatic,4,gas,109108,High CC,28,0
2006,ram,2500,Excellent,Automatic,6,diesel,0,High CC,36,0
2012,chrysler,town & country touring,Excellent,Automatic,6,gas,127170,Avg CC,34,0
1928,ford,hot rod,Excellent,Automatic,8,gas,13500,Avg CC,25,1
2013,ford,flex sel,Excellent,Automatic,6,gas,159876,Low CC,40,0
1999,ford,f-1504x4,Excellent,Manual,8,gas,177000,Low CC,38,0
2013,mercedes-benz,c250,Excellent,Automatic,4,gas,109475,Avg CC,34,0
1986,jeep,laredo,Excellent,Automatic,6,gas,76000,Low CC,6,0
2005,hyundai,elantra gls,Excellent,Automatic,4,gas,78180,Avg CC,37,0
2004,chevrolet,avalanche,Excellent,Manual,8,gas,143560,Low CC,28,0
2015,ram,promaster city,Excellent,Automatic,4,gas,96180,High CC,21,0
2007,gmc,envoy,Excellent,Automatic,8,gas,106134,Low CC,38,0
1989,bmw,318i touring,Excellent,Automatic,6,gas,168130,High CC,44,0
1947,dodge,wd15,Excellent,Manual,6,gas,2453,High CC,23,0
2013,ford,focus,Excellent,Manual,4,gas,112373,Avg CC,32,0
2007,bmw,530xi,Excellent,Automatic,6,gas,181250,High CC,11,0
2011,jeep,wrangler,Excellent,Manual,6,gas,135456,Avg CC,37,0
2012,mini,cooper,Excellent,Automatic,4,gas,83325,High CC,8,0
2010,kia,rio lx,Excellent,Automatic,4,gas,165000,Low CC,19,0
2012,volkswagen,eos,Excellent,Automatic,4,gas,95000,High CC,7,0
2011,toyota,sienna,Excellent,Manual,6,gas,152744,Avg CC,16,0
2013,chevrolet,cruze,Excellent,Manual,4,gas,114336,Avg CC,11,0
2014,jeep,grand cherokee,Excellent,Manual,6,gas,75725,High CC,15,0
2004,dodge,3500srw,Excellent,Automatic,6,diesel,103038,Avg CC,29,0
2013,ford,f-250 sd,Excellent,Automatic,8,gas,69357,Avg CC,49,0
2008,ford,f-350 super duty,Excellent,Automatic,8,diesel,201362,High CC,45,0
2014,chevrolet,camaro lt,Excellent,Automatic,6,gas,39218,High CC,17,0
2007,pontiac,grand prix,Excellent,Automatic,6,gas,109503,Avg CC,19,0
2016,gmc,yukon xl,Excellent,Automatic,8,gas,51808,Avg CC,29,1
2004,jeep,grand cherokee,Excellent,Manual,8,gas,191750,Avg CC,15,0
1980,mazda,rx-7,Excellent,Automatic,4,gas,126500,High CC,45,0
2001,ram,1500 van,Excellent,Automatic,6,gas,109132,Avg CC,5,0
2014,dodge,charger se,Excellent,Manual,6,gas,97953,Avg CC,31,0
1973,datsun,240z,Excellent,Automatic,6,gas,98000,Low CC,27,1
2017,jeep,willy wheeler unlimited,Excellent,Manual,6,gas,10600,High CC,48,1
2006,ram,3500,Excellent,Manual,6,diesel,221557,High CC,25,0
2008,gmc,acadia,Excellent,Automatic,6,gas,219539,Low CC,35,0
2004,chevrolet,silverado 1500,Excellent,Manual,8,gas,142338,Avg CC,39,0
2006,ford,f-150,Excellent,Automatic,8,gas,133353,Low CC,34,0
2015,mini,cooper,Excellent,Manual,4,gas,32305,Avg CC,35,0
2006,jeep,grand cherokee limited,Excellent,Automatic,8,gas,139238,High CC,33,0
2011,jeep,wrangler,Excellent,Automatic,6,gas,123600,Avg CC,15,0
2013,nissan,rogue,Excellent,Manual,4,gas,79199,Low CC,25,0
2012,honda,accord se,Excellent,Manual,4,gas,87605,Low CC,31,0
2007,toyota,rav-4 4x4,Excellent,Automatic,4,gas,156357,Avg CC,44,0
2012,ford,f150,Excellent,Manual,6,gas,110729,Low CC,6,0
2019,ford,fusion,Excellent,Manual,4,gas,2036,High CC,18,0
2008,ford,fusion se,Excellent,Automatic,4,gas,177000,High CC,34,0
2006,mini,cooper 1.6l hatchback,Excellent,Manual,4,gas,149334,Avg CC,28,0
2011,ford,fusion,Excellent,Automatic,6,gas,46096,Low CC,35,0
2017,chevrolet,silverado 1500,Excellent,Manual,8,gas,20992,Avg CC,47,1
2007,jeep,liberty,Excellent,Automatic,6,gas,111905,Avg CC,7,0
2018,hyundai,elantra,Excellent,Automatic,4,gas,33020,Avg CC,8,0
2009,honda,civic sdn,Excellent,Automatic,4,gas,124667,Low CC,33,0
2013,jeep,wrangler jk,Excellent,Automatic,6,gas,50000,Avg CC,42,1
2001,jeep,grand cherokee laredo,Excellent,Automatic,8,gas,295,Avg CC,49,0
1991,cadillac,allante,Excellent,Automatic,8,gas,158000,Low CC,39,0
2000,toyota,4 runner,Excellent,Automatic,6,gas,194500,Low CC,27,0
2017,honda,civic ex,Excellent,Manual,4,gas,15000,Low CC,42,0
2007,chevrolet,tahoe,Excellent,Manual,8,gas,169000,Low CC,43,0
2014,jeep,wrangler,Excellent,Manual,6,gas,40141,Low CC,43,0
2010,lincoln,mkx,Excellent,Automatic,6,gas,119753,Avg CC,28,0
2016,chevrolet,silverado,Excellent,Automatic,8,gas,32033,Low CC,25,1
2016,jeep,patriot 4x4,Excellent,Manual,4,gas,38348,Low CC,15,0
2010,ford,f150 supercrew,Excellent,Manual,8,gas,110927,Avg CC,49,0
2014,kia,optima lx,Excellent,Manual,4,gas,78342,High CC,7,0
2008,chevrolet,malibu ltz,Excellent,Automatic,6,gas,79650,Avg CC,10,0
2011,chevrolet,express,Excellent,Manual,6,gas,51036,Low CC,47,0
2019,chevrolet,colorado,Excellent,Manual,6,gas,17152,Low CC,42,1
2006,ford,f-750,Excellent,Automatic,6,diesel,38178,Avg CC,12,0
2016,toyota,tacoma,Excellent,Automatic,6,gas,96416,Low CC,49,0
2002,toyota,sequoia,Excellent,Manual,8,gas,167900,High CC,17,0
1968,ford,mustang,Excellent,Automatic,8,gas,96652,High CC,13,1
2004,mazda,rx8,Excellent,Automatic,4,gas,58192,Avg CC,31,0
2012,ram,2500,Excellent,Automatic,6,diesel,145262,High CC,26,1
2000,ford,f250,Excellent,Automatic,8,diesel,219000,High CC,44,0
2011,chevrolet,express passenger,Excellent,Manual,8,gas,84749,Low CC,49,0
2007,ford,f150 supercab,Excellent,Automatic,8,gas,197000,Low CC,48,0
2015,subaru,legacy 2.5i,Excellent,Automatic,4,gas,97772,Low CC,36,0
2009,gmc,acadia,Excellent,Automatic,6,gas,132000,Low CC,30,0
2009,honda,civic si,Excellent,Manual,4,gas,116670,Low CC,34,0
2008,honda,fit,Excellent,Automatic,4,gas,126000,Avg CC,28,0
2008,chevrolet,hhr,Excellent,Manual,4,gas,163000,High CC,50,0
2007,honda,odyssey,Excellent,Manual,6,gas,95000,Avg CC,19,0
2011,gmc,sierra 3500hd denali,Excellent,Automatic,8,diesel,93603,Low CC,46,1
2008,chevrolet,tahoe,Excellent,Manual,8,gas,132968,Low CC,6,0
1996,chevrolet,camaro z28,Excellent,Automatic,8,gas,115000,Low CC,26,0
1980,ford,f350,Excellent,Manual,8,gas,169000,Low CC,49,0
2017,ford,f-250 xlt lifted,Excellent,Manual,8,diesel,24615,Avg CC,45,1
2005,ford,expedition,salvage,Manual,8,gas,129000,Avg CC,13,0
1999,toyota,4runner,Excellent,Automatic,6,gas,157059,High CC,15,0
2006,chevrolet,sliverado z71 4x4,Excellent,Automatic,8,gas,172971,Low CC,9,0
2012,honda,civic,Excellent,Manual,4,gas,150000,Low CC,49,0
2006,honda,accord ex,Excellent,Manual,4,gas,212673,Avg CC,24,0
2004,ford,focus ztw,Excellent,Automatic,4,gas,71897,Low CC,47,0
2017,nissan,titan,Excellent,Automatic,8,diesel,26000,Avg CC,50,1
2012,dodge,journey crew,Excellent,Automatic,6,gas,98700,Avg CC,23,0
2008,ford,expedition,Excellent,Manual,8,gas,206000,Low CC,10,0
2013,ram,2500 tradesman 4x4,Excellent,Automatic,6,gas,108013,Avg CC,26,1
2008,bmw,3-series,Excellent,Automatic,8,gas,82528,Avg CC,26,0
2018,buick,encore,Excellent,Automatic,4,gas,8000,High CC,10,0
2013,chevrolet,silverado 1500,Excellent,Automatic,8,gas,135841,High CC,46,0
2013,hyundai,sonata,Excellent,Manual,4,gas,83000,High CC,29,0
2009,toyota,corolla,Excellent,Manual,4,gas,163282,High CC,7,0
2006,ram,3500,Excellent,Automatic,6,diesel,222387,High CC,32,0
2008,honda,civic,Excellent,Automatic,4,gas,241884,Avg CC,9,0
2012,ford,f-350,Excellent,Automatic,8,diesel,75863,Avg CC,6,1
2008,chevrolet,impala,Excellent,Automatic,6,gas,265565,Avg CC,49,0
2013,ford,f-250 sd,Excellent,Automatic,8,gas,219558,Avg CC,16,0
2019,volkswagen,passat,Excellent,Automatic,4,gas,6873,Avg CC,10,0
2009,chevrolet,silverado lt,Excellent,Automatic,8,gas,162165,Low CC,43,0
2015,ford,f-150 xlt,Excellent,Automatic,6,gas,91234,Avg CC,30,0
2013,ford,f-250 sd,Excellent,Automatic,8,gas,70876,Avg CC,22,0
2011,mazda,3 i sport,Excellent,Automatic,4,gas,161500,Low CC,34,0
2002,jeep,wrangler,Excellent,Automatic,6,gas,148572,Low CC,37,0
2008,bmw,328xi,Excellent,Manual,6,gas,96500,Low CC,27,0
2007,chevrolet,silverado 1500,Excellent,Manual,8,gas,142303,Avg CC,35,0
2003,ford,explorer,Excellent,Automatic,6,gas,161000,Low CC,29,0
2006,pontiac,g6,Excellent,Automatic,4,gas,178460,Avg CC,38,0
2012,jeep,grand cherokee,Excellent,Manual,6,gas,113000,Avg CC,12,0
2001,chrysler,pt cruiser,Excellent,Manual,4,gas,87800,Avg CC,7,0
2015,ford,f150,Excellent,Manual,6,gas,66500,Avg CC,50,1
2011,honda,civic sdn,Excellent,Automatic,4,gas,124444,Low CC,42,0
2010,honda,cr v,Excellent,Automatic,4,gas,126000,Low CC,19,0
2010,nissan,rogue,Excellent,Automatic,4,gas,111646,Avg CC,29,0
2015,nissan,altima,Excellent,Automatic,4,gas,52000,Avg CC,42,0
2011,buick,enclave,Excellent,Manual,6,gas,134049,Avg CC,35,0
2015,ford,f-250 sd,Excellent,Manual,8,gas,100096,Avg CC,20,0
2008,ford,focus,Excellent,Automatic,4,gas,131232,Low CC,36,0
2014,hyundai,sonata,Excellent,Automatic,4,gas,65224,Avg CC,42,0
2012,gmc,sierra 3500hd 4wd drw 1owner texas truck,Excellent,Manual,8,diesel,263896,Low CC,7,0
2013,acura,rdx,Excellent,Automatic,6,gas,104583,Avg CC,8,0
2004,toyota,sequoia,Excellent,Automatic,8,gas,75704,Low CC,21,0
2015,ford,edge,Excellent,Automatic,4,gas,26149,Avg CC,8,0
2009,nissan,alitima,Excellent,Automatic,4,gas,124000,Avg CC,44,0
1996,ram,b2500,Excellent,Automatic,8,gas,69028,Low CC,41,0
2011,ram,3500 cummins srw,Excellent,Manual,6,diesel,155000,Low CC,37,1
2011,ford,econoline,Excellent,Manual,8,gas,137474,Low CC,37,0
2016,chevrolet,silverado 1500 lt,Excellent,Manual,8,gas,24678,Low CC,15,1
2001,nissan,pathfinder,Excellent,Manual,6,gas,93760,High CC,38,0
2013,volkswagen,gti,Excellent,Manual,4,gas,72000,Avg CC,38,0
2007,chevrolet,cobalt,Excellent,Manual,4,gas,103000,Avg CC,47,0
2014,toyota,rav4 xle,Excellent,Manual,4,gas,54000,Avg CC,5,0
2003,gmc,sierra 1500,Excellent,Automatic,8,gas,0,High CC,38,0
2006,chevrolet,colorado,Excellent,Manual,5,gas,143248,Avg CC,42,0
2003,pontiac,grand am,Excellent,Manual,4,gas,172847,Low CC,36,0
2017,ford,focus se,Excellent,Automatic,4,gas,18000,Low CC,39,0
2013,ford,focus se,Excellent,Automatic,4,gas,87420,Avg CC,47,0
2005,chevrolet,equinox,Excellent,Manual,6,gas,131000,Low CC,42,0
2005,chrysler,300,Excellent,Automatic,6,gas,159947,Low CC,28,0
2006,ram,1500,Excellent,Manual,6,gas,135486,Low CC,24,0
2013,lexus,is 350c,Excellent,Manual,6,gas,70023,Low CC,13,0
2009,nissan,frontier crew cab 4x4,Excellent,Automatic,6,gas,32579,High CC,16,0
2011,chevrolet,duramax 3500,Excellent,Automatic,8,diesel,136736,Avg CC,12,0
2005,ford,f-150,Excellent,Manual,8,gas,126957,Low CC,26,0
2006,chevrolet,surburban,Excellent,Manual,8,gas,280000,Avg CC,43,0
2015,ford,super duty f-350 drw,Excellent,Manual,8,diesel,87000,Avg CC,5,1
2010,chevrolet,cobalt,Excellent,Manual,4,gas,121000,Low CC,47,0
2007,chevrolet,silverado,Excellent,Manual,8,gas,234670,Avg CC,42,0
2015,ford,f150,Excellent,Automatic,8,gas,63355,Low CC,5,1
2013,dodge,ram1500 4x4,Excellent,Manual,8,gas,83804,High CC,29,0
2011,buick,lucerne cxl,Excellent,Automatic,6,gas,91366,Low CC,47,0
2008,ford,expedition,Excellent,Automatic,8,gas,211884,Avg CC,22,0
2011,kia,optima,Excellent,Manual,4,gas,106790,Low CC,6,0
2011,gmc,acadia,Excellent,Automatic,6,gas,119550,High CC,21,0
2008,ram,3500 long bed diesel,Excellent,Automatic,6,diesel,102505,Low CC,50,0
2016,chevrolet,silverado lt,Excellent,Automatic,8,gas,62000,Avg CC,21,1
2007,nissan,pathfinder,Excellent,Manual,6,gas,88529,Low CC,37,0
2001,ford,f150 supercrew cab,Excellent,Automatic,8,gas,188433,Low CC,40,0
1983,buick,riviera convertible,Excellent,Automatic,8,gas,82000,High CC,15,0
2012,ford,escape,Excellent,Manual,4,gas,120000,Low CC,41,0
2012,volkswagen,jetta tdi premium,Excellent,Manual,4,diesel,81167,Avg CC,5,0
1999,bmw,323ic,Excellent,Automatic,6,gas,186000,Low CC,28,0
1999,mercury,grand marquis,salvage,Automatic,8,gas,131140,Low CC,35,0
2014,ram,2500,Excellent,Manual,6,diesel,136134,Avg CC,37,1
2009,ford,flex limited awd,Excellent,Automatic,6,gas,148235,Low CC,8,0
1999,ford,super duty f-350 drw,Excellent,Automatic,8,diesel,275562,Avg CC,27,0
2004,chevrolet,suburban 2500,Excellent,Manual,8,gas,200612,Avg CC,21,0
1999,volkswagen,jetta,Excellent,Automatic,4,gas,153500,Avg CC,20,0
2015,honda,pilot exln,Excellent,Automatic,6,gas,54300,Low CC,7,0
2011,ford,edge,Excellent,Manual,6,gas,129204,Avg CC,25,0
2006,lexus,is 250,Excellent,Manual,6,gas,122050,Low CC,9,0
2011,bmw,x6 awd,Excellent,Manual,6,gas,77433,High CC,45,0
2017,ford,focus rs,Excellent,Automatic,4,gas,8300,Low CC,36,1
2012,honda,fit,Excellent,Manual,4,gas,137000,Avg CC,37,0
2005,honda,odyssey ex,salvage,Manual,4,gas,233436,High CC,5,0
2016,ford,transit wagon,Excellent,Automatic,6,gas,79000,Low CC,36,1
2008,ford,f-350 sd,Excellent,Manual,8,gas,46327,Avg CC,49,1
2012,ford,mustang,Excellent,Manual,6,gas,86734,Avg CC,8,0
2016,jeep,cherokee,Excellent,Manual,6,gas,28845,Low CC,10,0
2011,gmc,acadia sle awd,Excellent,Automatic,6,gas,187595,Avg CC,24,0
2007,toyota,corolla,Excellent,Manual,4,gas,140000,Avg CC,24,0
2009,lincoln,mkz,Excellent,Automatic,6,gas,128000,Low CC,25,0
2001,dodge,3500 van,Excellent,Automatic,8,gas,150639,Avg CC,26,0
2008,saturn,vue ex,Excellent,Automatic,4,gas,101568,Avg CC,13,0
2016,gmc,sierra 1500 slt,Excellent,Automatic,8,gas,34000,Low CC,26,1
2017,ford,explorer,Excellent,Manual,4,gas,23559,Low CC,21,1
2008,audi,a4,Excellent,Manual,4,gas,59643,Avg CC,45,0
2006,ford,f-150,Excellent,Automatic,8,gas,194460,Low CC,27,0
2015,volkswagen,jetta sedan,Excellent,Automatic,4,gas,37068,Avg CC,10,0
2010,bmw,335i x drive,Excellent,Manual,6,gas,97683,Avg CC,28,0
2013,ford,fusion,Excellent,Automatic,4,gas,131290,Low CC,40,0
2011,chevrolet,silverado 2500hd,Excellent,Manual,8,gas,102532,Low CC,26,0
2019,ford,escape,Excellent,Manual,4,gas,12663,Avg CC,38,0
2013,dodge,dart sxt rallye,Excellent,Automatic,4,gas,117000,Low CC,14,0
2011,ford,f-350 xlt 4x4,Excellent,Automatic,8,gas,111031,Low CC,8,0
2002,subaru,outback wagon,salvage,Manual,4,gas,243745,Low CC,26,0
2013,ram,1500 laramie,Excellent,Automatic,8,gas,141034,Low CC,36,0
2007,toyota,solara sle convertible,Excellent,Automatic,6,gas,138100,High CC,29,0
2007,bmw,328xi,Excellent,Automatic,6,gas,144400,Avg CC,8,0
2012,chevrolet,silverado 1500 lt,Excellent,Manual,8,gas,121460,Low CC,39,0
2003,honda,accord sdn,Excellent,Manual,4,gas,159000,Low CC,28,0
1997,gmc,yukon,Excellent,Automatic,8,gas,180826,High CC,44,0
2017,chevrolet,suburban,Excellent,Automatic,8,gas,67000,Avg CC,49,1
2012,ford,escape,Excellent,Automatic,6,gas,112231,Avg CC,35,0
2008,toyota,tacoma,Excellent,Automatic,6,gas,272300,Avg CC,48,0
1996,ford,f700,Excellent,Automatic,8,gas,46595,High CC,45,0
2011,honda,civic,Excellent,Automatic,4,gas,121800,High CC,36,0
2013,ram,1500,Excellent,Automatic,8,gas,108589,Avg CC,23,0
2011,kia,soul,Excellent,Manual,4,gas,0,Low CC,22,0
2006,ford,mustang,Excellent,Manual,6,gas,138822,Low CC,7,0
1999,chevrolet,blazer,Excellent,Manual,6,gas,177000,Low CC,42,0
2011,chevrolet,silverado 3500hd,Excellent,Manual,8,gas,44433,Low CC,8,1
2011,chevrolet,express,Excellent,Automatic,8,gas,98159,Low CC,25,0
2007,chevrolet,silverado,Excellent,Automatic,8,gas,154788,Low CC,20,0
2010,chevrolet,camaro ss,Excellent,Automatic,8,gas,140,Avg CC,48,0
2011,chevrolet,silverado 2500hd,Excellent,Automatic,8,gas,102532,Avg CC,6,0
2012,ford,fusion,Excellent,Automatic,4,gas,75764,Avg CC,37,0
1998,dodge,dakota,Excellent,Manual,8,gas,212500,High CC,38,0
2013,volkswagen,jetta,Excellent,Automatic,5,gas,134380,Avg CC,44,0
2008,mini,cooper,Excellent,Manual,4,gas,101103,Avg CC,21,0
1997,ford,f-150,Excellent,Automatic,8,gas,125100,Avg CC,19,0
2017,toyota,tundra 4wd,Excellent,Manual,8,gas,35729,Avg CC,41,0
2008,honda,crv,Excellent,Automatic,4,gas,104156,Low CC,31,0
2004,ford,taurus,Excellent,Automatic,6,gas,94000,Low CC,34,0
2008,gmc,yukon xl,Excellent,Automatic,8,gas,147815,High CC,18,0
2008,jeep,liberty 4x4,Excellent,Manual,6,gas,186161,Avg CC,12,0
2012,mini,cooper s,Excellent,Manual,4,gas,46707,Low CC,25,0
2009,nissan,titan xe,Excellent,Manual,8,gas,116887,Low CC,8,0
2015,ford,mustang,Excellent,Manual,6,gas,26380,Low CC,12,0
1978,buick,regal,salvage,Automatic,6,gas,60324,High CC,29,0
2006,bmw,x3 3.0 6 speed manual,Excellent,Automatic,6,gas,93681,Avg CC,25,0
2018,ram,3500,Excellent,Automatic,6,diesel,32271,Avg CC,45,1
2013,jeep,wrangler sahara,Excellent,Automatic,6,gas,100200,Avg CC,35,0
2011,ford,f-250 sd,Excellent,Automatic,8,gas,136100,High CC,7,0
2013,dodge,ram1500 4x4,Excellent,Manual,8,gas,83804,High CC,17,0
2008,mercedes-benz,sprinter,Excellent,Manual,6,diesel,36000,Low CC,34,0
2000,honda,crv,Excellent,Automatic,4,gas,181909,Low CC,37,0
2010,honda,pilot,Excellent,Manual,6,gas,125495,High CC,35,0
2007,cadillac,escalade,Excellent,Manual,8,gas,164736,Avg CC,24,0
2014,gmc,sierra,Excellent,Automatic,8,gas,118785,Low CC,24,1
2008,ford,f-350 super duty,Excellent,Automatic,8,diesel,105323,Low CC,18,0
1992,lincoln,towncar excecutive,Excellent,Automatic,8,gas,24437,Avg CC,26,0
2013,jeep,grand cherokee laredo 4x4,Excellent,Manual,6,gas,165685,Low CC,37,0
2013,ford,escape se,Excellent,Automatic,4,gas,70590,Avg CC,37,0
2016,ford,transit cargo 250,Excellent,Manual,6,gas,82285,Low CC,34,0
2006,mazda,miata,Excellent,Manual,4,gas,109142,Avg CC,16,0
2015,mitsubishi,outlander sport gt,Excellent,Manual,4,gas,37750,Low CC,17,0
2000,lexus,lx470,Excellent,Automatic,8,gas,187000,Low CC,40,0
2016,jeep,patriot,Excellent,Manual,4,gas,43903,Low CC,21,0
2015,bmw,328i,Excellent,Manual,4,gas,104000,Low CC,14,0
2009,buick,enclave,Excellent,Manual,6,gas,98505,Low CC,8,0
2013,chevrolet,cruze,Excellent,Automatic,4,gas,114336,High CC,15,0
1989,bmw,325,Excellent,Manual,6,gas,139000,Low CC,27,0
2013,mitsubishi,outlander sport,Excellent,Automatic,4,gas,48515,High CC,36,0
2011,honda,accord,Excellent,Manual,4,gas,92767,High CC,7,0
2014,acura,rdx,Excellent,Automatic,6,gas,58700,Avg CC,38,0
2013,bmw,750i,Excellent,Automatic,8,gas,48000,Low CC,37,1
2008,toyota,highlander,Excellent,Manual,6,gas,184000,High CC,34,0
2017,ram,1500,Excellent,Automatic,8,gas,13800,High CC,37,0
2004,gmc,yukon xl quadrasteer,Excellent,Manual,8,gas,176249,Avg CC,11,0
2015,ford,f350,Excellent,Automatic,8,gas,134276,High CC,33,0
2016,buick,regal premium ii,Excellent,Manual,4,gas,38853,Avg CC,50,0
2008,ford,f-150,Excellent,Manual,6,gas,116689,Avg CC,46,0
2015,chevrolet,tahoe,Excellent,Automatic,8,gas,91000,Avg CC,33,1
2003,ford,explorer xlt,Excellent,Manual,6,gas,126526,High CC,9,0
2007,ford,mustand,Excellent,Automatic,6,gas,35905,Avg CC,38,0
2006,ford,taurus,Excellent,Manual,6,gas,217000,Avg CC,5,0
2012,acura,tsx,Excellent,Manual,4,gas,97300,Low CC,6,0
2009,bmw,328xi,Excellent,Automatic,6,gas,89009,Low CC,15,0
2009,nissan,xterra,Excellent,Manual,6,gas,149571,Low CC,48,0
2010,hyundai,tucson gls 2wd,Excellent,Manual,4,gas,103600,Avg CC,33,0
1988,gmc,sierra 2500,salvage,Automatic,8,gas,100000,Low CC,26,0
2013,dodge,journey,Excellent,Manual,4,gas,29,Low CC,49,0
2009,nissan,altima,Excellent,Automatic,4,gas,155926,Avg CC,26,0
2008,ford,ranger,Excellent,Automatic,4,gas,0,Low CC,46,0
2005,lexus,es300,Excellent,Automatic,6,gas,105978,Avg CC,14,0
2017,dodge,grand caravan sxt,Excellent,Manual,6,gas,27725,Avg CC,34,0
1997,ford,aerostar xlt,Excellent,Automatic,6,gas,250000,Avg CC,20,0
2006,kia,sorento,Excellent,Manual,6,gas,166793,Low CC,46,0
2009,mazda,mx-5 miata touring,Excellent,Automatic,4,gas,83745,Low CC,43,0
2014,volkswagen,passat,Excellent,Manual,4,gas,160515,Avg CC,43,0
2013,lincoln,mkz,Excellent,Manual,6,gas,81000,Avg CC,42,0
2012,lincoln,mkz,Excellent,Automatic,6,gas,64000,Avg CC,13,0
2008,gmc,sierra 3500,Excellent,Automatic,8,diesel,217383,Avg CC,13,0
2017,ford,f-250 sd,Excellent,Automatic,8,diesel,57297,Low CC,35,1
2005,honda,accord,Excellent,Manual,4,gas,190214,Low CC,27,0
2012,buick,lucerne 1xs super,Excellent,Automatic,6,gas,125854,High CC,28,0
2015,ram,c/v tradesman cargo,Excellent,Automatic,6,gas,119165,High CC,46,0
2006,ram,mega cab,salvage,Automatic,8,gas,157500,Avg CC,24,0
2008,honda,civic lx,Excellent,Automatic,4,gas,121622,Avg CC,46,0
2015,volvo,xc60,Excellent,Manual,6,gas,122512,Avg CC,13,0
2009,gmc,yukon denali,Excellent,Manual,8,gas,147983,Low CC,34,0
2007,chevrolet,avalanche,Excellent,Manual,8,gas,59082,Avg CC,15,0
2014,volkswagen,jetta,Excellent,Automatic,4,gas,81587,Avg CC,49,0
1992,chevrolet,scottsdale 4x4 sport,Excellent,Automatic,6,gas,261990,Avg CC,26,0
2011,chevrolet,silverado 1500,Excellent,Automatic,8,gas,203747,Low CC,47,0
2007,honda,ridgeline,Excellent,Automatic,6,gas,136260,Avg CC,28,0
2016,gmc,terrain sle awd,Excellent,Manual,4,gas,25741,Low CC,24,0
2004,gmc,starcraft conversion,Excellent,Automatic,8,gas,182336,Low CC,37,0
2017,subaru,outback premium,Excellent,Automatic,4,gas,27369,Avg CC,33,0
2007,ford,crown victoria police,Excellent,Manual,8,gas,55124,Avg CC,48,0
2015,ford,taurus,Excellent,Automatic,6,gas,38000,High CC,10,0
2004,gmc,2500 truck,Excellent,Automatic,8,gas,139000,Avg CC,20,0
1986,mercedes-benz,190d,salvage,Automatic,5,diesel,285381,Avg CC,9,0
2010,mercedes-benz,c300 4matic,Excellent,Manual,6,gas,129200,Low CC,47,0
2008,ford,econoline,Excellent,Manual,8,gas,146715,Avg CC,31,0
2013,chevrolet,malibu lt,Excellent,Automatic,4,gas,132000,High CC,42,0
2011,hyundai,elantra,Excellent,Automatic,4,gas,71933,Avg CC,50,0
2016,audi,a4,Excellent,Automatic,4,gas,32123,Avg CC,14,0
2002,jeep,grand cherojee laredo,salvage,Manual,6,gas,181000,High CC,43,0
2010,bmw,3-series,Excellent,Manual,6,gas,104402,Avg CC,48,0
2006,ford,freestyle sel,Excellent,Manual,6,gas,113888,High CC,9,0
2006,chevrolet,silverado 2500hd,Excellent,Automatic,8,diesel,115325,High CC,26,0
2006,honda,accord ex,Excellent,Manual,6,gas,150000,Low CC,8,0
2006,ram,2500 quad cab cummins,Excellent,Automatic,6,diesel,173757,Avg CC,17,0
2004,toyota,sequoia,Excellent,Manual,6,gas,134050,Avg CC,43,0
2006,pontiac,vibe,Excellent,Manual,4,gas,117650,Avg CC,37,0
2011,ford,escape xlt,Excellent,Automatic,4,gas,122947,Low CC,12,0
2017,ford,fusion,Excellent,Automatic,4,gas,14662,Low CC,32,0
2011,chevrolet,express,Excellent,Manual,6,gas,51036,Avg CC,35,0
1998,chrysler,sebring convertible jxi,Excellent,Manual,6,gas,87000,Low CC,45,0
2012,chevrolet,equinox ls awd,Excellent,Manual,4,gas,98998,Low CC,20,0
2014,nissan,frontier,Excellent,Manual,6,gas,114287,Avg CC,49,0
2014,nissan,altima,Excellent,Automatic,4,gas,99210,Low CC,15,0
2007,toyota,rav 4,Excellent,Automatic,6,gas,151000,Low CC,26,0
2015,ford,taurus,Excellent,Automatic,6,gas,57347,Avg CC,47,0
2018,chevrolet,silverado 2500hd,Excellent,Automatic,8,diesel,11807,Avg CC,28,1
2005,buick,lacrosse,Excellent,Automatic,6,gas,99147,Low CC,30,0
2008,gmc,yukon xl denali,Excellent,Manual,8,gas,85000,Avg CC,27,0
2014,ram,4500,Excellent,Automatic,8,diesel,305000,Low CC,50,1
2017,chevrolet,corvette,Excellent,Manual,8,gas,19,High CC,5,2
2016,nissan,sentra,Excellent,Automatic,4,gas,82875,High CC,45,0
2005,nissan,xterra,Excellent,Automatic,6,gas,202752,High CC,32,0
2006,chevrolet,silverado 2500hd,Excellent,Manual,8,diesel,223685,Avg CC,13,0
2008,mercedes-benz,e-class e 350,Excellent,Manual,6,gas,113089,Avg CC,11,0
2011,mercedes-benz,e-class,Excellent,Automatic,6,gas,81831,High CC,49,0
2011,gmc,canyon,Excellent,Automatic,5,gas,123721,High CC,15,0
2009,gmc,acadia,Excellent,Manual,6,gas,111418,Low CC,38,0
2008,chevrolet,silverado 3500hd,Excellent,Manual,8,gas,110940,Low CC,43,0
2002,chevrolet,camero,Excellent,Manual,8,gas,117000,Low CC,48,0
1999,chevrolet,suburban,salvage,Automatic,8,gas,191500,Avg CC,12,0
2004,toyota,sequoia limted,Excellent,Automatic,8,gas,139032,High CC,14,0
2009,chevrolet,silverado 2500hd,Excellent,Manual,8,gas,98863,High CC,41,0
2014,chevrolet,silverado ltz,Excellent,Manual,8,diesel,139403,Low CC,50,1
2005,toyota,highlander,Excellent,Automatic,4,gas,150321,Avg CC,11,0
2008,lexus,es350,Excellent,Automatic,6,gas,156000,Low CC,47,0
2011,ram,1500,Excellent,Automatic,8,gas,116175,Avg CC,27,0
2009,nissan,murano,Excellent,Automatic,6,gas,168284,Low CC,46,0
2011,buick,enclave,Excellent,Manual,6,gas,88098,Low CC,6,0
2009,honda,cr-v,Excellent,Manual,4,gas,123463,Low CC,9,0
2013,chevrolet,silverado 3500hd,Excellent,Manual,8,gas,206148,Low CC,13,0
2011,chevrolet,traverse,Excellent,Manual,6,gas,163231,Avg CC,48,0
2014,toyota,4 runner,Excellent,Automatic,6,gas,63774,Avg CC,24,1
2008,lexus,ls 460,Excellent,Automatic,8,gas,174063,Avg CC,28,0
1937,ford,pickup,Excellent,Manual,8,gas,15000,High CC,38,0
2011,buick,#NAME?,Excellent,Manual,6,gas,88818,Avg CC,43,0
2012,chevrolet,silverado 2500hd,Excellent,Automatic,8,gas,182795,Low CC,24,0
2005,honda,cr-v,Excellent,Automatic,4,gas,158627,Avg CC,48,0
2008,chevrolet,trailblazer,Excellent,Automatic,6,gas,120679,High CC,50,0
2014,ford,f-150,Excellent,Automatic,8,gas,153938,Avg CC,49,0
2014,honda,accord,Excellent,Automatic,4,gas,60700,Avg CC,20,0
2015,chevrolet,cruze,Excellent,Manual,4,gas,72356,Avg CC,40,0
2016,chevrolet,malibu,Excellent,Automatic,4,gas,51701,Low CC,15,0
2000,toyota,corolla,Excellent,Manual,4,gas,170087,Low CC,34,0
2008,ford,f-350 sd,Excellent,Automatic,8,gas,109578,Low CC,27,0
2008,ford,f350 super duty,Excellent,Automatic,8,diesel,141257,Low CC,18,0
2011,ford,ranger,Excellent,Automatic,6,gas,85555,High CC,43,0
2007,pontiac,solstice,Excellent,Manual,4,gas,98109,Avg CC,5,0
2013,chevrolet,silverado 1500,Excellent,Manual,8,gas,144588,High CC,48,0
2009,chevrolet,tahoe lt 4x4,Excellent,Automatic,8,gas,159820,Avg CC,24,0
2015,honda,odyssey ex-l,Excellent,Manual,6,gas,53850,Avg CC,32,0
2018,gmc,acadia,Excellent,Automatic,6,gas,22397,Low CC,47,1
2010,subaru,forester premium,Excellent,Automatic,4,gas,120344,Avg CC,17,0
2016,kia,sorento,Excellent,Manual,4,gas,38355,High CC,50,0
2007,hyundai,santa fe,Excellent,Manual,6,gas,157064,Low CC,50,0
1998,buick,lesabre limited edition,Excellent,Automatic,6,gas,45850,Low CC,14,0
2014,ram,1500 sport,Excellent,Manual,8,gas,51723,Avg CC,33,1
2007,chevrolet,tahoe,Excellent,Automatic,8,gas,273834,Avg CC,37,0
2012,ram,2500,Excellent,Automatic,6,diesel,66000,High CC,23,1
2013,kia,sorento ex 4wd,Excellent,Automatic,6,gas,74360,Avg CC,11,0
2017,honda,civic,Excellent,Manual,4,gas,6806,Low CC,12,0
2014,ford,fusion,Excellent,Automatic,4,gas,65452,High CC,13,0
2009,chevrolet,silverado 1500,Excellent,Manual,8,gas,141849,High CC,26,0
2014,jeep,cherokee trailhawk,Excellent,Manual,4,gas,43800,Avg CC,10,0
2007,chrysler,town&country,Excellent,Automatic,6,gas,15514,Avg CC,50,0
2011,acura,tsx,Excellent,Manual,4,gas,83407,Low CC,31,0
2005,cadillac,deville,Excellent,Automatic,8,gas,135301,Low CC,14,0
2014,nissan,pathfinder,Excellent,Automatic,6,gas,102971,Avg CC,35,0
2016,toyota,corolla,Excellent,Automatic,4,gas,33000,Avg CC,15,0
2015,gmc,sierra,Excellent,Automatic,8,gas,93920,Avg CC,18,1
2010,ford,escape xlt,Excellent,Automatic,4,gas,142000,Avg CC,37,0
2018,nissan,frontier,Excellent,Automatic,6,gas,25233,Avg CC,36,0
2011,ford,f-350,Excellent,Manual,6,diesel,94844,Avg CC,39,1
2006,pontiac,g6 gt,Excellent,Manual,6,gas,134898,Avg CC,47,0
1971,chevrolet,corvette stingray,Excellent,Automatic,8,gas,87281,Avg CC,29,0
2008,bmw,x3,Excellent,Automatic,6,gas,118465,Avg CC,45,0
2013,ford,explorer sport,Excellent,Automatic,6,gas,103941,Avg CC,21,0
2010,ford,f-150,Excellent,Automatic,8,gas,16892,High CC,40,0
2012,ram,5500 cummins 4x4 flatbed,Excellent,Automatic,6,diesel,214173,Low CC,21,1
2013,volvo,xc90 awd r-design,Excellent,Automatic,6,gas,69556,Low CC,32,0
2004,ford,f150 4 wd,Excellent,Manual,8,gas,169000,Low CC,26,0
2016,dodge,grand caravan,Excellent,Manual,6,gas,57448,Avg CC,43,0
2005,ford,expedition xlt,Excellent,Automatic,8,gas,142113,Avg CC,14,0
2008,ford,f-350 super duty,Excellent,Automatic,8,diesel,201362,Low CC,15,0
2004,ram,3500,Excellent,Automatic,8,gas,169000,Low CC,22,0
2001,toyota,celica gt,Excellent,Automatic,4,gas,145800,Low CC,12,0
2015,jeep,wrangler,Excellent,Automatic,6,gas,78000,High CC,15,0
2016,chevrolet,tahoe lt,Excellent,Automatic,8,gas,33000,Low CC,34,1
2019,ram,1500,Excellent,Automatic,8,gas,13664,Avg CC,18,1
2005,ford,f150 xlt 4x4,Excellent,Automatic,8,gas,183098,Avg CC,43,0
2006,pontiac,g6,Excellent,Automatic,4,gas,178460,Avg CC,5,0
2008,ford,f-250 4wd diesel rust free texas truck,Excellent,Automatic,8,diesel,209125,Avg CC,22,0
2016,ford,f-350,Excellent,Manual,8,diesel,129596,Low CC,28,1
2014,chevrolet,express 2500,Excellent,Automatic,8,gas,77000,Low CC,50,0
2008,cadillac,escalade,Excellent,Automatic,8,gas,160650,Avg CC,22,0
2010,subaru,outback,Excellent,Automatic,4,gas,84326,Low CC,5,0
2014,ram,1500,Excellent,Manual,8,gas,100242,Avg CC,37,0
2007,ford,econoline e250,Excellent,Automatic,8,gas,151297,Low CC,41,0
2017,ford,mustang,Excellent,Automatic,4,gas,69015,Avg CC,46,0
2015,audi,q5,Excellent,Automatic,4,gas,50000,Low CC,16,0
2011,ford,f-250sd,Excellent,Automatic,8,gas,166800,High CC,15,0
2013,volkswagen,cc,Excellent,Manual,4,gas,90052,High CC,40,0
2013,nissan,rogue,Excellent,Manual,4,gas,110132,High CC,12,0
2014,ford,econoline cargo van,Excellent,Manual,8,gas,87828,Low CC,50,0
2016,ram,1500 laramie,Excellent,Automatic,8,gas,19791,High CC,50,1
2015,ford,escape,Excellent,Manual,4,gas,42000,High CC,9,0
2008,buick,lacrosse,Excellent,Automatic,6,gas,187000,Low CC,50,0
2007,honda,ridgeline rts,Excellent,Manual,6,gas,200000,Low CC,15,0
2014,lexus,rx 350,Excellent,Manual,6,gas,46647,Low CC,12,0
2006,pontiac,g6 gtp,salvage,Automatic,6,gas,189000,Low CC,17,0
2007,chevrolet,uplander,Excellent,Automatic,6,gas,71800,Avg CC,31,0
2008,chevrolet,silverado 1500,Excellent,Manual,8,gas,67405,High CC,13,0
2007,lexus,is 250,Excellent,Automatic,6,gas,124397,High CC,41,0
2004,subaru,outback,Excellent,Automatic,6,gas,154980,Low CC,40,0
2016,jeep,compass,Excellent,Manual,4,gas,55000,Low CC,9,0
2015,ram,promaster city,Excellent,Manual,4,gas,96180,Low CC,6,0
1999,lincoln,continental,Excellent,Automatic,8,gas,70000,Low CC,16,0
2012,rover,evoque,Excellent,Manual,4,gas,58265,Low CC,50,0
2005,toyota,highlander,Excellent,Automatic,6,gas,91333,Avg CC,40,0
2012,ram,4500 st crew cab,Excellent,Automatic,8,diesel,202834,Low CC,28,0
1992,ford,f150,salvage,Manual,8,gas,266667,Low CC,6,0
2015,ford,superduty f-350 platinum deleted,Excellent,Automatic,8,diesel,78916,High CC,24,1
2010,ford,f-150,Excellent,Manual,8,gas,81605,Low CC,34,0
1992,chevrolet,silverado 3500,Excellent,Automatic,8,gas,42600,Low CC,7,0
2006,honda,odyssey,Excellent,Automatic,6,gas,196061,Avg CC,14,0
1999,chrysler,town country,Excellent,Manual,6,gas,184629,Avg CC,49,0
2010,ford,focus ses,Excellent,Automatic,4,gas,125000,High CC,39,0
2015,toyota,rav-4 le awd,Excellent,Manual,4,gas,121137,Low CC,15,0
2014,ford,mustang,Excellent,Automatic,6,gas,27285,High CC,41,0
2013,nissan,altima,Excellent,Automatic,4,gas,49000,Low CC,15,0
2002,buick,rendezvous,Excellent,Manual,6,gas,148544,Low CC,12,0
2003,jeep,wrangler,Excellent,Automatic,6,gas,82751,Avg CC,42,0
2014,chevrolet,silverado 1500,Excellent,Manual,6,gas,118250,Avg CC,17,0
2013,volkswagen,jetta tdi,Excellent,Automatic,4,diesel,118176,High CC,8,0
2015,chevrolet,suburban,Excellent,Manual,8,gas,112000,Avg CC,16,1
2008,ford,escape,Excellent,Manual,6,gas,118596,Low CC,45,0
1994,ram,laramie slt,salvage,Automatic,8,gas,130906,Avg CC,8,0
2002,toyota,rav4,Excellent,Automatic,4,gas,114000,Low CC,11,0
2003,lincoln,towncar,Excellent,Automatic,8,gas,130000,Low CC,27,0
2011,jeep,grand cherokee,Excellent,Automatic,8,gas,140599,Avg CC,34,0
2017,ford,c-max energi,Excellent,Manual,4,gas,24896,Low CC,9,0
2015,gmc,sierra 1500,Excellent,Automatic,8,gas,26027,Avg CC,12,1
1996,chevrolet,cargo van g3500,salvage,Automatic,8,gas,211557,Low CC,13,0
2010,hyundai,elantra,Excellent,Automatic,4,diesel,170900,Avg CC,38,0
2011,chevrolet,express,Excellent,Automatic,6,gas,24855,Avg CC,47,0
2014,jeep,patriot,Excellent,Manual,4,gas,40000,High CC,21,0
2008,cadillac,cts,Excellent,Manual,6,gas,74300,High CC,43,0
2010,ford,f-150,Excellent,Automatic,8,gas,99740,Low CC,32,0
2013,ford,escape,Excellent,Manual,4,gas,101696,Avg CC,25,0
2008,nissan,altima s,Excellent,Manual,4,gas,121823,High CC,23,0
2008,honda,accord le,Excellent,Manual,4,gas,217000,Avg CC,44,0
2013,hyundai,elantra,Excellent,Manual,4,gas,106239,Low CC,48,0
2015,ford,mustang,Excellent,Manual,8,gas,59750,Low CC,18,0
2014,hyundai,veloster,Excellent,Automatic,4,gas,100420,High CC,30,0
2016,ford,edge,Excellent,Automatic,6,gas,26770,Low CC,26,0
2011,toyota,camry se,Excellent,Automatic,4,gas,121914,Low CC,19,0
1999,ford,mustang,Excellent,Manual,8,gas,84000,Low CC,26,0
2013,ford,f-150 svt raptor,Excellent,Manual,8,gas,106000,Avg CC,41,1
2010,toyota,rav4,Excellent,Automatic,4,gas,131847,High CC,32,0
2007,honda,civic si,Excellent,Automatic,4,gas,95450,Avg CC,34,0
2013,jeep,wrangler,Excellent,Manual,6,gas,118725,Low CC,28,1
2010,dodge,caravan se,Excellent,Manual,6,gas,149890,Low CC,12,0
2018,jeep,wrangler sahara,Excellent,Manual,6,gas,15000,High CC,38,1
2013,chevrolet,silverado ext cab 4x4,Excellent,Automatic,8,gas,142000,High CC,42,0
2005,honda,accord lx,Excellent,Automatic,4,gas,230313,Avg CC,29,0
2012,nissan,maxima sv sport,Excellent,Automatic,6,gas,92469,Avg CC,39,0
2011,jeep,grand cherokee,Excellent,Automatic,6,gas,105926,High CC,19,0
1997,ram,1500 plow,Excellent,Automatic,8,gas,158900,Low CC,19,0
1966,cadillac,deville convertible,Excellent,Automatic,8,gas,103000,Avg CC,37,0
2002,nissan,frontier,Excellent,Automatic,6,gas,192290,High CC,42,0
2005,toyota,matrix,Excellent,Automatic,4,gas,206000,High CC,12,0
2012,chevrolet,silverado 1500 ls,Excellent,Manual,8,gas,106913,Low CC,39,0
2007,nissan,murano sl,Excellent,Automatic,6,gas,160000,Low CC,32,0
2006,infiniti,fx35,salvage,Manual,6,gas,148986,Low CC,6,0
2010,ford,f-150 fx4,Excellent,Manual,8,gas,77707,Low CC,48,0
2013,hyundai,sonata 2.4l se,Excellent,Automatic,4,gas,68434,High CC,26,0
2011,jeep,grand cherokee,Excellent,Manual,6,gas,140557,Low CC,18,0
2007,gmc,canyon sle,Excellent,Automatic,5,gas,99481,Low CC,43,0
2008,hyundai,santa fe,Excellent,Automatic,6,gas,157277,Low CC,42,0
2008,subaru,outback,Excellent,Automatic,4,gas,152414,Avg CC,28,0
2010,ford,f-150,Excellent,Manual,8,gas,225288,High CC,8,0
2011,toyota,tacoma double cab 4wd v6,Excellent,Manual,6,gas,122363,Avg CC,41,0
2014,ram,1500,salvage,Automatic,8,gas,70000,Low CC,50,0
2005,chrysler,sebring gtc,Excellent,Automatic,6,gas,90000,Low CC,50,0
2015,dodge,journey r/t,Excellent,Automatic,6,gas,35199,Low CC,44,0
2011,toyota,rav4,Excellent,Manual,4,gas,111248,Low CC,7,0
2006,honda,accord,Excellent,Automatic,4,gas,179000,Low CC,35,0
2006,pontiac,g6,Excellent,Manual,6,gas,133098,High CC,30,0
2013,mercedes-benz,e350,Excellent,Manual,6,gas,65500,High CC,19,0
2007,chevrolet,suburban,Excellent,Automatic,8,gas,208813,Low CC,10,0
2015,lincoln,mkx,Excellent,Automatic,6,gas,131000,High CC,45,0
2007,ford,expedition,Excellent,Manual,8,gas,185000,Avg CC,14,0
2005,ford,f250 serfvice utility bed,Excellent,Manual,8,gas,86587,Low CC,38,0
2014,chevrolet,silverado 1500,Excellent,Automatic,8,gas,46692,Low CC,17,1
2003,buick,lesabre custom,Excellent,Manual,6,gas,174992,Low CC,18,0
2009,kia,borrego,Excellent,Automatic,6,gas,121022,Avg CC,47,0
2014,chevrolet,express g1500,Excellent,Automatic,8,gas,68711,High CC,17,0
2008,chevrolet,silverado 2500hd,Excellent,Automatic,8,gas,150296,Avg CC,24,0
2017,hyundai,elantra,Excellent,Automatic,6,gas,42777,Avg CC,41,0
2016,ford,escape se,Excellent,Manual,4,gas,86888,Low CC,35,0
2017,ford,fusion,Excellent,Automatic,4,gas,70272,Low CC,41,0
2009,chevrolet,silverado 1500,Excellent,Automatic,8,gas,90216,Low CC,24,0
2013,chrysler,town and country,Excellent,Automatic,6,gas,81258,High CC,33,0
2004,chevrolet,silverado z71,salvage,Manual,8,gas,180500,Avg CC,24,0
2008,hyundai,entourage,Excellent,Manual,6,gas,89128,Avg CC,35,0
2005,chevrolet,avalanche 4x4,Excellent,Manual,8,gas,59000,Low CC,28,0
2008,chevrolet,cobalt,Excellent,Manual,4,gas,73000,Avg CC,50,0
2013,ford,escape s 2wd,Excellent,Manual,4,gas,30857,Avg CC,15,0
2005,honda,accord ex,Excellent,Automatic,4,gas,133272,High CC,5,0
1969,chevrolet,c10,Excellent,Manual,8,gas,1790,Low CC,17,1
2008,honda,pilot exl,Excellent,Manual,6,gas,97153,Low CC,44,0
2005,buick,terraza cxl,Excellent,Automatic,6,gas,91600,Avg CC,25,0
2013,ram,1500,Excellent,Automatic,8,gas,81674,Low CC,22,0
2011,mercedes-benz,e 550,Excellent,Automatic,8,gas,59000,Avg CC,32,0
2007,ford,mustang,Excellent,Manual,6,gas,125224,High CC,31,0
2008,chevrolet,silverado 1500,Excellent,Manual,8,gas,130855,Low CC,32,0
2012,volkswagen,jetta sportwagen,Excellent,Manual,4,diesel,79756,Low CC,49,0
2011,cadillac,dts,Excellent,Manual,8,gas,81687,Low CC,43,0
2017,acura,tlx,Excellent,Automatic,6,gas,59716,Low CC,49,0
2001,chevrolet,silverado 1500,Excellent,Automatic,8,gas,127299,Low CC,23,0
2016,mazda,3,Excellent,Automatic,4,gas,59572,Avg CC,9,0
2010,ford,f-150,Excellent,Automatic,8,gas,136429,Avg CC,8,0
2009,mazda,3,Excellent,Automatic,4,gas,120000,Low CC,39,0
2005,cadillac,deville,Excellent,Automatic,8,gas,60600,Low CC,31,0
2006,toyota,tacoma,Excellent,Automatic,6,gas,206000,Low CC,29,0
2014,buick,regal,Excellent,Automatic,4,gas,12343,Low CC,33,0
2008,honda,odessy ex-l,Excellent,Manual,6,gas,118576,Low CC,40,0
2013,honda,crosstour ex-l 4x4,Excellent,Manual,6,gas,105578,Avg CC,34,0
2012,chevrolet,malibu,Excellent,Automatic,4,gas,101567,Low CC,24,0
2006,volkswagen,passat,Excellent,Automatic,4,gas,123502,High CC,28,0
2018,chevrolet,silverado 2500hd,Excellent,Automatic,8,diesel,40460,Low CC,15,1
2008,buick,lucerne cx,Excellent,Automatic,6,gas,99954,Avg CC,27,0
1988,chevrolet,corvette coupe,Excellent,Automatic,8,gas,76730,Avg CC,39,0
2014,chevrolet,captiva sport fleet,Excellent,Automatic,4,gas,109301,Avg CC,40,0
2009,buick,lucerne,Excellent,Manual,6,gas,78365,Low CC,16,0
2005,ford,mustang,Excellent,Automatic,4,gas,96827,Avg CC,10,0
2015,chevrolet,city express,Excellent,Automatic,4,gas,42688,Avg CC,18,0
2019,chevrolet,equinox fwd ls,Excellent,Automatic,4,gas,1207,High CC,7,0
2013,ram,2500,Excellent,Manual,6,diesel,59264,Low CC,38,1
2012,ram,1500,Excellent,Automatic,8,gas,85300,High CC,18,0
2010,chevrolet,tahoe ltz,Excellent,Automatic,8,gas,138500,Low CC,34,0
2006,chevrolet,colorado,Excellent,Automatic,5,gas,78594,High CC,11,0
2013,kia,optima sx turbo,Excellent,Manual,4,gas,43021,Avg CC,47,0
2012,toyota,tundra,Excellent,Automatic,8,gas,121539,Low CC,39,0
2011,ford,escape xlt 4x4,Excellent,Manual,4,gas,146000,Avg CC,30,0
2011,gmc,sierra,Excellent,Automatic,8,gas,77000,Avg CC,49,0
2014,jeep,grand cherokee,Excellent,Manual,6,gas,79004,Avg CC,21,0
2014,volkswagen,jetta gli,Excellent,Manual,4,gas,117739,Low CC,40,0
2007,honda,cr-v,Excellent,Manual,4,gas,82000,High CC,16,0
2014,dodge,charger,Excellent,Manual,6,gas,102000,High CC,14,0
2001,dodge,neon se,salvage,Automatic,4,gas,125000,Low CC,31,0
2008,nissan,versa sl,Excellent,Manual,4,gas,101507,Avg CC,42,0
2008,chevrolet,avalanche,Excellent,Automatic,8,gas,136346,Avg CC,14,0
2015,kia,soul,Excellent,Manual,4,gas,43069,Avg CC,32,0
2013,chevrolet,silverado,Excellent,Manual,8,gas,260740,Avg CC,27,0
2004,honda,civic sedan automatic,Excellent,Automatic,4,gas,150514,High CC,6,0
2015,hyundai,sonata se,Excellent,Manual,4,gas,43000,Low CC,41,0
2006,chevrolet,silverado 2500hd,Excellent,Automatic,8,diesel,223685,Low CC,18,0
2008,mazda,cx-9,Excellent,Automatic,6,gas,256500,Avg CC,48,0
2007,ram,3500,Excellent,Automatic,6,diesel,235908,Low CC,39,0
2011,mercedes-benz,c-class,Excellent,Automatic,6,gas,190000,High CC,22,0
2019,chevrolet,express 2500 cargo van,Excellent,Automatic,6,gas,12989,Avg CC,7,1
2007,ram,3500,Excellent,Manual,8,gas,34354,Avg CC,28,0
2013,nissan,altima s,Excellent,Automatic,4,gas,50700,Low CC,38,0
2005,subaru,impreza wrx sti,Excellent,Automatic,4,gas,165188,Avg CC,38,0
2013,ford,escape,Excellent,Automatic,4,gas,63307,Low CC,27,0
2017,ford,expedition,Excellent,Manual,6,gas,71268,Low CC,42,0
1997,ford,e-350 ambulance,Excellent,Automatic,8,diesel,263885,Low CC,19,0
2007,mazda,cx-9,salvage,Automatic,6,gas,191520,High CC,29,0
2018,ford,transit van,Excellent,Automatic,6,gas,16121,Low CC,10,1
2016,chevrolet,silverado 3500hd,Excellent,Automatic,8,diesel,41000,Low CC,36,1
2008,ford,f-250 f250,Excellent,Automatic,8,gas,146000,Avg CC,49,0
2013,nissan,sentra,Excellent,Automatic,4,gas,75561,Low CC,35,0
2005,dodge,grand caravan,Excellent,Manual,6,gas,199036,Avg CC,19,0
2003,honda,accord,Excellent,Manual,6,gas,209178,Avg CC,50,0
2007,acura,tl tech package,Excellent,Manual,6,gas,104670,High CC,13,0
2005,nissan,titan,Excellent,Manual,8,gas,134464,Avg CC,5,0
2009,toyota,corolla 4d,Excellent,Automatic,4,gas,166560,Low CC,10,0
2015,volkswagen,jetta s sedan,Excellent,Automatic,4,gas,60000,High CC,34,0
2009,toyota,highlander limited,Excellent,Automatic,6,gas,138500,Low CC,38,0
2006,jeep,liberty,Excellent,Automatic,6,gas,152544,Avg CC,23,0
2016,chevrolet,cruz - limited ls w/1sb,Excellent,Automatic,4,gas,66304,Avg CC,48,0
2012,nissan,murano sv,Excellent,Manual,6,gas,144917,Low CC,41,0
2015,chrysler,200 limited,Excellent,Manual,4,gas,98712,High CC,15,0
2003,ford,excursion,Excellent,Automatic,8,diesel,189827,Avg CC,38,0
1986,bmw,528e,Excellent,Automatic,6,gas,140223,Low CC,47,0
2017,ford,f-250 sd,Excellent,Manual,8,diesel,125780,Low CC,10,1
2004,honda,civic,Excellent,Automatic,4,gas,120468,Avg CC,22,0
2004,toyota,corolla,Excellent,Manual,4,gas,129972,Avg CC,47,0
2012,volvo,xc90,Excellent,Automatic,6,gas,121495,Low CC,7,0
2013,acura,rdx,Excellent,Manual,6,gas,104583,Avg CC,35,0
2006,toyota,sienna le one owner!!!,Excellent,Automatic,6,gas,185256,Avg CC,29,0
2008,buick,enclave,Excellent,Automatic,6,gas,108000,Avg CC,28,0
2007,mini,cooper s,Excellent,Manual,4,gas,161800,Low CC,32,0
2009,subaru,forester,Excellent,Manual,4,gas,220900,Avg CC,19,0
2016,toyota,rav4 limited,Excellent,Automatic,4,gas,26000,Low CC,19,0
2016,gmc,sierra 3500 denali,Excellent,Manual,8,gas,38858,Avg CC,28,1
2015,nissan,nv200,Excellent,Automatic,4,gas,122135,Low CC,48,0
2006,nissan,altima,Excellent,Manual,4,gas,145000,Low CC,19,0
2011,subaru,outback 3.6r ltd awd,Excellent,Automatic,6,gas,77584,Avg CC,15,0
2016,bmw,x5,Excellent,Automatic,6,gas,47160,Avg CC,27,1
2009,nissan,rogue,Excellent,Automatic,4,gas,163399,Avg CC,17,0
2018,ford,transit cargo van 250,Excellent,Manual,6,gas,16038,Avg CC,47,1
2016,toyota,camry,Excellent,Automatic,4,gas,56464,Low CC,34,0
2004,toyota,sequoia,Excellent,Automatic,8,gas,225000,Avg CC,9,0
2010,jeep,liberty sport 4x4,Excellent,Automatic,6,gas,113315,Low CC,29,0
2001,chrysler,sebring convertible,Excellent,Manual,6,gas,88000,Avg CC,29,0
2010,hyundai,accent gl,Excellent,Manual,4,gas,30000,Avg CC,45,0
2004,chevrolet,tahoe z71,Excellent,Automatic,8,gas,168000,Avg CC,18,0
2001,chevrolet,c1500,Excellent,Automatic,8,gas,145000,Low CC,22,0
2015,bmw,320i,Excellent,Manual,4,gas,40127,Low CC,7,0
2015,chevrolet,colorado,Excellent,Manual,4,gas,106000,High CC,33,0
2004,lexus,rx 330,Excellent,Manual,6,gas,141086,Low CC,35,0
2000,chevrolet,s10,salvage,Automatic,6,gas,206000,Low CC,14,0
2001,toyota,celica gt,Excellent,Automatic,4,gas,143633,Avg CC,12,0
2007,gmc,yukon denali xl awd,Excellent,Manual,8,gas,199664,Low CC,37,0
2017,honda,fit,Excellent,Manual,4,gas,13332,Low CC,11,0
2010,toyota,camry,Excellent,Automatic,6,gas,125365,High CC,37,0
2007,nissan,murano,Excellent,Manual,6,gas,131179,High CC,24,0
2010,audi,q5 2010,Excellent,Automatic,8,gas,107629,High CC,12,0
2015,ford,super duty f-350 drw,Excellent,Manual,8,diesel,87000,Low CC,23,1
2017,audi,q7,Excellent,Manual,6,gas,49117,High CC,41,1
2015,chevrolet,silverado 2500hd,Excellent,Automatic,8,gas,118000,Low CC,35,1
2003,jeep,grand cherokee,salvage,Automatic,6,gas,198550,Low CC,17,0
2002,mitsubishi,lancer oz rally 4dr,salvage,Automatic,4,gas,157351,Low CC,43,0
2002,chevrolet,suburban,Excellent,Automatic,8,gas,185000,Low CC,33,0
2002,ford,explorer,Excellent,Automatic,6,gas,111530,Low CC,29,0
1998,buick,riviera,Excellent,Automatic,6,gas,50321,Low CC,49,0
2003,toyota,echo,salvage,Automatic,4,gas,240000,Avg CC,44,0
2015,chevrolet,sonic ltz,Excellent,Manual,4,gas,43652,High CC,5,0
2015,jeep,wrangler,Excellent,Automatic,6,gas,69693,High CC,9,0
2007,gmc,sierra 1500 classic,Excellent,Manual,8,gas,181127,High CC,34,0
2009,gmc,sierra 2500hd,Excellent,Automatic,8,gas,117443,Low CC,31,0
2008,ford,explorer sport trac,Excellent,Manual,6,gas,82000,High CC,40,0
2018,chevrolet,malibu lt,Excellent,Automatic,4,gas,37374,Low CC,24,0
2014,mercedes-benz,e-class,Excellent,Manual,6,gas,74505,Low CC,36,0
2016,chevrolet,express,Excellent,Automatic,8,gas,45378,Avg CC,6,0
2018,toyota,rav4,Excellent,Manual,4,gas,13897,Low CC,40,0
2003,chevrolet,silverado 2500hd,Excellent,Automatic,8,gas,143260,Low CC,45,0
2004,bmw,545i,Excellent,Automatic,8,gas,116000,High CC,29,0
2010,bmw,x5,Excellent,Automatic,6,gas,117136,Avg CC,20,0
2009,ford,f-550,Excellent,Automatic,8,diesel,98912,Low CC,22,1
2016,ford,f-550,Excellent,Automatic,8,diesel,24797,Avg CC,31,2
2013,chevrolet,silverado lt,Excellent,Manual,8,gas,118000,Low CC,41,0
2007,bmw,x3,Excellent,Automatic,6,gas,122150,High CC,11,0
2014,toyota,yaris,Excellent,Manual,4,gas,132580,Avg CC,37,0
2007,nissan,armada se,Excellent,Automatic,8,gas,120953,Low CC,48,0
2006,ford,f-750,Excellent,Automatic,6,diesel,53143,Avg CC,47,0
2012,gmc,acadia,Excellent,Manual,6,gas,91652,High CC,33,0
2017,nissan,altima,Excellent,Manual,4,gas,41201,Avg CC,43,0
2008,honda,ridgeline,Excellent,Automatic,6,gas,68000,Avg CC,6,0
2005,ram,2500,salvage,Automatic,8,gas,161638,Low CC,34,0
1990,honda,crx hf,Excellent,Manual,4,gas,344600,Avg CC,43,0
2014,lexus,rx 350 awd,Excellent,Automatic,6,gas,51353,Low CC,28,0
2012,subaru,forester,Excellent,Manual,4,gas,134112,Avg CC,42,0
2013,gmc,terrain,Excellent,Manual,4,gas,83235,Avg CC,46,0
2016,toyota,tacoma,Excellent,Automatic,6,gas,112009,High CC,26,0
2001,chevrolet,2500hd,Excellent,Automatic,8,diesel,135123,Low CC,45,0
2018,volkswagen,tiguan sel,Excellent,Automatic,4,gas,22500,Avg CC,13,0
2012,ford,focus se,Excellent,Manual,4,gas,132000,Avg CC,27,0
2005,chevrolet,silverado 1500 z71 4x4,Excellent,Manual,8,gas,18965,Avg CC,43,0
2010,cadillac,escalade,Excellent,Manual,8,gas,129000,High CC,24,0
2007,bmw,convertible,Excellent,Automatic,8,gas,139000,Low CC,7,0
2006,cadillac,dts,Excellent,Manual,8,gas,111200,Avg CC,28,0
2012,chevrolet,express 3500,Excellent,Manual,8,gas,181441,Avg CC,46,0
2015,ram,2500 tradesman,Excellent,Manual,8,gas,99925,High CC,38,0
2008,saturn,outlook xr awd,salvage,Manual,6,gas,184000,Avg CC,10,0
2013,chevrolet,silverado 3500hd,Excellent,Automatic,8,diesel,112496,Avg CC,22,0
2013,dodge,grand caravan,Excellent,Automatic,6,gas,124085,Avg CC,39,0
1997,ford,expedition,Excellent,Automatic,8,gas,206000,High CC,49,0
2007,subaru,outback,Excellent,Automatic,4,gas,153000,Avg CC,5,0
2011,hyundai,santa fe,Excellent,Manual,4,gas,97700,Avg CC,9,0
2011,jeep,grand cherokee overland,Excellent,Automatic,6,gas,190000,Low CC,47,0
2009,toyota,tacoma,Excellent,Automatic,4,gas,91500,Low CC,13,0
2015,toyota,tacoma,Excellent,Automatic,6,gas,47424,Low CC,47,1
2016,ford,c-max energi sel,Excellent,Manual,4,gas,104875,Low CC,50,0
1992,mitsubishi,mighty max,Excellent,Automatic,4,gas,58246,High CC,35,0
2008,ford,mustang gt,Excellent,Automatic,8,gas,108681,Low CC,16,0
2010,honda,element ex 4x4,Excellent,Automatic,4,gas,107832,High CC,41,0
2004,audi,tt,Excellent,Manual,6,gas,123000,Low CC,12,0
2016,hyundai,santa fe se,Excellent,Manual,6,gas,48900,High CC,33,0
2014,lincoln,mks,Excellent,Automatic,6,gas,256559,High CC,47,0
2008,ford,super duty f-250,Excellent,Automatic,8,gas,174713,Low CC,26,0
1999,lexus,lx470,Excellent,Manual,8,gas,232000,Avg CC,26,0
2004,volvo,s60,Excellent,Automatic,6,gas,136183,Low CC,14,0
2018,chevrolet,silverado lt 4x4,Excellent,Manual,8,gas,15790,Avg CC,36,1
2016,kia,forte,Excellent,Manual,4,gas,67612,Avg CC,6,0
2002,buick,century,salvage,Manual,6,gas,135000,Low CC,36,0
2010,infiniti,g37 convertible,Excellent,Manual,6,gas,135000,Low CC,48,0
1965,ford,mustang,Excellent,Manual,8,gas,4800,High CC,44,0
2005,ford,f150 4x4 stx,Excellent,Automatic,8,gas,130000,Low CC,28,0
2012,subaru,forester,Excellent,Automatic,4,gas,46377,Low CC,19,0
2013,kia,sportage lx,Excellent,Manual,4,gas,108717,Low CC,31,0
2011,chevrolet,traverse,Excellent,Automatic,6,gas,170139,Low CC,14,0
2013,dodge,dart sxt,Excellent,Automatic,4,gas,72279,Low CC,37,0
2008,ford,f-150 xlt,Excellent,Manual,8,gas,112700,Low CC,45,0
2012,nissan,versa hatchback,Excellent,Manual,4,gas,56000,Low CC,47,0
2002,chevrolet,corvette,Excellent,Manual,8,gas,100000,Low CC,44,0
1999,toyota,4runner sr5,salvage,Manual,6,gas,214434,Low CC,11,0
2004,dodge,neon srt-4,Excellent,Automatic,4,gas,67231,Low CC,7,0
2014,ram,1500 crew cab,Excellent,Automatic,6,diesel,98000,Low CC,22,0
2007,gmc,acadia,Excellent,Automatic,6,gas,200000,Low CC,33,0
2014,chrysler,300,Excellent,Automatic,8,gas,77749,Low CC,36,0
2011,gmc,yukon xl,Excellent,Automatic,8,gas,125400,Low CC,42,0
2017,kia,serento lx,Excellent,Automatic,6,gas,23450,Low CC,15,0
2010,ram,3500,Excellent,Automatic,6,diesel,205999,Low CC,47,0
2011,jaguar,xf,Excellent,Manual,8,gas,76722,Low CC,25,0
2012,chevrolet,suburban,Excellent,Automatic,8,gas,170168,Low CC,39,0
2011,mazda,cx-7,Excellent,Automatic,4,gas,73655,Low CC,5,0
2002,toyota,tundra,Excellent,Manual,8,gas,157000,Low CC,6,0
2011,ford,f250,Excellent,Manual,8,diesel,170571,Low CC,9,1
2015,infiniti,q50 premium,Excellent,Automatic,6,gas,26073,Low CC,15,0
2005,honda,civic,Excellent,Manual,4,gas,129000,Low CC,16,0
2012,mazda,mazda3i touring,Excellent,Automatic,4,gas,96054,Low CC,13,0
2000,honda,crv,Excellent,Manual,4,gas,226763,Low CC,14,0
2002,chevrolet,suburban 1500,Excellent,Manual,8,gas,158356,Low CC,37,0
2007,bmw,328i,Excellent,Automatic,6,gas,158000,Low CC,16,0
2005,chrysler,pt cruiser convertible,Excellent,Manual,4,gas,82000,Low CC,49,0
2007,hyundai,accent gs,Excellent,Automatic,4,gas,110500,Low CC,7,0
2015,honda,civic,Excellent,Manual,4,gas,39326,Low CC,16,0
2013,ford,f250,Excellent,Manual,8,gas,234254,Low CC,38,0
2004,lincoln,aviator,Excellent,Manual,8,gas,110781,Low CC,45,0
2017,ford,f150 supercrew,Excellent,Automatic,8,gas,81555,Low CC,23,1
2004,honda,civic,Excellent,Automatic,4,gas,174102,Low CC,34,0
2014,volkswagen,beetle,Excellent,Automatic,4,gas,82173,Low CC,9,0
2018,ford,focus se,Excellent,Manual,4,gas,35031,Low CC,18,0
2012,jeep,compass,Excellent,Manual,4,gas,75453,Low CC,13,0
2009,honda,cr-v --ex-l,Excellent,Manual,4,gas,150808,Low CC,47,0
2003,lincoln,aviator luxury,Excellent,Manual,8,gas,138360,Low CC,36,0
2019,chevrolet,silverado 2500hd,Excellent,Automatic,8,diesel,100,Low CC,6,2
2008,ford,super duty f-250,Excellent,Automatic,8,diesel,0,Low CC,5,0
2013,kia,optima ex,Excellent,Manual,4,gas,94356,Low CC,16,0
2017,ford,f150,Excellent,Manual,6,gas,27000,Low CC,27,1
2010,ford,f150,Excellent,Automatic,8,gas,161000,Low CC,25,0
2016,dodge,dart,Excellent,Automatic,4,gas,422,Low CC,44,0
2011,chevrolet,silverado 2500hd,Excellent,Automatic,8,gas,196640,Low CC,41,0
2008,ford,f350 4x4,Excellent,Manual,8,gas,186000,Low CC,42,0
2010,ram,1500,Excellent,Automatic,8,gas,126689,Low CC,49,0
2009,bmw,328i xdrive,Excellent,Automatic,6,gas,126187,Low CC,20,0
2010,ford,edge,Excellent,Automatic,6,gas,103674,Low CC,17,0
2006,chevrolet,tahoe,Excellent,Automatic,8,gas,247232,Low CC,25,0
2016,toyota,tundra,Excellent,Automatic,8,gas,51650,Low CC,49,1
2006,ford,f150,Excellent,Manual,8,gas,183227,Low CC,30,0
2015,chevrolet,cruz,Excellent,Automatic,4,gas,80775,Low CC,33,0
2000,ford,ranger,Excellent,Manual,6,gas,119700,Low CC,47,0
2008,nissan,quest,Excellent,Manual,6,gas,251000,Low CC,23,0
2007,honda,fit,Excellent,Manual,4,gas,164300,Low CC,27,0
2004,jeep,wrangler,Excellent,Automatic,6,gas,124486,Low CC,41,0
2007,ford,edge,Excellent,Automatic,6,gas,109648,Low CC,47,0
2013,ford,explorer,Excellent,Automatic,6,gas,124750,Low CC,19,0
2004,honda,pilot,Excellent,Automatic,6,gas,183800,Low CC,32,0
2015,ford,mustang,Excellent,Automatic,8,gas,32815,Low CC,42,0
2002,cadillac,deville,Excellent,Automatic,8,gas,153000,Low CC,29,0
2011,ford,ranger,Excellent,Automatic,6,gas,56218,Low CC,33,0
2014,ford,f150 f-150,Excellent,Manual,8,gas,76000,Low CC,30,1
1965,rover,series lla,Excellent,Automatic,4,gas,99999,Low CC,19,0
2016,chevrolet,cruz,salvage,Automatic,4,gas,34209,Low CC,11,0
2005,toyota,tacoma access cab 4wd sr5,Excellent,Automatic,4,gas,127241,Low CC,8,0
2003,jaguar,s-type,Excellent,Manual,8,gas,58500,Low CC,10,0
2013,honda,accord ex-l coupe,Excellent,Manual,4,gas,89400,Low CC,43,0
2005,ford,ranger,Excellent,Manual,6,gas,126817,Low CC,21,0
2002,chevrolet,astro,Excellent,Manual,6,gas,89653,Low CC,19,0
2016,kia,soul +,Excellent,Manual,4,gas,74178,Low CC,15,0
2017,acura,mdx,Excellent,Automatic,6,gas,43188,Low CC,47,0
2016,ford,explorer limited,Excellent,Manual,6,gas,87688,Low CC,16,0
2005,audi,allroad quattro,Excellent,Automatic,6,gas,78802,Low CC,45,0
2004,lexus,"es330, 2004",Excellent,Automatic,6,gas,162832,Low CC,28,0
1994,mini,van,salvage,Automatic,6,gas,300100,Low CC,6,0
2013,ford,f-250 sd,Excellent,Manual,8,gas,219558,Low CC,36,0
2008,gmc,sierra 1500 sle,Excellent,Automatic,8,diesel,111743,Low CC,26,1
2009,chevrolet,suburban,Excellent,Manual,8,gas,157425,Low CC,35,0
2005,chevrolet,equinox lt,Excellent,Automatic,6,gas,153000,Low CC,33,0
2012,chevrolet,silverado 3500hd,Excellent,Automatic,8,gas,72686,Low CC,23,1
2008,ford,econoline 250,Excellent,Manual,8,gas,113258,Low CC,33,0
2009,ford,f-150,Excellent,Manual,8,gas,78155,Low CC,33,0
2012,jeep,compass,Excellent,Automatic,4,gas,119000,Low CC,38,0
2012,bmw,650i xdrive coupe,Excellent,Automatic,8,gas,85300,Low CC,47,0
2016,toyota,rav4,Excellent,Manual,4,gas,47180,Low CC,38,0
2009,bmw,3-series,Excellent,Automatic,6,gas,109674,Low CC,35,0
2013,bmw,3 series,Excellent,Manual,6,gas,92972,Low CC,19,0
2012,honda,fit,Excellent,Manual,4,gas,137000,Low CC,17,0
2009,ford,ranger xlt,Excellent,Manual,6,gas,77170,Low CC,11,0
2016,gmc,terrain,Excellent,Manual,6,gas,17790,Low CC,32,1
2012,chevrolet,silverado,Excellent,Manual,8,gas,68000,Low CC,11,0
2007,infiniti,m35x,Excellent,Manual,6,gas,164000,Low CC,10,0
2000,gmc,sierra,Excellent,Automatic,8,gas,33054,Low CC,29,0
2012,gmc,canyon,Excellent,Manual,5,gas,126025,Low CC,12,0
2004,cadillac,deville,Excellent,Automatic,8,gas,96000,Low CC,26,0
2007,chevrolet,impala lt,Excellent,Manual,6,gas,102000,Low CC,29,0
2006,chevrolet,colorado,Excellent,Manual,5,gas,145000,Low CC,12,0
2016,ford,f-150 crew cab xlt 4x4,Excellent,Manual,8,gas,72000,Low CC,36,0
2007,lincoln,town car,Excellent,Automatic,8,gas,109701,Low CC,28,0
2007,chrysler,town country swb,Excellent,Manual,6,gas,167579,Low CC,40,0
2007,chevrolet,trailblazer ls 4wd,Excellent,Automatic,6,gas,146736,Low CC,22,0
2010,chevrolet,camaro,Excellent,Automatic,6,gas,49646,Low CC,22,0
2005,chevrolet,impala,Excellent,Manual,6,gas,98794,Low CC,11,0
2011,toyota,sienna,Excellent,Manual,6,gas,143907,Low CC,45,0
2013,ford,escape,Excellent,Automatic,4,gas,189492,Low CC,28,0
2006,honda,pilot,Excellent,Automatic,6,gas,160168,Low CC,8,0
2003,chrysler,voyager,Excellent,Manual,6,gas,120203,Low CC,36,0
2016,ford,f150 xl supercab,Excellent,Manual,6,gas,55794,Low CC,10,0
2014,volkswagen,golf 2.5,Excellent,Manual,5,gas,59000,Low CC,5,0
2012,chevrolet,silverado 1500,Excellent,Manual,8,gas,210310,Low CC,20,0
2011,toyota,camry,Excellent,Manual,4,gas,96424,Low CC,39,0
2011,ford,f-250 sd,Excellent,Automatic,8,diesel,219827,Low CC,34,0
2016,chevrolet,cruze,Excellent,Manual,4,gas,55398,Low CC,43,0
2004,mercury,grand marquis,Excellent,Automatic,8,gas,71100,Low CC,47,0
2015,dodge,dart se,Excellent,Manual,4,gas,83218,Low CC,9,0
2010,chevrolet,express g1500,Excellent,Automatic,6,gas,163126,Low CC,35,0
2010,toyota,4runner,Excellent,Automatic,6,gas,160000,Low CC,50,0
2012,ford,f250,Excellent,Manual,8,gas,160030,Low CC,19,0
2017,volvo,xc90,Excellent,Manual,4,gas,64783,Low CC,27,1
2011,ford,f-150,Excellent,Manual,8,gas,36006,Low CC,12,0
2002,gmc,sierra 1500,salvage,Automatic,8,gas,174638,Low CC,35,0
2012,toyota,highlander,Excellent,Manual,6,gas,124123,Low CC,29,0
2000,chevrolet,silverado 1500,Excellent,Automatic,8,gas,263100,Low CC,8,0
2007,ram,2500 cummins 6.7l,Excellent,Manual,8,diesel,185000,Low CC,8,0
1998,ford,ranger pickup truck,salvage,Automatic,4,gas,257533,Low CC,38,0
2012,chevrolet,corvette grand sport,Excellent,Manual,8,gas,31000,Low CC,14,1
2014,ram,4500,Excellent,Manual,6,diesel,68923,Low CC,19,1
2001,mazda,protege,Excellent,Automatic,4,gas,162144,Low CC,9,0
1956,chevrolet,210 townsman wagon,Excellent,Automatic,6,gas,28108,Low CC,12,1
2012,mazda,mazda3,Excellent,Manual,4,gas,52041,Low CC,20,0
2014,chevrolet,silverado 1500,Excellent,Manual,6,gas,81546,Low CC,7,0
2019,ram,promaster,Excellent,Automatic,6,gas,11000,Low CC,6,1
1999,bmw,z3 m series roadster,Excellent,Automatic,6,gas,111000,Low CC,13,0
1999,toyota,celica,Excellent,Manual,4,gas,132000,Low CC,28,0
2004,mazda,mazda3 i 4dr sedan,Excellent,Automatic,4,gas,86654,Low CC,23,0
2012,chevrolet,camaro,Excellent,Automatic,6,gas,134856,Low CC,14,0
2017,ford,transit,Excellent,Automatic,6,gas,60795,Low CC,10,1
2012,chevrolet,silverado 2500 diesel,Excellent,Automatic,8,diesel,197514,Low CC,36,0
2004,chevrolet,corvette convertible,Excellent,Automatic,8,gas,62400,Low CC,32,0
2016,subaru,legacy,Excellent,Automatic,4,gas,33206,Low CC,13,0
2010,chevrolet,silverado 1500,Excellent,Automatic,8,gas,147900,Low CC,7,0
2002,ford,e250 4.2l v6,Excellent,Manual,4,gas,245000,Low CC,5,0
2010,honda,cr-v,Excellent,Automatic,4,gas,151413,Low CC,5,0
2013,chevrolet,express cargo van,Excellent,Automatic,8,gas,109142,Low CC,20,0
2000,dodge,durango,Excellent,Automatic,8,gas,252000,Low CC,6,0
2014,ford,f250 super duty crew cab,Excellent,Automatic,8,gas,168651,Low CC,45,0
2017,ford,transit,Excellent,Manual,6,gas,51406,Low CC,22,1
2012,toyota,tundra double cab,Excellent,Automatic,8,gas,51000,Low CC,32,0
2014,mazda,mazda3,Excellent,Automatic,4,gas,67950,Low CC,12,0
2003,ford,windstar sel,Excellent,Automatic,6,gas,171631,Low CC,27,0
2005,chevrolet,avalanche,Excellent,Manual,8,gas,256000,Low CC,34,0
2012,chevrolet,silverado 1500,Excellent,Manual,8,gas,103845,Low CC,48,0
2016,dodge,grand caravan,Excellent,Automatic,6,gas,69725,Low CC,6,0
2007,gmc,yukon denali xl awd,Excellent,Automatic,8,gas,199664,Low CC,11,0
2011,dodge,caliber,Excellent,Manual,4,gas,75614,Low CC,40,0
2015,ford,focus,Excellent,Manual,4,gas,54213,Low CC,43,0
2001,ford,ranger,Excellent,Automatic,6,gas,133000,Low CC,14,0
2015,chevrolet,impala limited,Excellent,Manual,6,gas,141414,Low CC,15,0
2004,chevrolet,impala,Excellent,Manual,6,gas,68270,Low CC,12,0
2000,acura,3.2 tl,salvage,Automatic,6,gas,258563,Low CC,28,0
2009,chrysler,town & country touring,Excellent,Automatic,6,gas,169931,Low CC,41,0
2015,chevrolet,spark ls,Excellent,Manual,4,gas,24638,Low CC,50,0
1999,gmc,jimmy sle,Excellent,Automatic,6,gas,184000,Low CC,37,0
2010,mini,cooper,Excellent,Automatic,4,gas,77000,Low CC,10,0
1988,chevrolet,celebrity,Excellent,Manual,6,gas,133000,Low CC,7,0
2005,chevrolet,trailblazer,Excellent,Automatic,6,gas,217070,Low CC,26,0
2009,hyundai,sonata,Excellent,Automatic,4,gas,124672,Low CC,16,0
2011,toyota,sienna,Excellent,Automatic,6,gas,111113,Low CC,26,0
2013,ford,f-150,Excellent,Automatic,6,gas,90225,Low CC,27,0
1999,toyota,celica,Excellent,Automatic,4,gas,132000,Low CC,25,0
2015,ford,f150,Excellent,Automatic,8,gas,110536,Low CC,16,0
2010,cadillac,srx premium collection,Excellent,Manual,6,gas,97211,Low CC,43,0
2003,nissan,xterra,Excellent,Automatic,6,gas,274000,Low CC,10,0
2007,chevrolet,silverado 1500,Excellent,Automatic,8,gas,159000,Low CC,40,0
2017,ford,f-150,Excellent,Automatic,6,gas,32106,Low CC,24,0
2004,saturn,ion,Excellent,Manual,4,gas,166228,Low CC,49,0
2011,toyota,tundra,Excellent,Automatic,8,gas,179649,Low CC,11,0
2008,toyota,rav4 limited,Excellent,Automatic,4,gas,166728,Low CC,13,0
2012,chevrolet,malibu,Excellent,Manual,4,gas,98760,Low CC,21,0
2013,subaru,outback,Excellent,Manual,4,gas,38000,Low CC,34,0
2002,chevrolet,tahoe z71,Excellent,Automatic,8,gas,244506,Low CC,45,0
2012,toyota,4 runner,Excellent,Automatic,6,gas,132000,Low CC,36,0
2017,dodge,grand caravan se,Excellent,Automatic,6,gas,20215,Low CC,15,1
2014,bmw,528i,Excellent,Manual,4,gas,57757,Low CC,8,0
2007,gmc,sierra 1500,Excellent,Automatic,8,gas,90075,Low CC,40,0
2014,volkswagen,beetle,Excellent,Manual,5,gas,8934,Low CC,40,0
2014,bmw,428i xdrive,Excellent,Manual,4,gas,62000,Low CC,15,0
2006,subaru,legacy,Excellent,Automatic,4,gas,103000,Low CC,9,0
2013,volvo,xc90 awd r-design,Excellent,Automatic,6,gas,69556,Low CC,22,0
2002,dodge,durango,Excellent,Automatic,8,gas,150000,Low CC,13,0
2003,lincoln,towncar,Excellent,Automatic,8,gas,160000,Low CC,48,0
2018,ford,f-150 xlt 4x4,Excellent,Manual,6,gas,21227,Low CC,29,1
2006,chrysler,300 srt8,Excellent,Automatic,8,gas,119254,Low CC,41,0
2009,ford,super duty f-250 srw,Excellent,Automatic,8,gas,129608,Low CC,43,0
2008,jeep,grand cherokee,Excellent,Manual,6,gas,89454,Low CC,35,0
2006,ford,super duty f-350 srw,Excellent,Automatic,8,gas,62326,Low CC,50,0
2007,ram,2500,Excellent,Automatic,6,diesel,210790,Low CC,15,0
2011,chevrolet,avalanche 1500,Excellent,Automatic,8,gas,91190,Low CC,38,0
2016,chrysler,200,Excellent,Manual,4,gas,91000,Low CC,15,0
2011,subaru,outback,Excellent,Manual,4,gas,91000,Low CC,15,0
2004,mercury,sable ls premium,Excellent,Automatic,6,gas,184858,Low CC,49,0
2013,jeep,wrangler sport,Excellent,Automatic,6,gas,23000,Low CC,49,1
1995,chevrolet,c3500,salvage,Automatic,8,diesel,35000,Low CC,39,0
2013,volkswagen,passat se,Excellent,Manual,4,gas,71000,Low CC,18,0
2005,subaru,outback wagon,Excellent,Automatic,4,gas,124150,Low CC,24,0
2008,mazda,cx7 turbo,Excellent,Automatic,6,gas,118000,Low CC,36,0
2013,mini,countryman s,Excellent,Automatic,4,gas,53684,Low CC,41,0
2017,ford,super duty f-450 drw,Excellent,Manual,8,diesel,14459,Low CC,18,2
2008,toyota,tacoma,Excellent,Manual,6,gas,156031,Low CC,32,0
2015,ford,f-250 sd,Excellent,Automatic,8,gas,97334,Low CC,7,1
2016,ford,super duty f-250,Excellent,Automatic,8,diesel,106096,Low CC,12,1
2011,dodge,grand caravan,Excellent,Manual,6,gas,103000,Low CC,13,0
2016,ford,transit wagon,Excellent,Automatic,6,gas,79000,Low CC,12,1
2008,toyota,sienna xle awd,Excellent,Automatic,6,gas,88373,Low CC,27,0
2008,ford,escape,Excellent,Automatic,6,gas,237233,Low CC,20,0
2008,subaru,wrx,Excellent,Automatic,4,gas,116880,Low CC,13,0
2007,ford,escape 4x4,Excellent,Manual,6,gas,110428,Low CC,41,0
2015,mitsubishi,outlander sport,Excellent,Automatic,4,gas,37229,Low CC,40,0
2012,bmw,x5 xdrive35i,Excellent,Automatic,6,gas,113000,Low CC,9,0
2011,nissan,titan,Excellent,Manual,8,gas,132675,Low CC,12,0
2015,chevrolet,trax lt,Excellent,Manual,4,gas,73404,Low CC,26,0
2010,ford,fusion,Excellent,Automatic,4,gas,112746,Low CC,41,0
2011,ram,1500,Excellent,Automatic,8,gas,175371,Low CC,21,0
2008,toyota,fj cruiser,Excellent,Manual,6,gas,144840,Low CC,33,0
2004,nissan,350z,Excellent,Automatic,6,gas,74000,Low CC,16,0
2002,ford,expedition xlt,Excellent,Automatic,8,gas,201000,Low CC,38,0
2003,gmc,envoy,Excellent,Manual,8,gas,169500,Low CC,45,0
2000,honda,accord,Excellent,Manual,6,gas,224123,Low CC,16,0
2007,chevrolet,silverado 2500hd class,Excellent,Automatic,8,diesel,158406,Low CC,27,0
2015,mazda,6,Excellent,Automatic,4,gas,44195,Low CC,41,0
2008,ford,f-350 sd,Excellent,Automatic,8,gas,46327,Low CC,31,1
2018,nissan,rogue,Excellent,Automatic,4,gas,31925,Low CC,33,0
2006,hyundai,tucson,Excellent,Manual,6,gas,144590,Low CC,24,0
2013,hyundai,elantra gls,Excellent,Manual,4,gas,88166,Low CC,14,0
2014,toyota,camry,Excellent,Automatic,4,gas,67445,Low CC,44,0
2014,ram,2500,Excellent,Automatic,6,diesel,31210,Low CC,42,1
2015,subaru,outback 3.6r limited,Excellent,Automatic,6,gas,34000,Low CC,31,1
2004,honda,s2000,Excellent,Automatic,4,gas,52000,Low CC,17,0
1988,chevrolet,silverado,Excellent,Automatic,8,gas,105343,Low CC,40,0
2005,nissan,xterra se,Excellent,Automatic,6,gas,213000,Low CC,23,0
2015,chevrolet,silverado 2500hd,Excellent,Manual,8,gas,53806,Low CC,10,1
2008,ford,escape 4x4,Excellent,Automatic,6,gas,157588,Low CC,15,0
2009,mazda,3,Excellent,Manual,4,gas,213200,Low CC,9,0
2013,audi,q5 3.2 quattro premium,Excellent,Automatic,4,gas,70565,Low CC,37,0
2012,mazda,mazda3i touring,Excellent,Automatic,4,gas,96054,Low CC,45,0
1999,bmw,540i touring,Excellent,Automatic,8,gas,168999,Low CC,16,0
2016,subaru,forester,Excellent,Automatic,4,gas,78827,Low CC,18,0
2001,chevrolet,silverado 1500 4x4,salvage,Manual,8,gas,154272,Low CC,10,0
2012,mini,cooper clubman s,Excellent,Automatic,4,gas,101000,Low CC,41,0
2010,buick,lacrosse,Excellent,Automatic,6,gas,90000,Low CC,26,0
1999,ford,f25,Excellent,Automatic,8,diesel,235000,Low CC,20,0
2003,cadillac,deville,Excellent,Automatic,8,gas,107000,Low CC,13,0
2003,pontiac,vibe gt,Excellent,Automatic,4,gas,195000,Low CC,12,0
2011,chevrolet,tahoe,Excellent,Manual,8,gas,102442,Low CC,7,0
2016,subaru,crosstrek 2.0i limited,Excellent,Manual,4,gas,30468,Low CC,23,0
2017,nissan,sentra,Excellent,Automatic,4,gas,45731,Low CC,11,0
2006,chevrolet,cobalt,Excellent,Manual,4,gas,154967,Low CC,13,0
2001,honda,civic,Excellent,Automatic,4,gas,160000,Low CC,46,0
2005,jeep,wrangler,Excellent,Manual,6,gas,122763,Low CC,27,0
2013,hyundai,genesis,Excellent,Manual,6,gas,39862,Low CC,7,0
2000,jeep,wrangler,Excellent,Manual,6,gas,130106,Low CC,49,0
2007,audi,a4 2.0t quattro convertible,Excellent,Automatic,4,gas,133000,Low CC,16,0
2014,kia,forte,Excellent,Automatic,4,gas,28038,Low CC,16,0
2008,chevrolet,hhr,Excellent,Automatic,4,gas,170226,Low CC,5,0
2016,lincoln,navigator 4wd 4dr,Excellent,Automatic,6,gas,68020,Low CC,39,1
2011,hyundai,genesis,Excellent,Manual,8,gas,98830,Low CC,18,0
2004,honda,cr-v,Excellent,Manual,4,gas,140650,Low CC,27,0
2005,chevrolet,suburban z71 4wd low miles rust free suv,Excellent,Automatic,8,gas,149898,Low CC,8,0
2016,chevrolet,silverado 1500,Excellent,Manual,8,gas,156123,Low CC,12,0
1966,dodge,coronet 500,Excellent,Automatic,8,gas,121900,Low CC,40,1
2015,ram,1500,Excellent,Manual,6,diesel,79493,Low CC,20,0
2014,ford,explorer,Excellent,Automatic,6,gas,45344,Low CC,23,0
2009,ram,longhorn,Excellent,Manual,8,gas,147000,Low CC,13,0
2017,chevrolet,cruze,Excellent,Automatic,4,gas,20102,Low CC,17,0
2006,ford,f-350 xlt,Excellent,Manual,8,diesel,229291,Low CC,44,0
2011,hyundai,sonata limited,Excellent,Automatic,4,gas,82500,Low CC,21,0
2014,toyota,rav4,Excellent,Manual,4,gas,39548,Low CC,46,0
2013,gmc,terrain,Excellent,Manual,4,gas,93112,Low CC,31,0
2007,pontiac,g6 gt,Excellent,Automatic,6,gas,130142,Low CC,44,0
2014,ram,2500,Excellent,Automatic,8,gas,121437,Low CC,26,1
2013,volkswagen,cc,Excellent,Manual,4,gas,116609,Low CC,25,0
2001,lexus,300 rx awd,Excellent,Automatic,6,gas,137863,Low CC,26,0
2004,nissan,frontier xe crew cab,Excellent,Automatic,6,gas,150000,Low CC,47,0
2009,rover,sport,Excellent,Manual,8,gas,92055,Low CC,34,0
2002,honda,cr-v,Excellent,Automatic,4,gas,205543,Low CC,15,0
2011,ford,fusion se,Excellent,Manual,4,gas,86080,Low CC,5,0
2012,chevrolet,camaro ss,Excellent,Manual,8,gas,21688,Low CC,14,0
2003,chevrolet,silverado,Excellent,Manual,8,gas,190000,Low CC,38,0
2012,nissan,altima,Excellent,Automatic,6,gas,87071,Low CC,11,0
2006,toyota,sequoia,Excellent,Manual,8,gas,154320,Low CC,42,0
1992,buick,lesabre limited,Excellent,Automatic,6,gas,53000,Low CC,33,0
2011,honda,odyssey,Excellent,Automatic,6,gas,105164,Low CC,24,0
2011,ford,f250 super duty,Excellent,Automatic,8,diesel,195000,Low CC,11,0
2010,gmc,yukon,Excellent,Manual,8,gas,105622,Low CC,19,0
2013,honda,accord,Excellent,Manual,4,gas,27900,Low CC,15,0
2018,dodge,journey,Excellent,Automatic,4,gas,17610,Low CC,37,0
2015,chevrolet,camaro,Excellent,Manual,8,gas,70308,Low CC,46,0
1998,buick,riviera,Excellent,Automatic,6,gas,226291,Low CC,6,0
2006,ford,f-150,Excellent,Manual,8,gas,109840,Low CC,17,0
2005,subaru,outback 2.5i,Excellent,Automatic,4,gas,161435,Low CC,31,0
2008,ford,focus ses,salvage,Automatic,4,gas,166000,Low CC,15,0
2006,gmc,sierra 3500hd,Excellent,Automatic,8,diesel,232000,Low CC,43,0
2014,dodge,journey,Excellent,Automatic,6,gas,110734,Low CC,30,0
2017,ram,promaster 1500,Excellent,Automatic,6,gas,28802,Low CC,38,0
2018,chevrolet,equinox lt awd,Excellent,Automatic,4,gas,18000,Low CC,14,0
2004,nissan,murano,Excellent,Automatic,6,gas,180327,Low CC,6,0
2019,subaru,forester premium,Excellent,Manual,4,gas,8500,Low CC,48,1
1971,chevrolet,el camino ss,Excellent,Automatic,8,gas,52476,Low CC,8,0
2004,volvo,s 80,Excellent,Automatic,6,gas,130431,Low CC,43,0
2002,mercedes-benz,benz e320,Excellent,Manual,6,gas,148000,Low CC,29,0
2017,ford,f-350 xlt,Excellent,Automatic,6,diesel,27550,Low CC,19,2
2007,ford,mustang,Excellent,Automatic,6,gas,68500,Low CC,21,0
2016,honda,pilot,Excellent,Automatic,6,gas,71000,Low CC,25,1
2008,ford,super duty f-350 srw,Excellent,Manual,8,gas,237518,Low CC,11,0
2016,toyota,tacoma,Excellent,Manual,6,gas,42000,Low CC,24,1
2002,saturn,s-series 3 door,Excellent,Automatic,4,gas,178200,Low CC,23,0
2010,chevrolet,silverado 1500,Excellent,Automatic,8,gas,103359,Low CC,11,0
2010,ford,f-150,Excellent,Manual,8,gas,208870,Low CC,40,0
1992,bmw,2 dr convertible,Excellent,Automatic,6,gas,112125,Low CC,19,0
2000,ford,explorer,Excellent,Automatic,6,gas,172639,Low CC,41,0
2005,buick,park ave,Excellent,Manual,6,gas,130811,Low CC,22,0
2012,audi,q5 s line,Excellent,Manual,6,gas,87716,Low CC,24,0
2002,subaru,forester s awd,Excellent,Manual,4,gas,130000,Low CC,47,0
2010,kia,soul sport,Excellent,Manual,4,gas,155000,Low CC,42,0
2011,gmc,canyon,Excellent,Manual,5,gas,123721,Low CC,13,0
2007,pontiac,g6,Excellent,Automatic,6,gas,116000,Low CC,48,0
2010,ford,f-250 sd,Excellent,Manual,8,diesel,96354,Low CC,22,0
2010,chevrolet,suburban,Excellent,Automatic,8,gas,129912,Low CC,26,0
2004,toyota,tacoma xtracab 2wd,Excellent,Automatic,4,gas,125500,Low CC,45,0
2009,ford,super duty f-250 srw,Excellent,Automatic,8,gas,129135,Low CC,44,0
2012,ford,explorer,Excellent,Manual,6,gas,76000,Low CC,15,0
1998,honda,civic,Excellent,Manual,4,gas,137942,Low CC,19,0
1984,chevrolet,el camino,Excellent,Automatic,8,gas,18106,Low CC,40,0
2008,chrysler,town & country limited,Excellent,Automatic,6,gas,189842,Low CC,33,0
2008,bmw,5 series,Excellent,Automatic,6,gas,122672,Low CC,6,0
2016,hyundai,elantra gt,Excellent,Automatic,4,gas,93000,Low CC,29,0
2013,ford,fusion,Excellent,Automatic,4,gas,93230,Low CC,22,0
2005,honda,accord,Excellent,Automatic,4,gas,190214,Low CC,33,0
2017,ford,escape,Excellent,Automatic,4,gas,28264,Low CC,21,0
2009,pontiac,g6,Excellent,Automatic,4,gas,35000,Low CC,34,0
2011,ford,mustang,Excellent,Automatic,6,gas,54404,Low CC,48,0
2006,subaru,b9 tribeca,Excellent,Automatic,6,gas,125000,Low CC,48,0
2005,subaru,outback,salvage,Automatic,4,gas,199500,Low CC,32,0
2010,chevrolet,1500 silverado,Excellent,Manual,8,gas,174342,Low CC,17,0
2008,jeep,compass,Excellent,Manual,4,gas,33705,Low CC,32,0
2011,audi,q7,Excellent,Automatic,6,gas,90242,Low CC,43,0
2006,ford,fusion,Excellent,Automatic,6,gas,171000,Low CC,50,0
2006,mercedes-benz,s350,Excellent,Automatic,6,gas,118900,Low CC,38,0
2013,jeep,wrangler sahara unlimited,Excellent,Manual,6,gas,60767,Low CC,11,1
1995,ford,f150,salvage,Automatic,8,gas,88000,Low CC,32,0
2006,toyota,solara,Excellent,Manual,6,gas,155000,Low CC,43,0
2017,ford,escape,Excellent,Manual,4,gas,27500,Low CC,35,0
2013,infiniti,jx35,Excellent,Manual,6,gas,78279,Low CC,9,0
2005,toyota,sequoia sr5 4wd,Excellent,Manual,8,gas,137917,Low CC,31,0
2005,gmc,sierra 1500hd 4x4,Excellent,Manual,8,gas,123528,Low CC,24,0
2002,ford,f-350,Excellent,Automatic,8,diesel,82000,Low CC,22,0
2010,ford,f150 4x4,Excellent,Automatic,8,gas,99295,Low CC,49,0
2013,jeep,wrangler,Excellent,Manual,6,gas,41710,Low CC,14,1
2010,ford,f-150,Excellent,Manual,8,gas,91748,Low CC,8,0
2015,volkswagen,jetta,Excellent,Manual,4,gas,99550,Low CC,13,0
2002,nissan,xterra xe s/c 4wd,Excellent,Automatic,6,gas,112888,Low CC,13,0
2003,chevrolet,silverado 1500,Excellent,Manual,8,gas,223747,Low CC,40,0
2008,hyundai,accent gs hatchback,Excellent,Automatic,4,gas,127300,Low CC,10,0
1998,ford,ranger super cab v6 4.0l,Excellent,Manual,6,gas,209766,Low CC,34,0
2012,kia,sorento lx awd,Excellent,Automatic,6,gas,124629,Low CC,32,0
2012,jeep,wrangler unlimited,Excellent,Manual,6,gas,86000,Low CC,26,0
2009,honda,accord exl,Excellent,Automatic,4,gas,112990,Low CC,18,0
2013,ford,f-250 sd,Excellent,Manual,8,gas,110243,Low CC,26,0
2004,dodge,neon,Excellent,Automatic,4,gas,212000,Low CC,27,0
2011,chevrolet,express cargo van,Excellent,Automatic,6,gas,127784,Low CC,19,0
2007,pontiac,soltice,Excellent,Manual,4,gas,81000,Low CC,43,0
2010,ford,mustang,Excellent,Automatic,6,gas,109048,Low CC,14,0
2000,dodge,durango,salvage,Automatic,8,gas,300000,Low CC,25,0
2005,jeep,liberty,Excellent,Automatic,4,gas,103642,Low CC,25,0
2005,ram,3500,Excellent,Manual,8,diesel,126000,Low CC,16,0
2006,buick,luzern cxl,Excellent,Manual,8,gas,59360,Low CC,43,0
2008,gmc,sierra 1500,Excellent,Automatic,8,gas,114345,Low CC,21,0
2011,chevrolet,express,Excellent,Automatic,8,gas,59000,Low CC,33,0
2013,ford,edge sel,Excellent,Automatic,6,gas,121411,Low CC,30,0
2002,honda,accord,salvage,Manual,6,gas,153209,Low CC,45,0
2011,volkswagen,touareg,Excellent,Automatic,6,gas,100000,Low CC,45,0
1984,ram,prospector truck,Excellent,Automatic,6,gas,120000,Low CC,48,0
2004,chevrolet,tahoe,Excellent,Automatic,8,gas,238000,Low CC,19,0
2013,ford,f-150,Excellent,Automatic,8,gas,100750,Low CC,46,1
2010,honda,cr-v,Excellent,Automatic,4,gas,115720,Low CC,11,0
2011,ford,ranger xlt truck,Excellent,Automatic,6,gas,87549,Low CC,11,0
2017,chevrolet,equinox lt,Excellent,Manual,4,gas,117042,Low CC,26,0
2011,ram,1500,Excellent,Manual,8,gas,97663,Low CC,35,0
2013,volkswagen,jetta,Excellent,Manual,4,gas,31800,Low CC,33,0
2014,chevrolet,3500,Excellent,Automatic,8,gas,26520,Low CC,13,1
2007,volkswagen,beetle convertible,Excellent,Automatic,4,gas,119719,Low CC,20,0
2003,bmw,330 ci,Excellent,Automatic,6,gas,129808,Low CC,30,0
2017,chevrolet,silverado,Excellent,Manual,8,gas,41331,Low CC,24,1
2009,mercury,mariner,Excellent,Automatic,6,gas,118734,Low CC,7,0
2006,honda,odyssey ex l,Excellent,Automatic,6,gas,149603,Low CC,5,0
1988,gmc,sierra stepside,Excellent,Automatic,8,gas,167000,Low CC,12,0
2014,ford,e150 cargo van,Excellent,Automatic,8,gas,119125,Low CC,35,0
2011,nissan,maxima 3.5 sv,Excellent,Automatic,6,gas,119078,Low CC,29,0
2016,ford,escape,Excellent,Manual,4,gas,44700,Low CC,5,0
1999,ram,1500,Excellent,Automatic,8,gas,198000,Low CC,17,0
2017,bmw,x3 xdrive28i m sport,Excellent,Automatic,4,gas,38407,Low CC,45,1
2008,bmw,730,Excellent,Automatic,8,gas,156263,Low CC,35,0
2015,volvo,v60,Excellent,Automatic,4,gas,124756,Low CC,10,0
2015,chevrolet,silverado 1500,Excellent,Automatic,8,gas,50605,Low CC,46,1
2005,chevrolet,silverado 2500,Excellent,Manual,8,gas,204961,Low CC,46,0
2013,ford,f-350 sd,Excellent,Automatic,8,diesel,159090,Low CC,34,1
2006,chevrolet,trailblazer,Excellent,Automatic,6,gas,112877,Low CC,17,0
1998,ram,1500,salvage,Automatic,8,gas,130000,Low CC,45,0
2004,mazda,rx8,Excellent,Automatic,6,gas,60000,Low CC,11,0
1996,dodge,caravan,salvage,Manual,6,gas,160000,Low CC,7,0
2006,subaru,forester,Excellent,Manual,4,gas,166225,Low CC,49,0
2007,acura,tsx,Excellent,Manual,4,gas,123960,Low CC,27,0
2013,chevrolet,camaro,Excellent,Manual,6,gas,78746,Low CC,44,0
1989,toyota,camry,Excellent,Automatic,4,gas,98,Low CC,21,0
2010,lincoln,mkz awd,Excellent,Manual,6,gas,74740,Low CC,43,0
2014,honda,civic,Excellent,Manual,4,gas,60724,Low CC,12,0
2016,honda,odyssey,Excellent,Automatic,6,gas,94000,Low CC,43,0
2009,toyota,venza,Excellent,Automatic,6,gas,154000,Low CC,35,0
2014,ford,mustang,Excellent,Manual,6,gas,27840,Low CC,48,0
2014,chevrolet,silverado d/c lt 4x4,Excellent,Manual,8,gas,94833,Low CC,16,0
2008,volkswagen,beetle convertible,Excellent,Automatic,5,gas,92673,Low CC,36,0
2010,ford,explorer sport trac,Excellent,Manual,8,gas,132829,Low CC,15,0
1986,jeep,cj7,Excellent,Manual,6,gas,73956,Low CC,13,0
2010,ram,3500,Excellent,Automatic,6,diesel,115552,Low CC,30,1
2018,ford,f150,Excellent,Manual,6,gas,22535,Low CC,40,1
2016,toyota,camry,Excellent,Automatic,4,gas,12000,Low CC,19,0
2005,subaru,outback ll bean awd,Excellent,Automatic,6,gas,119000,Low CC,18,0
2014,honda,accord,Excellent,Manual,4,gas,103000,Low CC,7,0
2004,volvo,s40,Excellent,Manual,4,gas,56000,Low CC,5,0
2017,jaguar,xf,Excellent,Automatic,6,gas,4318,Low CC,23,1
2006,gmc,yukon,Excellent,Automatic,6,gas,121410,Low CC,42,0
2005,chevrolet,astro cargo van,Excellent,Automatic,6,gas,48860,Low CC,43,0
2015,chevrolet,silverado crew 4x4 lt,Excellent,Automatic,8,gas,72461,Low CC,16,1
2011,jaguar,xf,Excellent,Automatic,8,gas,76722,Low CC,33,0
1997,jeep,grand cherokee,Excellent,Automatic,6,gas,163300,Low CC,31,0
2017,ford,explorer,Excellent,Automatic,6,gas,34000,Low CC,35,0
2007,chevrolet,silverado 2500hd,Excellent,Manual,8,diesel,251116,Low CC,5,0
2015,ford,focus se,Excellent,Automatic,4,gas,77147,Low CC,28,0
2006,bmw,330i,Excellent,Manual,6,gas,137524,Low CC,28,0
2012,chevrolet,equinox,Excellent,Automatic,4,gas,77647,Low CC,22,0
2005,cadillac,sport cts,Excellent,Manual,6,gas,65369,Low CC,26,0
2010,ford,f550,Excellent,Manual,8,diesel,62000,Low CC,39,1
2015,fiat,500,Excellent,Automatic,4,gas,65899,Low CC,21,0
2016,ford,fusion,Excellent,Automatic,4,gas,14560,Low CC,20,0
2010,ram,1500,Excellent,Manual,8,gas,126157,Low CC,5,0
1992,ford,truck,Excellent,Automatic,6,gas,255000,Low CC,19,0
1999,mercury,sable,Excellent,Automatic,6,gas,148600,Low CC,38,0
2008,acura,tl,Excellent,Manual,6,gas,139000,Low CC,31,0
1997,ford,mustang,Excellent,Automatic,6,gas,100000,Low CC,41,0
2015,bmw,328i xdrive,Excellent,Manual,4,gas,35600,Low CC,7,0
2003,ram,2500 slt,Excellent,Automatic,8,gas,185301,Low CC,36,0
2008,jeep,liberty,Excellent,Manual,6,gas,117872,Low CC,39,0
2016,buick,lacrosse,Excellent,Automatic,6,gas,26575,Low CC,41,0
2011,dodge,dakota,Excellent,Automatic,8,gas,220000,Low CC,9,0
2010,gmc,savana cargo van,Excellent,Manual,8,gas,289317,Low CC,38,0
2015,toyota,rav-4 le awd,Excellent,Automatic,4,gas,121137,Low CC,27,0
2006,chevrolet,trail blazer lt,Excellent,Automatic,6,gas,176000,Low CC,42,0
2003,chevrolet,silverado 1500 ls 4dr,Excellent,Automatic,8,gas,204370,Low CC,13,0
2010,chrysler,sebring touring,Excellent,Automatic,4,gas,142413,Low CC,43,0
2003,ford,f-150,Excellent,Automatic,8,gas,223000,Low CC,10,0
2004,mitsubishi,endeavor,Excellent,Automatic,6,gas,156986,Low CC,28,0
2014,ford,econoline,Excellent,Automatic,8,gas,80617,Low CC,50,0
2010,chevrolet,aveo,Excellent,Automatic,4,gas,90442,Low CC,30,0
2013,kia,soul +,Excellent,Automatic,4,gas,70030,Low CC,22,0
2004,chevrolet,colorado,Excellent,Automatic,5,gas,82600,Low CC,15,0
2009,nissan,370z,Excellent,Manual,6,gas,79902,Low CC,21,0
2001,bmw,330ci 2 door coupe,Excellent,Manual,6,gas,192000,Low CC,28,0
2008,saturn,outlook,Excellent,Automatic,6,gas,165000,Low CC,44,0
2007,honda,civic si,Excellent,Automatic,4,gas,190000,Low CC,31,0
2011,kia,sorento,Excellent,Manual,4,gas,74004,Low CC,38,0
1996,ford,conversion van,Excellent,Automatic,8,gas,175000,Low CC,9,0
2009,subaru,outback,Excellent,Automatic,4,gas,184199,Low CC,18,0
2012,chevrolet,silverado 2500hd,Excellent,Automatic,8,gas,167000,Low CC,43,0
2015,ford,expedition el,Excellent,Automatic,6,gas,45605,Low CC,11,1
2017,jaguar,f-type s,Excellent,Manual,6,gas,29718,Low CC,46,2
2017,ford,focus,Excellent,Manual,4,gas,61730,Low CC,6,0
2004,volkswagen,passat wagon,Excellent,Automatic,4,gas,55075,Low CC,44,0
2010,hyundai,genesis coupe,Excellent,Manual,6,gas,114831,Low CC,47,0
1997,lexus,es300,Excellent,Automatic,6,gas,177200,Low CC,28,0
2013,mercedes-benz,gl550,Excellent,Automatic,8,gas,77870,Low CC,41,1
2012,hyundai,sonata,Excellent,Automatic,4,gas,123000,Low CC,48,0
2005,chevrolet,equinox,Excellent,Automatic,6,gas,130244,Low CC,27,0
1997,ford,f150 long bed,salvage,Automatic,8,gas,192700,Low CC,18,0
2014,hyundai,santa fe sport,Excellent,Automatic,4,gas,69675,Low CC,10,0
2012,ford,fusion sport,Excellent,Manual,6,gas,51844,Low CC,35,0
2013,ford,transit connect,Excellent,Automatic,4,gas,148820,Low CC,39,0
2012,chevrolet,silverado 2500hd,Excellent,Manual,8,gas,79000,Low CC,37,1
2012,honda,cr-v,Excellent,Manual,4,gas,101528,Low CC,37,0
2001,chevrolet,camaro ss,Excellent,Automatic,8,gas,111000,Low CC,21,0
2007,ford,econoline wagon,Excellent,Automatic,8,gas,361518,Low CC,46,0
1996,ford,f700 4x4,Excellent,Automatic,8,gas,46495,Low CC,20,0
2008,saturn,vue,Excellent,Automatic,6,gas,162537,Low CC,32,0
2016,ford,fusion,Excellent,Manual,4,gas,47309,Low CC,9,0
2006,ford,explorer xlt,salvage,Automatic,6,gas,133000,Low CC,11,0
2017,jeep,cherokee,Excellent,Manual,4,gas,53926,Low CC,48,0
2005,chevrolet,trailblazer,Excellent,Manual,6,gas,164000,Low CC,33,0
2014,ford,taurus sel,Excellent,Automatic,6,gas,37500,Low CC,15,0
2008,chevrolet,hhr,Excellent,Manual,4,gas,168000,Low CC,31,0
2005,ford,super duty f-250,Excellent,Automatic,8,diesel,89851,Low CC,16,0
2008,ford,explorer,Excellent,Manual,6,gas,156000,Low CC,23,0
2018,gmc,sierra 1500,Excellent,Manual,8,gas,9389,Low CC,23,0
2014,ram,1500,Excellent,Manual,8,gas,78555,Low CC,33,0
2009,mercedes-benz,benz ml350,Excellent,Automatic,6,gas,120626,Low CC,11,0
2011,gmc,acadia,Excellent,Automatic,6,gas,131904,Low CC,35,0
2006,ford,e-250,Excellent,Automatic,8,gas,179760,Low CC,6,0
2009,chevrolet,2500 hd,Excellent,Manual,8,gas,151007,Low CC,27,0
2018,ford,transit passenger,Excellent,Automatic,6,gas,53235,Low CC,49,1
2007,gmc,c5500 duramax,Excellent,Manual,8,diesel,106000,Low CC,35,0
2014,honda,accord ex-lv6,Excellent,Automatic,6,gas,97500,Low CC,8,0
2015,ram,promaster city,Excellent,Manual,4,gas,96180,Low CC,10,0
2012,ford,fusion,Excellent,Automatic,4,gas,103147,Low CC,40,0
1986,volvo,240,Excellent,Automatic,4,gas,226167,Low CC,49,0
2006,toyota,avalon xl,Excellent,Manual,6,gas,69660,Low CC,13,0
2017,nissan,nv200,Excellent,Automatic,4,gas,6444,Low CC,9,0
2006,dodge,grand caravan,Excellent,Automatic,6,gas,124767,Low CC,17,0
2018,ford,f-150 crew cab xlt 4x4,Excellent,Automatic,6,gas,39115,Low CC,6,1
2018,infiniti,qx60,Excellent,Automatic,6,gas,12525,Low CC,41,0
2011,gmc,sierra 2500hd,Excellent,Automatic,8,diesel,154775,Low CC,42,1
2003,honda,civic ex,Excellent,Automatic,4,gas,193258,Low CC,38,0
2018,chevrolet,2500 crew 4x4 ltz dmax,Excellent,Manual,8,diesel,77234,Low CC,15,1
2001,nissan,xterra xe,Excellent,Automatic,6,gas,122809,Low CC,23,0
2015,toyota,4runner sr5 4x4,Excellent,Automatic,6,gas,79968,Low CC,36,0
2008,volvo,s40,Excellent,Manual,5,gas,216364,Low CC,24,0
2012,chevrolet,impala,Excellent,Manual,6,gas,153953,Low CC,42,0
2018,ram,1500 4x4,Excellent,Manual,8,gas,34256,Low CC,10,1
2014,gmc,crew cab,Excellent,Automatic,8,gas,165323,Low CC,12,0
2014,chevrolet,traverse,Excellent,Automatic,6,gas,82966,Low CC,33,0
2012,fiat,pop,Excellent,Automatic,4,gas,48000,Low CC,35,0
2006,ford,mustang gt,Excellent,Automatic,8,gas,64655,Low CC,33,0
2012,toyota,camry,Excellent,Manual,4,gas,90632,Low CC,50,0
2016,toyota,tacoma,Excellent,Manual,6,gas,18575,Low CC,8,1
2012,volkswagen,tiguan,Excellent,Manual,4,gas,90647,Low CC,23,0
2014,mercedes-benz,benz e350 awd,Excellent,Manual,6,gas,67366,Low CC,30,0
2007,nissan,murano,Excellent,Manual,6,gas,81972,Low CC,48,0
2005,ford,ranger xlt,Excellent,Manual,6,gas,110627,Low CC,36,0
2009,nissan,altima 2.5s,Excellent,Manual,6,gas,156000,Low CC,22,0
2009,chevrolet,silverado 1500,Excellent,Automatic,8,gas,90216,Low CC,13,0
2001,ford,f-150,Excellent,Automatic,8,gas,189150,Low CC,25,0
2008,ford,f150,Excellent,Automatic,8,gas,94000,Low CC,20,0
1988,gmc,15 sierra,Excellent,Automatic,8,gas,115000,Low CC,47,0
2006,volkswagen,beetle convertible,Excellent,Automatic,5,gas,114200,Low CC,16,0
2004,volvo,s60 2.5t awd,Excellent,Manual,5,gas,202801,Low CC,9,0
2011,honda,cr-v,Excellent,Automatic,4,gas,110145,Low CC,27,0
2008,ford,f-150,Excellent,Manual,8,gas,145275,Low CC,49,0
2013,honda,fit,Excellent,Manual,4,gas,87000,Low CC,49,0
2006,bmw,330xi,Excellent,Automatic,6,gas,136602,Low CC,39,0
2016,buick,cascada,Excellent,Automatic,4,gas,33716,Low CC,41,0
2018,gmc,terrain,Excellent,Manual,4,gas,22725,Low CC,50,1
1999,chevrolet,silverado,Excellent,Manual,8,gas,59000,Low CC,33,0
2005,buick,rzv,salvage,Automatic,6,gas,190435,Low CC,27,0
2017,chrysler,300 s awd,Excellent,Manual,6,gas,2731,Low CC,5,0
2016,lexus,lx,Excellent,Manual,8,gas,28453,Low CC,23,2
2007,buick,lucerne cxl,salvage,Manual,4,gas,175026,Low CC,16,0
2013,ram,1500,Excellent,Automatic,8,gas,78794,Low CC,38,0
2013,toyota,avalon,Excellent,Manual,6,gas,39463,Low CC,18,0
1995,ram,larmie slt,salvage,Manual,8,gas,215426,Low CC,22,0
2008,bmw,3-series,Excellent,Manual,8,gas,82528,Low CC,27,0
1987,honda,crx,Excellent,Automatic,4,gas,0,Low CC,26,0
2006,mazda,mazda5 minivan,Excellent,Automatic,4,gas,125375,Low CC,30,0
2011,honda,fit sport,Excellent,Automatic,4,gas,105000,Low CC,15,0
2004,honda,crv ex,Excellent,Automatic,4,gas,191000,Low CC,7,0
2010,toyota,highlander,Excellent,Automatic,6,gas,86292,Low CC,46,0
1978,mercedes-benz,450sl,Excellent,Automatic,8,gas,139000,Low CC,25,0
2013,volkswagen,passat,Excellent,Automatic,4,diesel,35886,Low CC,24,0
2012,jeep,liberty,Excellent,Automatic,6,gas,114981,Low CC,32,0
2011,gmc,sierra 1500,Excellent,Automatic,8,gas,137829,Low CC,34,0
2016,gmc,terrain slt,Excellent,Automatic,4,gas,117290,Low CC,50,0
2012,ford,focus,Excellent,Manual,4,gas,111331,Low CC,43,0
2003,toyota,rab4,Excellent,Automatic,4,gas,171000,Low CC,27,0
2005,chevrolet,silverado z71 4 x 4,Excellent,Automatic,8,gas,197150,Low CC,16,0
2011,mazda,3,Excellent,Manual,4,gas,91289,Low CC,41,0
2006,dodge,magnum rt,Excellent,Manual,8,gas,44532,Low CC,38,0
2004,buick,century 4 door,Excellent,Manual,6,gas,115599,Low CC,28,0
1997,toyota,4runnersr5,Excellent,Automatic,6,gas,234000,Low CC,11,0
2006,chevrolet,cobalt,Excellent,Manual,4,gas,211345,Low CC,23,0
2006,nissan,murano sl,Excellent,Manual,6,gas,145985,Low CC,40,0
1998,ram,1500,Excellent,Automatic,8,gas,280356,Low CC,43,0
1996,ford,mustang cobra svt,Excellent,Manual,8,gas,33500,Low CC,5,0
2011,ford,f250,Excellent,Automatic,8,gas,145815,Low CC,19,0
2008,buick,enclave,Excellent,Automatic,6,gas,108000,Low CC,32,0
2002,saturn,s-series 3 door,Excellent,Manual,4,gas,178200,Low CC,41,0
2016,nissan,altima,Excellent,Automatic,4,gas,117000,Low CC,50,0
2007,toyota,fj,Excellent,Automatic,6,gas,171000,Low CC,24,0
2015,volkswagen,jetta se,Excellent,Automatic,4,gas,159000,Low CC,22,0
2015,chrysler,300,Excellent,Manual,8,gas,42333,Low CC,18,1
2015,ford,focus,Excellent,Automatic,4,gas,36382,Low CC,31,0
2010,ford,f150 4x4,Excellent,Automatic,8,gas,99295,Low CC,37,0
2000,toyota,tacoma,Excellent,Manual,6,gas,224,Low CC,14,0
2011,ford,expedition el,Excellent,Automatic,8,gas,169840,Low CC,42,0
2017,toyota,rav4,Excellent,Automatic,4,gas,43690,Low CC,44,0
2003,chevrolet,impala,Excellent,Automatic,6,gas,175000,Low CC,41,0
2014,ford,expedition,Excellent,Automatic,8,gas,122961,Low CC,48,0
2002,dodge,neon,Excellent,Automatic,4,gas,133629,Low CC,7,0
2015,mercedes-benz,c-class c300,Excellent,Automatic,4,gas,17043,Low CC,27,0
2005,nissan,maxima,Excellent,Manual,6,gas,106000,Low CC,40,0
2006,pontiac,g6 gt,Excellent,Manual,6,gas,97071,Low CC,7,0
1999,ford,f-250,Excellent,Manual,8,diesel,232330,Low CC,6,0
1982,mercedes-benz,380sl,Excellent,Automatic,8,gas,63722,Low CC,40,0
2015,ram,promaster city,Excellent,Manual,4,gas,96180,Low CC,23,0
2015,ford,f-250 super duty,Excellent,Automatic,8,gas,225275,Low CC,12,0
2004,chevrolet,colorado,Excellent,Automatic,5,gas,62679,Low CC,36,0
2013,dodge,dart,Excellent,Automatic,4,gas,235011,Low CC,40,0
2004,dodge,stratus,Excellent,Automatic,4,gas,225000,Low CC,43,0
2006,gmc,sierra,Excellent,Automatic,8,gas,163129,Low CC,50,0
2013,ford,fusion,Excellent,Automatic,4,gas,165591,Low CC,34,0
2015,ford,fusion se,Excellent,Automatic,4,gas,38500,Low CC,18,0
2004,chevrolet,corvette,Excellent,Automatic,8,gas,45000,Low CC,47,0
1992,nissan,sentra,Excellent,Manual,4,gas,265000,Low CC,49,0
2008,ford,super duty f-250 srw,Excellent,Manual,8,diesel,150497,Low CC,6,0
2009,ram,1500,Excellent,Automatic,8,gas,132282,Low CC,34,0
2010,toyota,corolla,Excellent,Manual,4,gas,136000,Low CC,15,0
2011,cadillac,srx,Excellent,Manual,6,gas,128397,Low CC,39,0
2007,ford,escape xlt,Excellent,Manual,6,gas,155000,Low CC,42,0
2012,honda,civic,Excellent,Manual,4,gas,109000,Low CC,46,0
2009,honda,cr-v,Excellent,Automatic,4,gas,71645,Low CC,32,0
2016,hyundai,tucson limited,Excellent,Automatic,4,gas,45054,Low CC,32,0
2005,ford,explorer xlt,Excellent,Automatic,6,gas,206693,Low CC,21,0
2008,mazda,miata mx5,Excellent,Automatic,6,gas,70500,Low CC,33,0
2004,toyota,camry le,Excellent,Manual,4,gas,205367,Low CC,49,0
2014,ford,transit connect,Excellent,Automatic,4,gas,108175,Low CC,6,0
1968,chevrolet,chevelle,Excellent,Automatic,8,gas,800,Low CC,23,2
2017,ford,fusion,Excellent,Manual,4,gas,33809,Low CC,34,0
2008,ford,expedition,Excellent,Manual,8,gas,120300,Low CC,5,0
2010,honda,accord,Excellent,Manual,6,gas,142207,Low CC,5,0
1998,ferrari,355,Excellent,Manual,8,gas,20055,Low CC,35,2
2012,ram,3500,Excellent,Manual,8,diesel,106966,Low CC,9,1
2006,jeep,liberty,Excellent,Manual,6,gas,180375,Low CC,12,0
1983,bmw,528e,Excellent,Manual,6,gas,141300,Low CC,5,0
2012,mercedes-benz,benz s550 4 matic,Excellent,Automatic,8,gas,88000,Low CC,46,0
2013,ford,escape,Excellent,Automatic,4,gas,113000,Low CC,31,0
2010,toyota,corolla,Excellent,Automatic,4,gas,144495,Low CC,26,0
2007,ford,f150 4x4,Excellent,Manual,8,gas,141251,Low CC,46,0
2003,gmc,savana ext cargo 2500,salvage,Automatic,8,gas,260000,Low CC,44,0
2008,bmw,528xi,Excellent,Automatic,6,gas,108019,Low CC,18,0
2008,chevrolet,suburban ltz 4x4,Excellent,Manual,8,gas,168328,Low CC,10,0
2016,toyota,tundra sr5 lifted,Excellent,Manual,8,gas,31249,Low CC,18,1
2001,chevrolet,corvette,Excellent,Automatic,8,gas,78187,Low CC,9,0
2008,saturn,vue,Excellent,Manual,6,gas,133035,Low CC,17,0
2013,ford,f250 super duty,Excellent,Automatic,8,gas,206130,Low CC,41,0
2002,honda,civic,Excellent,Manual,4,gas,174980,Low CC,26,0
2009,subaru,forester,Excellent,Automatic,4,gas,132000,Low CC,26,0
2004,infiniti,g35 coupe,Excellent,Manual,6,gas,135471,Low CC,40,0
2016,jeep,patriot,Excellent,Manual,4,gas,63943,Low CC,5,0
2007,chrysler,300,Excellent,Manual,6,gas,111000,Low CC,33,0
2007,nissan,armada se,Excellent,Manual,8,gas,118600,Low CC,5,0
2011,toyota,camry,Excellent,Automatic,4,gas,123061,Low CC,13,0
1999,dodge,dakota sport r/t,Excellent,Manual,8,gas,126255,Low CC,30,0
2004,ram,1500,Excellent,Manual,8,gas,159345,Low CC,31,0
2013,jeep,grand cherokee,Excellent,Automatic,6,gas,112800,Low CC,48,0
2016,dodge,challenger,Excellent,Manual,8,gas,4961,Low CC,7,1
2012,ford,econoline,Excellent,Automatic,8,gas,80836,Low CC,37,0
2009,mercedes-benz,benz ml350,Excellent,Manual,6,gas,126755,Low CC,41,0
2017,nissan,armada,Excellent,Manual,8,gas,35408,Low CC,46,1
2008,mercury,mariner,salvage,Automatic,6,gas,140000,Low CC,41,0
2007,gmc,sierra 2500hd,Excellent,Manual,8,diesel,0,Low CC,21,0
2013,chevrolet,impala ltz,Excellent,Manual,6,gas,128100,Low CC,47,0
2016,bmw,428i,Excellent,Automatic,4,gas,57500,Low CC,47,0
2009,volkswagen,jetta,Excellent,Automatic,5,gas,125543,Low CC,6,0
2008,volvo,s80 - sedan,Excellent,Automatic,6,gas,98286,Low CC,8,0
2001,mazda,tribute,salvage,Manual,6,gas,220000,Low CC,32,0
2003,dodge,dakota,salvage,Automatic,6,gas,172867,Low CC,13,0
2004,chevrolet,silverado 2500hd,Excellent,Automatic,8,gas,337136,Low CC,45,0
2016,volkswagen,beetle s/se convertible,Excellent,Manual,4,gas,21000,Low CC,22,0
2014,honda,crv awd,Excellent,Manual,4,gas,58000,Low CC,45,0
2012,mercedes-benz,c350 coupe,Excellent,Manual,6,gas,69566,Low CC,7,0
2005,nissan,xterra,salvage,Automatic,6,gas,184000,Low CC,43,0
2008,gmc,sierra 2500hd,Excellent,Manual,8,diesel,175291,Low CC,19,0
2010,ford,f-150,Excellent,Automatic,8,gas,71995,Low CC,16,0
2006,bmw,530i,Excellent,Automatic,6,gas,147000,Low CC,30,0
2015,ford,escape titanium 4wd,Excellent,Automatic,4,gas,43215,Low CC,20,0
2013,chevrolet,malibu,Excellent,Manual,4,gas,149000,Low CC,32,0
2011,chevrolet,hhr,Excellent,Automatic,4,gas,119956,Low CC,23,0
2001,subaru,outback,Excellent,Manual,6,gas,189000,Low CC,31,0
1993,chevrolet,silverado,Excellent,Automatic,8,gas,116000,Low CC,31,0
2005,gmc,sierra 1500,Excellent,Manual,8,gas,210217,Low CC,38,0
2012,chevrolet,cruze,Excellent,Manual,4,gas,61000,Low CC,45,0
2004,toyota,camry le,Excellent,Automatic,6,gas,160000,Low CC,31,0
2008,pontiac,grand prix,Excellent,Manual,6,gas,128000,Low CC,11,0
2015,chevrolet,cruze ltz,Excellent,Automatic,4,gas,65945,Low CC,29,0
2003,ford,f250,Excellent,Automatic,8,diesel,153000,Low CC,43,0
2012,chevrolet,cruze,salvage,Automatic,4,gas,66125,Low CC,37,0
2013,ford,edge,Excellent,Automatic,6,gas,101000,Low CC,19,0
2014,toyota,highlander le v6,Excellent,Manual,6,gas,65400,Low CC,36,0
2008,subaru,outback,Excellent,Automatic,4,gas,136699,Low CC,9,0
2013,nissan,nv2500,Excellent,Manual,6,gas,135610,Low CC,13,0
2004,chrysler,pt cruiser,Excellent,Automatic,4,gas,101765,Low CC,20,0
2011,ford,f-250 sd,Excellent,Automatic,8,gas,40203,Low CC,15,0
2008,chevrolet,tahoe,Excellent,Automatic,8,gas,204000,Low CC,45,0
1989,ford,f250 supercab,salvage,Manual,8,diesel,215531,Low CC,30,0
2013,lincoln,mkx,Excellent,Automatic,6,gas,72500,Low CC,7,0
2002,toyota,camry,Excellent,Automatic,4,gas,130000,Low CC,49,0
1970,cadillac,de ville 2 door,Excellent,Automatic,8,gas,54000,Low CC,48,0
2007,ford,explorer,Excellent,Automatic,6,gas,130043,Low CC,37,0
1998,honda,accord,Excellent,Automatic,4,gas,142645,Low CC,46,0
2011,mercedes-benz,e-350 4matic,Excellent,Automatic,6,gas,57357,Low CC,11,0
2015,dodge,journey,Excellent,Manual,4,gas,62353,Low CC,42,0
2009,dodge,journey,Excellent,Automatic,4,gas,188000,Low CC,36,0
1999,chevrolet,express 1500,Excellent,Automatic,8,gas,127000,Low CC,9,0
2017,ford,edge sel,Excellent,Automatic,4,gas,83390,Low CC,21,0
2007,chevrolet,1500 lt,Excellent,Automatic,8,gas,85520,Low CC,42,0
2014,chevrolet,malibu ls,Excellent,Manual,4,gas,61000,Low CC,31,0
2011,bmw,328i,Excellent,Manual,6,gas,85000,Low CC,34,0
1987,cadillac,brougham,salvage,Manual,8,gas,90841,Low CC,45,0
1988,jeep,wrangler,Excellent,Automatic,6,gas,116889,Low CC,29,0
2012,chevrolet,impala,Excellent,Automatic,6,gas,113672,Low CC,15,0
2008,chevrolet,impala ls,Excellent,Automatic,6,gas,158849,Low CC,50,0
2010,jeep,wrangler,Excellent,Automatic,6,gas,135711,Low CC,44,0
2013,mercedes-benz,s550 sport,Excellent,Manual,8,gas,21874,Low CC,28,1
2007,chrysler,pt cruiser,Excellent,Manual,4,gas,112432,Low CC,24,0
2003,toyota,4-runner,Excellent,Automatic,8,gas,255183,Low CC,46,0
2009,chevrolet,impala police,salvage,Manual,6,gas,74580,Low CC,11,0
1997,jeep,tj,Excellent,Automatic,6,gas,80000,Low CC,29,0
2017,toyota,corolla,Excellent,Automatic,4,gas,34934,Low CC,9,0
2015,chevrolet,camaro,Excellent,Manual,6,gas,54005,Low CC,41,0
2013,dodge,charger,Excellent,Manual,6,gas,74456,Low CC,13,0
2010,gmc,sierra 1500 crew cab,Excellent,Manual,8,gas,137815,Low CC,48,0
2016,chrysler,200,Excellent,Manual,4,gas,91000,Low CC,37,0
2011,gmc,yukon sle 4x4,Excellent,Manual,8,gas,107887,Low CC,45,0
2015,chevrolet,silverado 1500,Excellent,Automatic,8,gas,95250,Low CC,39,0
2010,ford,f-150,Excellent,Automatic,8,gas,178455,Low CC,40,0
2009,chevrolet,c4500 - 37ft bucket tr,Excellent,Manual,8,diesel,147405,Low CC,25,1
2008,chevrolet,mailbu,Excellent,Manual,6,gas,139893,Low CC,9,0
2014,volkswagen,beetle,Excellent,Automatic,5,gas,8934,Low CC,22,0
2009,honda,cr-v,Excellent,Automatic,4,gas,123463,Low CC,31,0
2005,lincoln,town car,Excellent,Automatic,8,gas,157000,Low CC,24,0
2007,chevrolet,impala,Excellent,Automatic,6,gas,160362,Low CC,32,0
2017,nissan,versa,Excellent,Automatic,4,gas,34379,Low CC,42,0
2011,toyota,sienna xle,Excellent,Automatic,6,gas,80000,Low CC,22,0
2017,ford,focus,Excellent,Automatic,4,gas,24000,Low CC,12,0
2013,audi,s5,Excellent,Automatic,6,gas,95111,Low CC,26,0
2011,ford,econoline,Excellent,Automatic,8,gas,71000,Low CC,38,0
2012,ford,fiesta,Excellent,Manual,4,gas,135250,Low CC,23,0
2015,subaru,outback,Excellent,Manual,4,gas,74628,Low CC,13,0
1999,jeep,cherokee,Excellent,Automatic,6,gas,221000,Low CC,16,0
2004,chevrolet,silverado 2500hd,Excellent,Automatic,8,gas,136000,Low CC,20,0
2014,toyota,camry,Excellent,Automatic,4,gas,45128,Low CC,18,0
2005,chevrolet,silverado 1500,Excellent,Manual,6,gas,205826,Low CC,24,0
2010,subaru,forester,Excellent,Manual,4,gas,148199,Low CC,43,0
2018,chevrolet,trax,Excellent,Automatic,4,gas,13407,Low CC,8,0
2014,ford,escape,Excellent,Manual,4,gas,22373,Low CC,28,0
2011,ram,1500,Excellent,Automatic,8,gas,82635,Low CC,40,0
2011,jeep,patriot,Excellent,Automatic,4,gas,112390,Low CC,5,0
2011,acura,tl,Excellent,Automatic,6,gas,114000,Low CC,45,0
2016,ford,fusion,Excellent,Manual,4,gas,23378,Low CC,24,0
2011,chevrolet,express g4500,Excellent,Automatic,8,diesel,143000,Low CC,33,0
2010,toyota,4 runner sr5,Excellent,Automatic,6,gas,62000,Low CC,14,0
2011,ram,1500 crew cab 4wd v8 slt,Excellent,Automatic,8,gas,136917,Low CC,14,0
2004,ram,slt (quad cab),Excellent,Automatic,8,gas,208000,Low CC,28,0
2010,ram,3500,Excellent,Automatic,6,diesel,205999,Low CC,7,0
2009,chevrolet,silverado 1500,Excellent,Automatic,8,gas,121915,Low CC,31,0
2013,hyundai,veloster,Excellent,Automatic,4,gas,64129,Low CC,45,0
2011,dodge,caliber,Excellent,Manual,4,gas,96000,Low CC,28,0
2012,nissan,altima 2.5s,Excellent,Automatic,4,gas,160630,Low CC,7,0
2019,ford,f350,Excellent,Automatic,8,diesel,4300,Low CC,9,2
2009,mitsubishi,eclipse,Excellent,Automatic,6,gas,106418,Low CC,26,0
2017,chevrolet,cruze lt,Excellent,Manual,4,gas,28846,Low CC,42,0
2011,chevrolet,express 2500,Excellent,Automatic,8,gas,146218,Low CC,8,0
2008,volvo,xc70 awd,Excellent,Automatic,6,gas,187135,Low CC,20,0
2007,honda,fit sport,Excellent,Automatic,4,gas,149000,Low CC,48,0
2003,dodge,dakota,Excellent,Automatic,8,gas,200000,Low CC,42,0
2014,chevrolet,silverado 1500,Excellent,Automatic,8,gas,47000,Low CC,36,1
1998,ford,f-800,Excellent,Automatic,8,diesel,88900,Low CC,22,0
2012,ford,escape,Excellent,Automatic,4,gas,104719,Low CC,21,0
2005,ford,taurus,salvage,Automatic,4,gas,94880,Low CC,33,0
2012,mazda,mazda3,Excellent,Automatic,4,gas,150496,Low CC,47,0
2007,chevrolet,silverado,Excellent,Manual,8,gas,204000,Low CC,43,0
2017,dodge,grand caravan sxt,Excellent,Manual,6,gas,13678,Low CC,7,1
2015,chevrolet,sonic,Excellent,Manual,4,gas,32679,Low CC,24,0
2012,ford,250 supercab lariat,Excellent,Manual,8,gas,12000,Low CC,41,0
2011,ram,2500 laramie longhorn diese,Excellent,Manual,6,diesel,104484,Low CC,39,1
2014,chevrolet,cruze,Excellent,Automatic,4,gas,110305,Low CC,36,0
2015,nissan,altima,Excellent,Manual,4,gas,79510,Low CC,27,0
2013,audi,a5,Excellent,Automatic,4,gas,56000,Low CC,44,0
2007,ram,1500,Excellent,Automatic,8,gas,76821,Low CC,45,0
2014,dodge,journey sxt,Excellent,Automatic,6,gas,41327,Low CC,50,0
2002,toyota,tacoma,Excellent,Manual,4,gas,169129,Low CC,27,0
2006,audi,a3 quattro station wagon,Excellent,Automatic,6,gas,103417,Low CC,17,0
2012,bmw,335i,Excellent,Manual,6,gas,95000,Low CC,22,0
2001,cadillac,deville sedan dts,Excellent,Manual,8,gas,180367,Low CC,38,0
2014,ford,escape,Excellent,Automatic,4,gas,97139,Low CC,38,0
2006,chevrolet,trailblazer,Excellent,Automatic,8,gas,187058,Low CC,36,0
2006,pontiac,soltice,salvage,Automatic,4,gas,65920,Low CC,32,0
2009,dodge,journey r/t fully loaded,Excellent,Automatic,6,gas,44000,Low CC,17,0
2011,chevrolet,cruze,Excellent,Manual,4,gas,121900,Low CC,30,0
1982,mercedes-benz,300sd s class diesel,Excellent,Automatic,5,diesel,129500,Low CC,6,0
2003,dodge,durango,salvage,Automatic,8,gas,136700,Low CC,14,0
2002,jeep,wrangler,Excellent,Automatic,6,gas,188000,Low CC,15,0
2015,nissan,versa,Excellent,Manual,4,gas,10572,Low CC,18,0
2011,ford,taurus,Excellent,Automatic,6,gas,81205,Low CC,49,0
2012,chrysler,town country,Excellent,Manual,6,gas,128544,Low CC,34,0
2012,volkswagen,jetta,Excellent,Manual,4,diesel,46365,Low CC,12,0
2006,ford,explorer,Excellent,Automatic,8,gas,186000,Low CC,22,0
2001,ford,super duty f-250,Excellent,Automatic,8,gas,288000,Low CC,47,0
2014,chevrolet,2500 silverado,Excellent,Automatic,8,diesel,99980,Low CC,7,1
2011,chevrolet,silverado 1500 lt,Excellent,Manual,8,gas,90868,Low CC,8,0
2009,honda,fit,Excellent,Automatic,4,gas,133379,Low CC,47,0
2007,nissan,murano sl awd,Excellent,Automatic,6,gas,129000,Low CC,9,0
1989,ford,f350 plus,salvage,Manual,8,diesel,203009,Low CC,28,0
2011,toyota,camry,Excellent,Manual,4,gas,122595,Low CC,50,0
2017,chevrolet,cruze lt,Excellent,Automatic,4,gas,35517,Low CC,25,0
2014,volkswagen,jetta gli,Excellent,Automatic,4,gas,103270,Low CC,47,0
2009,ford,super duty f-450 drw,Excellent,Automatic,8,diesel,114605,Low CC,42,1
2013,jeep,wrangler,Excellent,Automatic,6,gas,118725,Low CC,41,1
2007,gmc,sierra 2500hd classic,Excellent,Automatic,8,diesel,183340,Low CC,22,0
2012,ford,super duty f-250 srw,Excellent,Automatic,8,diesel,140644,Low CC,16,1
2008,jeep,wrangler,Excellent,Manual,6,gas,181667,Low CC,38,0
2014,kia,cadenza,Excellent,Automatic,6,gas,104166,Low CC,31,0
2000,pontiac,firebird,Excellent,Automatic,6,gas,89860,Low CC,34,0
2013,nissan,rogue,Excellent,Automatic,4,gas,77800,Low CC,22,0
2012,ford,f250,Excellent,Manual,8,gas,246077,Low CC,10,0
2013,toyota,4runner,Excellent,Manual,6,gas,101000,Low CC,47,0
2014,chevrolet,tahoe,Excellent,Manual,8,gas,125000,Low CC,48,0
2004,ram,1500,Excellent,Manual,8,diesel,61818,Low CC,20,0
2012,chevrolet,equinox 2lt,Excellent,Automatic,4,gas,84000,Low CC,7,0
2015,dodge,charger,Excellent,Manual,6,gas,84355,Low CC,42,0
2012,nissan,sentra sr,Excellent,Automatic,4,gas,85119,Low CC,15,0
2010,dodge,grand caravan sxt,Excellent,Manual,6,gas,135501,Low CC,28,0
2007,bmw,x5 3.0,Excellent,Automatic,6,gas,207000,Low CC,39,0
2013,volkswagen,golf tdi 4door hb,Excellent,Manual,4,diesel,39000,Low CC,44,0
2005,mercedes-benz,e320,Excellent,Manual,6,gas,105000,Low CC,26,0
2013,audi,a4 premium plus,Excellent,Automatic,4,gas,98000,Low CC,22,0
2015,gmc,sierra crew cab z71,Excellent,Manual,8,gas,80280,Low CC,19,1
2005,ford,focus,Excellent,Automatic,4,gas,126814,Low CC,50,0
2013,ford,explorer,Excellent,Automatic,6,gas,71500,Low CC,26,0
2014,ram,1500,Excellent,Manual,8,gas,78555,Low CC,45,0
2012,gmc,sierra 2500hd,Excellent,Manual,8,diesel,149889,Low CC,38,1
2012,chevrolet,silverado,Excellent,Manual,8,gas,69628,Low CC,19,0
1974,volkswagen,super beetle convertible,salvage,Manual,4,gas,48000,Low CC,44,0
2002,chevrolet,trailblazer,Excellent,Automatic,6,gas,250516,Low CC,42,0
2014,chevrolet,silverado 1500,Excellent,Automatic,8,gas,76777,Low CC,26,1
2000,honda,civic,Excellent,Automatic,4,gas,313250,Low CC,21,0
2008,honda,civic,Excellent,Manual,4,gas,143000,Low CC,37,0
2015,lexus,nx 200t,Excellent,Automatic,4,gas,42161,Low CC,48,1
2016,ford,mustang,Excellent,Automatic,4,gas,44701,Low CC,37,0
2013,volkswagen,jetta,Excellent,Automatic,4,diesel,42713,Low CC,20,0
2010,ram,1500,Excellent,Automatic,8,gas,135500,Low CC,12,0
1995,toyota,celica,Excellent,Automatic,4,gas,186100,Low CC,30,0
2008,ford,f-250 xlt,salvage,Manual,8,gas,120000,Low CC,26,0
2019,subaru,wrx,Excellent,Automatic,4,gas,2500,Low CC,44,1
2007,toyota,fj cruiser,Excellent,Manual,6,gas,198302,Low CC,29,0
2001,volkswagen,passat wagon gls,Excellent,Manual,6,gas,89613,Low CC,39,0
2012,ford,focus,Excellent,Automatic,4,gas,114109,Low CC,45,0
2014,chevrolet,silverado 1500,Excellent,Manual,8,gas,118162,Low CC,26,1
2011,gmc,yukon denali xl,Excellent,Manual,8,gas,144650,Low CC,8,0
2003,honda,pilot,Excellent,Automatic,6,gas,260325,Low CC,45,0
2010,chevrolet,silverado,Excellent,Automatic,8,gas,83335,Low CC,42,0
2010,ram,1500,Excellent,Automatic,6,gas,85680,Low CC,50,0
2013,ford,f-250 sd,Excellent,Automatic,8,gas,45649,Low CC,25,0
1993,dodge,dakota,salvage,Manual,8,gas,98738,Low CC,14,0
2014,ram,1500,Excellent,Manual,6,gas,99001,Low CC,8,0
2011,volvo,xc90,Excellent,Automatic,6,gas,114000,Low CC,31,0
2009,volkswagen,cc,Excellent,Automatic,6,gas,71796,Low CC,17,0
2015,bmw,5 series 535 i,Excellent,Automatic,6,gas,74155,Low CC,16,0
2010,bmw,3-series,Excellent,Manual,6,gas,104402,Low CC,36,0
2016,buick,regal,Excellent,Automatic,4,gas,40391,Low CC,8,0
2010,mercedes-benz,glk e350,Excellent,Automatic,6,gas,140688,Low CC,39,0
2012,ford,flex,Excellent,Manual,6,gas,147152,Low CC,44,0
1990,ford,bronco,Excellent,Automatic,8,gas,78006,Low CC,27,0
2013,nissan,pathfinder,Excellent,Manual,6,gas,101899,Low CC,10,0
2016,honda,civic ex,Excellent,Automatic,4,gas,51766,Low CC,7,0
2014,gmc,yukon sle,Excellent,Automatic,8,gas,172875,Low CC,30,0
2012,jeep,compass,Excellent,Automatic,4,gas,158933,Low CC,20,0
2015,ford,fusion,Excellent,Automatic,4,gas,73708,Low CC,16,0
2006,honda,pilot,Excellent,Automatic,6,gas,156000,Low CC,30,0
2010,bmw,x5 xdrive48i awd,Excellent,Automatic,8,gas,120000,Low CC,29,0
2010,mercedes-benz,s550 4matic,Excellent,Automatic,8,gas,31000,Low CC,29,0
2000,pontiac,firebird,Excellent,Automatic,8,gas,22000,Low CC,13,0
2014,audi,a4 premium,Excellent,Manual,4,gas,57136,Low CC,42,0
2015,mercedes-benz,s-class,Excellent,Automatic,8,gas,84736,Low CC,15,1
2006,mini,cooper s conv.,Excellent,Automatic,4,gas,62450,Low CC,47,0
2007,hyundai,sonata gls,Excellent,Automatic,4,gas,168275,Low CC,29,0
2012,toyota,yaris,Excellent,Manual,4,gas,81893,Low CC,12,0
1996,toyota,celica,salvage,Automatic,4,gas,276000,Low CC,43,0
2012,chrysler,300 srt,Excellent,Automatic,8,gas,36200,Low CC,36,0
2010,mercedes-benz,e-class,Excellent,Automatic,8,gas,104479,Low CC,14,0
2011,chevrolet,silverado 1500,Excellent,Manual,8,gas,86931,Low CC,8,0
2012,ford,econoline e250,Excellent,Manual,8,gas,215530,Low CC,36,0
2014,ford,focus,Excellent,Manual,4,gas,33249,Low CC,37,0
2008,chrysler,300c,Excellent,Automatic,8,gas,93000,Low CC,46,0
1989,toyota,land cruiser,Excellent,Automatic,6,gas,235000,Low CC,5,0
2005,chevrolet,silverado 3500hd,Excellent,Automatic,8,diesel,163020,Low CC,30,0
2013,ford,f150 fx4,Excellent,Automatic,6,gas,75000,Low CC,25,1
2004,pontiac,grand am,Excellent,Automatic,6,gas,119391,Low CC,14,0
2011,chevrolet,silverado 3500hd,Excellent,Automatic,8,diesel,105840,Low CC,12,0
2001,toyota,4runner,Excellent,Automatic,6,gas,248500,Low CC,37,0
2014,gmc,sierra 1500,Excellent,Automatic,8,gas,44261,Low CC,14,1
2010,dodge,journey,Excellent,Automatic,4,gas,74828,Low CC,15,0
1992,gmc,sierra,Excellent,Automatic,8,gas,156444,Low CC,9,0
2016,toyota,camry,Excellent,Manual,4,gas,15380,Low CC,48,0
1994,ford,ranger,salvage,Automatic,4,gas,211318,Low CC,19,0
2001,honda,civic,salvage,Manual,4,gas,180000,Low CC,16,0
2013,honda,accord,Excellent,Manual,6,gas,97000,Low CC,47,0
2014,ram,3500,Excellent,Automatic,6,diesel,190487,Low CC,14,1
2012,subaru,legacy,Excellent,Manual,4,gas,180000,Low CC,8,0
2012,volvo,s60,Excellent,Manual,5,gas,100000,Low CC,6,0
2012,gmc,acadia awd,Excellent,Automatic,6,gas,74732,Low CC,40,0
1998,chrysler,town & country lxi,Excellent,Automatic,6,gas,114410,Low CC,50,0
2010,chrysler,town & country,Excellent,Automatic,6,gas,85975,Low CC,23,0
2009,toyota,tacoma,Excellent,Automatic,6,gas,150000,Low CC,37,0
1997,ford,expedition eddie bauer,Excellent,Automatic,8,gas,111318,Low CC,5,0
2014,ford,f-150,Excellent,Automatic,6,gas,120246,Low CC,25,0
2009,ford,f-150,Excellent,Manual,8,gas,215987,Low CC,32,0
2011,ford,f-150,Excellent,Automatic,8,gas,190104,Low CC,31,0
2004,toyota,tundra,Excellent,Automatic,8,gas,137866,Low CC,40,0
2004,nissan,maxima,Excellent,Automatic,6,gas,191546,Low CC,14,0
2013,gmc,sierra 1500 sle,Excellent,Automatic,8,gas,52666,Low CC,21,0
2010,honda,accord,Excellent,Automatic,4,gas,103824,Low CC,45,0
2015,chevrolet,tahoe,Excellent,Automatic,8,gas,88492,Low CC,45,1
2010,hyundai,elantra,Excellent,Automatic,4,gas,118000,Low CC,32,0
2005,honda,cr-v ex at,Excellent,Manual,4,gas,130460,Low CC,23,0
2011,subaru,tribeca,Excellent,Manual,6,gas,114360,Low CC,36,0
2017,volkswagen,jetta 1.8t sel,Excellent,Automatic,4,gas,11500,Low CC,19,0
2008,lexus,rx 350,Excellent,Automatic,6,gas,121329,Low CC,12,0
2007,ford,mustang gt,Excellent,Automatic,8,gas,137097,Low CC,40,0
2008,chevrolet,equinox awd,Excellent,Automatic,6,gas,168000,Low CC,45,0
2013,ram,1500 express,Excellent,Manual,8,gas,111000,Low CC,32,0
1998,ford,f-250,Excellent,Automatic,8,gas,223064,Low CC,38,0
2014,chevrolet,silverado 1500,Excellent,Automatic,8,gas,46850,Low CC,47,1
2008,chrysler,town & country touring,Excellent,Manual,6,gas,84021,Low CC,11,0
2004,jeep,grand cherokee,Excellent,Automatic,8,gas,179843,Low CC,48,0
2002,pontiac,sunfire se,Excellent,Manual,4,gas,174117,Low CC,35,0
2016,buick,enclave leather,Excellent,Automatic,6,gas,102792,Low CC,46,0
2012,hyundai,genesis 3.8l,Excellent,Manual,6,gas,159500,Low CC,39,0
2010,ford,f-250,Excellent,Automatic,8,diesel,132855,Low CC,48,0
2008,honda,odyssey ex-l,Excellent,Automatic,6,gas,194470,Low CC,19,0
2018,chevrolet,malibu lt,Excellent,Manual,4,gas,44116,Low CC,8,0
2013,subaru,impreza,Excellent,Manual,4,gas,79743,Low CC,13,0
2014,ram,2500 cummins 4x4,Excellent,Automatic,6,diesel,68000,Low CC,12,1
2006,buick,rainier,Excellent,Manual,6,gas,96259,Low CC,36,0
2017,chevrolet,express,Excellent,Automatic,8,gas,35228,Low CC,14,1
2009,hyundai,genesis 2009,salvage,Automatic,6,gas,132153,Low CC,12,0
2014,ford,f-150,Excellent,Automatic,6,gas,74915,Low CC,9,0
2004,honda,odyessey ex,Excellent,Automatic,6,gas,166750,Low CC,20,0
2001,buick,century,Excellent,Automatic,6,gas,86772,Low CC,34,0
2007,jeep,commander sport 4x4,Excellent,Automatic,6,gas,100000,Low CC,29,0
2001,honda,crv ex,Excellent,Automatic,4,gas,182000,Low CC,20,0
2001,audi,tt quattro roadster,Excellent,Automatic,4,gas,80410,Low CC,32,0
2004,pontiac,grand am,Excellent,Automatic,6,gas,81867,Low CC,12,0
2017,toyota,highlander,Excellent,Automatic,6,gas,46168,Low CC,39,1
2013,honda,civic ex,Excellent,Manual,4,gas,123122,Low CC,39,0
2007,lexus,is 250,Excellent,Manual,6,gas,160805,Low CC,30,0
2013,hyundai,sonata,Excellent,Manual,4,gas,109032,Low CC,48,0
2004,volkswagen,new beetle coupe,Excellent,Automatic,4,gas,136575,Low CC,7,0
2009,pontiac,g6,Excellent,Automatic,6,gas,142750,Low CC,37,0
1983,mercedes-benz,benz,Excellent,Automatic,5,gas,96000,Low CC,36,0
2006,jeep,commander,Excellent,Manual,8,gas,93000,Low CC,12,0
2013,toyota,rav4,Excellent,Automatic,4,gas,59199,Low CC,45,0
2012,gmc,canyon,Excellent,Manual,5,gas,115569,Low CC,13,0
2007,chevrolet,suburban lt 4x4,Excellent,Automatic,8,gas,224259,Low CC,27,0
1997,dodge,club wagon,Excellent,Automatic,8,gas,151131,Low CC,47,0
2018,chevrolet,express 2500,Excellent,Manual,8,gas,17444,Low CC,38,0
2013,ram,1500 laramie,Excellent,Manual,8,gas,113062,Low CC,45,0
2005,ford,expedition,Excellent,Automatic,8,gas,175686,Low CC,36,0
2011,bmw,x5 xdrive35i sav,Excellent,Automatic,6,gas,147000,Low CC,44,0
2012,nissan,rogue,Excellent,Manual,4,gas,87830,Low CC,50,0
2007,ford,f350,Excellent,Manual,8,diesel,133500,Low CC,19,0
2009,chevrolet,cobalt,Excellent,Automatic,4,gas,58350,Low CC,25,0
1998,chevrolet,camaro,Excellent,Automatic,6,gas,138887,Low CC,17,0
2000,cadillac,deville,Excellent,Manual,8,gas,200568,Low CC,9,0
2014,toyota,corolla,Excellent,Automatic,4,gas,71300,Low CC,23,0
2003,bmw,325i sedan,Excellent,Manual,6,gas,150000,Low CC,23,0
2006,lexus,is 350,Excellent,Automatic,6,gas,145000,Low CC,50,0
2002,ram,2500,Excellent,Automatic,6,diesel,132000,Low CC,49,0
2013,volkswagen,tiguan s,Excellent,Automatic,4,gas,71300,Low CC,21,0
1974,chevrolet,custom 10,Excellent,Automatic,6,gas,66302,Low CC,20,0
2013,gmc,terrain,Excellent,Automatic,6,gas,69000,Low CC,20,0
2012,chevrolet,express 3500,Excellent,Automatic,8,gas,168093,Low CC,36,0
2015,ford,f 150 4x4 supercrew lariat,Excellent,Automatic,6,gas,72650,Low CC,31,1
2003,ford,explorer xlt,Excellent,Automatic,6,gas,163000,Low CC,43,0
2011,bmw,328xi,Excellent,Manual,6,gas,108068,Low CC,11,0
1998,toyota,avalon,salvage,Manual,6,gas,229989,Low CC,14,0
2011,kia,sorento,Excellent,Automatic,6,gas,96537,Low CC,41,0
2002,infiniti,i35,Excellent,Automatic,6,gas,162000,Low CC,45,0
2006,chevrolet,avalanche ls,Excellent,Automatic,8,gas,141664,Low CC,23,0
2018,ford,f150 crew cab fx4 4x4,Excellent,Manual,6,gas,22000,Low CC,23,1
2005,pontiac,grand prix gt,Excellent,Automatic,6,gas,205511,Low CC,5,0
2013,chevrolet,silverado lt 2500 4x4,Excellent,Automatic,8,gas,129541,Low CC,32,0
2018,subaru,crosstrek limited,Excellent,Automatic,4,gas,4000,Low CC,23,0
2016,ford,edge,Excellent,Manual,4,gas,25860,Low CC,27,0
2005,ford,taurus,Excellent,Manual,6,gas,190083,Low CC,16,0
2004,gmc,sonoma,Excellent,Automatic,6,gas,99999,Low CC,26,0
2011,hyundai,accent,Excellent,Automatic,4,gas,173123,Low CC,8,0
2004,chevrolet,s10,Excellent,Automatic,6,gas,228500,Low CC,16,0
2013,ford,f-250 4wd one owner rust free tx truck,Excellent,Automatic,8,diesel,203725,Low CC,28,0
2006,honda,odyssey,Excellent,Manual,6,gas,197045,Low CC,22,0
2016,ford,focus se,Excellent,Automatic,4,gas,62253,Low CC,20,0
2007,nissan,frontier v6 4x4,Excellent,Automatic,6,gas,116889,Low CC,46,0
2015,nissan,murano sv,Excellent,Automatic,6,gas,48500,Low CC,9,0
2012,ram,1500 4x4,Excellent,Manual,8,gas,84872,Low CC,47,0
2010,mazda,5,Excellent,Automatic,4,gas,95430,Low CC,44,0
2012,ram,1500 4x4,Excellent,Manual,8,gas,84872,Low CC,35,0
2000,buick,regal,Excellent,Manual,6,gas,1,Low CC,16,0
2001,gmc,sierra 2500hd,Excellent,Manual,8,diesel,208930,Low CC,20,0
2016,subaru,legacy,Excellent,Manual,4,gas,56500,Low CC,44,0
2009,nissan,rogue,Excellent,Manual,4,gas,89131,Low CC,9,0
1998,toyota,camry le v6,Excellent,Manual,6,gas,186000,Low CC,22,0
1999,chevrolet,corvette c5,Excellent,Automatic,8,gas,71000,Low CC,9,0
2009,hyundai,sonata limited,Excellent,Automatic,6,gas,154074,Low CC,31,0
2011,toyota,venza,Excellent,Automatic,4,gas,68500,Low CC,5,0
2005,subaru,outback legacy,Excellent,Manual,4,gas,225851,Low CC,28,0
2004,volvo,v70,Excellent,Automatic,5,gas,124853,Low CC,32,0
2015,chevrolet,cruze,Excellent,Automatic,4,gas,101571,Low CC,43,0
2015,infiniti,q50,Excellent,Manual,6,gas,27373,Low CC,48,0
2009,toyota,tacoma,Excellent,Automatic,6,gas,190550,Low CC,40,0
2004,ford,f150 extended cab,Excellent,Automatic,8,gas,169737,Low CC,16,0
2003,ram,1500,salvage,Manual,8,gas,143000,Low CC,50,0
1981,ford,ranger,Excellent,Automatic,8,gas,29507,Low CC,43,0
2015,chevrolet,trax ltz,Excellent,Automatic,4,gas,43000,Low CC,34,0
2006,ford,super duty f-350 srw,Excellent,Automatic,8,gas,190265,Low CC,27,0
2006,ford,f250 super duty,Excellent,Automatic,8,gas,101191,Low CC,45,0
2017,ford,super duty f-250 srw,Excellent,Manual,8,diesel,123271,Low CC,47,2
2014,jeep,grand cherokee,Excellent,Automatic,6,gas,117761,Low CC,50,0
2011,chevrolet,silverado 1500,Excellent,Automatic,8,gas,0,Low CC,25,0
1972,lincoln,mark iv,Excellent,Automatic,8,gas,84000,Low CC,15,0
2004,volkswagen,beetle turbo s,Excellent,Automatic,4,gas,95464,Low CC,27,0
2012,chrysler,200-series,Excellent,Automatic,4,gas,124443,Low CC,44,0
2007,chevrolet,impala lt,Excellent,Manual,6,gas,170000,Low CC,44,0
2011,subaru,forester 2.5x premium,Excellent,Manual,4,gas,38852,Low CC,37,0
2015,gmc,sierra 1500,Excellent,Automatic,8,gas,29520,Low CC,9,1
2005,ford,mustang,Excellent,Automatic,6,gas,142645,Low CC,32,0
1999,mercedes-benz,slk230 2.3l 4cyl sc,Excellent,Automatic,4,gas,140000,Low CC,27,0
2003,chevrolet,s10 4x4 crewcab,salvage,Automatic,6,gas,136589,Low CC,11,0
2011,nissan,sentra sr,Excellent,Automatic,4,gas,108963,Low CC,12,0
2018,toyota,rav4,Excellent,Automatic,4,gas,18896,Low CC,18,0
2014,gmc,slt,Excellent,Manual,8,gas,30367,Low CC,37,1
2018,dodge,journey crossroad awd,Excellent,Manual,6,gas,18985,Low CC,39,0
2012,honda,cr-v,Excellent,Automatic,4,gas,93401,Low CC,18,0
2009,ford,f-150 xlt crew cab 4x4,Excellent,Automatic,8,gas,104150,Low CC,18,0
1998,jaguar,xj8 vandan plas,Excellent,Automatic,8,gas,77015,Low CC,19,0
2011,chevrolet,camaro,Excellent,Automatic,8,gas,38537,Low CC,24,0
2018,ford,transit,Excellent,Automatic,6,gas,21555,Low CC,43,1
2009,ram,1500,Excellent,Manual,8,gas,136447,Low CC,14,0
2011,toyota,tundra,Excellent,Manual,8,gas,213979,Low CC,11,0
2012,subaru,outback,Excellent,Automatic,4,gas,111165,Low CC,49,0
2006,chevrolet,tahoe,Excellent,Automatic,8,gas,180465,Low CC,44,0
2011,chevrolet,camaro ss,Excellent,Automatic,8,gas,43924,Low CC,17,0
2010,honda,pilot ll,Excellent,Automatic,8,gas,84000,Low CC,32,0
2006,infiniti,g35x,Excellent,Manual,6,gas,200169,Low CC,21,0
2001,honda,odyssey ex,Excellent,Manual,6,gas,160208,Low CC,44,0
2012,subaru,forester 2.5x premium,Excellent,Manual,4,gas,181464,Low CC,13,0
2013,volkswagen,jetta,Excellent,Automatic,4,diesel,63076,Low CC,50,0
2017,cadillac,ct6,Excellent,Manual,4,gas,100,Low CC,27,1
2015,audi,q7,Excellent,Automatic,6,gas,36252,Low CC,13,1
2009,chevrolet,silverado 2500,Excellent,Automatic,8,diesel,127143,Low CC,43,1
2018,toyota,tacoma,Excellent,Manual,6,gas,44,Low CC,36,1
1994,cadillac,deville,Excellent,Automatic,8,gas,121610,Low CC,45,0
2015,chevrolet,suburban,Excellent,Manual,8,gas,93295,Low CC,35,1
2000,chevrolet,s10,Excellent,Automatic,4,gas,167498,Low CC,40,0
2012,volkswagen,passat,Excellent,Automatic,5,gas,99600,Low CC,21,0
2010,ford,f-150 truck,Excellent,Automatic,8,gas,85006,Low CC,43,0
2014,ford,focus es,Excellent,Automatic,4,gas,134216,Low CC,49,0
2015,chrysler,300,Excellent,Automatic,6,gas,40229,Low CC,13,0
2004,buick,park avenue ultra,Excellent,Automatic,6,gas,243000,Low CC,32,0
2007,ford,f150 xlt,Excellent,Manual,8,gas,115499,Low CC,17,0
2009,hyundai,santa fe,Excellent,Manual,6,gas,180054,Low CC,42,0
2004,nissan,350z,Excellent,Manual,6,gas,147346,Low CC,16,0
2012,ford,escape xlt,Excellent,Manual,4,gas,137306,Low CC,49,0
2003,toyota,tundra sr5 4x4,Excellent,Manual,8,gas,167234,Low CC,10,0
2008,hyundai,accent,Excellent,Manual,4,gas,123075,Low CC,20,0
1976,lincoln,continental,Excellent,Automatic,8,gas,53012,Low CC,36,0
2012,toyota,tacoma,Excellent,Automatic,6,gas,105566,Low CC,17,0
2005,toyota,camry solara,Excellent,Manual,4,gas,172130,Low CC,7,0
2013,gmc,acadia,Excellent,Automatic,6,gas,189186,Low CC,13,0
2013,ford,f150 fx4 supercrew,Excellent,Automatic,6,gas,51084,Low CC,12,1
2003,honda,accord 4-door sedan ex,Excellent,Manual,4,gas,250000,Low CC,23,0
2007,toyota,highlander limited v6 4wd,Excellent,Manual,6,gas,155750,Low CC,39,0
1991,honda,civic lx,Excellent,Automatic,4,gas,133425,Low CC,8,0
2013,ford,econoline e250,Excellent,Automatic,8,gas,104000,Low CC,8,0
2005,chrysler,300c,Excellent,Automatic,6,gas,109000,Low CC,41,0
2007,bmw,328i convertible,Excellent,Manual,6,gas,116000,Low CC,41,0
2009,toyota,matrix,Excellent,Manual,4,gas,116453,Low CC,6,0
1990,bmw,73,salvage,Manual,6,gas,282000,Low CC,48,0
2010,volkswagen,cc sport,Excellent,Manual,4,gas,96745,Low CC,12,0
2015,ford,f-150,Excellent,Manual,6,gas,59874,Low CC,31,1
2008,lexus,sc 430,Excellent,Manual,8,gas,97000,Low CC,6,0
2016,ford,explorer,Excellent,Manual,6,gas,83790,Low CC,47,0
2003,chevrolet,tahoe lt,Excellent,Automatic,8,gas,58829,Low CC,49,0
2011,ram,1500,Excellent,Automatic,8,gas,120123,Low CC,32,0
2011,lincoln,mkx awd,Excellent,Manual,6,gas,96200,Low CC,13,0
2014,ford,focus,Excellent,Manual,4,gas,47588,Low CC,42,0
2013,chevrolet,camaro,Excellent,Automatic,6,gas,0,Low CC,41,0
2006,nissan,armada,Excellent,Automatic,8,gas,200179,Low CC,20,0
2016,chevrolet,traverse,Excellent,Manual,6,gas,74000,Low CC,21,0
2015,chevrolet,traverse,Excellent,Automatic,6,gas,140237,Low CC,19,0
2010,ford,edge sel,Excellent,Manual,6,gas,199051,Low CC,32,0
2016,chevrolet,silverado 1500,Excellent,Automatic,8,gas,83735,Low CC,25,1
2012,dodge,charger police interceptor,Excellent,Manual,6,gas,109579,Low CC,42,0
2012,mercedes-benz,benz e63,Excellent,Manual,8,gas,100796,Low CC,19,1
2014,nissan,titan,Excellent,Automatic,8,gas,66150,Low CC,19,1
2012,chevrolet,silverado 2500hd,Excellent,Automatic,8,gas,125180,Low CC,24,0
2009,ram,1500,Excellent,Automatic,8,gas,207980,Low CC,30,0
2014,dodge,challenger,Excellent,Automatic,6,gas,48010,Low CC,5,0
2009,lexus,is 250,Excellent,Manual,6,gas,98406,Low CC,6,0
2008,ford,expedition,Excellent,Automatic,8,gas,167239,Low CC,33,0
2005,ford,taurus se sedan 2005,Excellent,Automatic,6,gas,100000,Low CC,13,0
1998,toyota,tacoma,Excellent,Manual,4,gas,144187,Low CC,8,0
2018,toyota,camry,Excellent,Manual,4,gas,5748,Low CC,17,0
2012,hyundai,elantra,Excellent,Automatic,4,gas,64400,Low CC,26,0
2016,nissan,nv1500,Excellent,Automatic,6,gas,50467,Low CC,21,0
2018,jeep,wrangler unlimited,Excellent,Automatic,6,gas,26052,Low CC,10,1
2016,ram,2500,Excellent,Manual,8,gas,94091,Low CC,9,0
2012,ford,f-350,Excellent,Automatic,8,gas,330000,Low CC,33,0
2003,ford,ranger,Excellent,Manual,6,gas,212000,Low CC,37,0
2016,dodge,dart,Excellent,Manual,4,gas,422,Low CC,19,0
1995,chevrolet,silverado,Excellent,Automatic,8,gas,117000,Low CC,48,0
2011,ford,explorer,Excellent,Manual,6,gas,141726,Low CC,22,0
1999,ford,sterling l7500,Excellent,Automatic,6,diesel,159905,Low CC,42,0
2015,ford,f-150,Excellent,Automatic,6,gas,93150,Low CC,10,0
2000,bmw,528i,Excellent,Manual,6,gas,174000,Low CC,48,0
2011,ford,ranger super cab,Excellent,Automatic,4,gas,85278,Low CC,48,0
2007,toyota,rav4 limited,Excellent,Automatic,6,gas,164654,Low CC,49,0
2012,volkswagen,beetle,Excellent,Manual,4,gas,88114,Low CC,14,0
2005,saturn,ion 2.2 l,Excellent,Manual,4,gas,130000,Low CC,13,0
2016,chevrolet,colorado,Excellent,Automatic,6,gas,50364,Low CC,27,1
2008,bmw,528i,Excellent,Automatic,6,gas,149223,Low CC,46,0
2015,volvo,xc60 t5 awd,Excellent,Automatic,5,gas,77517,Low CC,44,0
2014,ford,fusion,Excellent,Automatic,4,gas,65452,Low CC,36,0
2017,dodge,durango sxt,Excellent,Automatic,6,gas,25206,Low CC,20,0
2012,jeep,wrangler,Excellent,Automatic,6,gas,120207,Low CC,39,0
2017,toyota,tacoma,Excellent,Automatic,4,gas,30993,Low CC,14,1
2001,chevrolet,suburban 2500 lt,Excellent,Manual,8,gas,163616,Low CC,7,0
2002,gmc,yukon,Excellent,Automatic,8,gas,262138,Low CC,25,0
2018,honda,civic,Excellent,Manual,4,gas,9030,Low CC,38,0
2018,gmc,yukon,Excellent,Manual,8,gas,27917,Low CC,15,1
2013,honda,pilot lx - awd,Excellent,Automatic,6,gas,122686,Low CC,49,0
2012,ram,1500,Excellent,Automatic,8,gas,141684,Low CC,48,0
2012,nissan,altima,Excellent,Automatic,6,gas,112179,Low CC,40,0
2006,mitsubishi,endeavor,Excellent,Manual,6,gas,158000,Low CC,9,0
2011,honda,element,Excellent,Automatic,4,gas,172355,Low CC,46,0
2010,honda,odyssey,Excellent,Automatic,8,gas,165709,Low CC,15,0
2009,hyundai,sonata gls,Excellent,Manual,4,gas,119338,Low CC,7,0
1995,ram,2500,Excellent,Manual,6,diesel,239000,Low CC,44,0
2005,kia,sorento suv,salvage,Automatic,6,gas,115000,Low CC,36,0
2003,saturn,vue awd,Excellent,Automatic,6,gas,202931,Low CC,19,0
2013,ford,f-250,Excellent,Automatic,8,gas,119100,Low CC,50,0
2009,nissan,altima,Excellent,Manual,4,gas,89930,Low CC,11,0
2007,toyota,camry,Excellent,Manual,4,gas,142000,Low CC,7,0
2011,chevrolet,k2500 hd,Excellent,Manual,8,diesel,286914,Low CC,47,0
1988,nissan,pulsar,salvage,Automatic,4,gas,115436,Low CC,10,0
2009,pontiac,g6 gt,Excellent,Automatic,6,gas,105612,Low CC,19,0
2007,lexus,is350,Excellent,Automatic,6,gas,110621,Low CC,18,0
2014,jeep,grand cherokee limited 4wd,Excellent,Automatic,6,gas,82289,Low CC,27,0
2006,jeep,grand cherokee,Excellent,Automatic,8,gas,192132,Low CC,21,0
2014,nissan,frontier,Excellent,Manual,4,gas,70000,Low CC,40,0
1955,lincoln,capri,Excellent,Automatic,8,gas,30150,Low CC,42,1
2008,toyota,rav4 limited,Excellent,Manual,6,gas,23446,Low CC,12,0
2007,saturn,ion,Excellent,Manual,4,gas,119000,Low CC,19,0
2015,gmc,yukon xl,Excellent,Automatic,8,gas,89000,Low CC,47,1
2005,ford,expedition,Excellent,Automatic,8,gas,188000,Low CC,32,0
2016,chevrolet,silverado 1500,Excellent,Automatic,8,gas,74000,Low CC,22,1
2011,bmw,328xi,Excellent,Manual,6,gas,51500,Low CC,50,0
2016,toyota,camry xle,Excellent,Automatic,4,gas,34154,Low CC,47,0
2003,chevrolet,corvette,Excellent,Manual,8,gas,48282,Low CC,46,0
1999,ford,f150 xlt triton v8,salvage,Manual,8,gas,188440,Low CC,7,0
2015,buick,encore convenience,Excellent,Automatic,4,gas,32226,Low CC,14,0
2010,ford,f-150,Excellent,Automatic,8,gas,105325,Low CC,44,0
2011,ford,ranger,Excellent,Automatic,6,gas,85555,Low CC,18,0
2005,mercury,monterey,Excellent,Automatic,6,gas,161669,Low CC,32,0
2005,chrysler,pt cruiser,Excellent,Manual,4,gas,126981,Low CC,12,0
2018,chevrolet,impala lt,Excellent,Automatic,6,gas,42001,Low CC,43,0
2013,nissan,altima,Excellent,Manual,4,gas,103831,Low CC,15,0
2011,toyota,camry,Excellent,Manual,4,gas,169092,Low CC,22,0
2013,ford,f-150,Excellent,Automatic,8,gas,97000,Low CC,8,1
2012,chevrolet,traverse lt,Excellent,Automatic,6,gas,143814,Low CC,17,0
2010,chevrolet,silverado 1500 crew,Excellent,Automatic,8,gas,120000,Low CC,9,0
2005,toyota,4runner,Excellent,Automatic,6,gas,227780,Low CC,9,0
2012,volkswagen,tiguan,Excellent,Manual,4,gas,90647,Low CC,14,0
2010,lincoln,mkz,Excellent,Automatic,6,gas,52000,Low CC,46,0
2013,nissan,pathfinder,Excellent,Automatic,6,gas,89445,Low CC,10,0
2016,ford,focus,Excellent,Manual,4,gas,65208,Low CC,12,0
2002,jeep,grand cherokee laredo,Excellent,Manual,6,gas,163996,Low CC,5,0
2005,volvo,s60 t5 awd,Excellent,Automatic,5,gas,204000,Low CC,27,0
2014,jeep,cherokee,Excellent,Manual,4,gas,42000,Low CC,23,0
2008,ford,escape xlt awd,Excellent,Automatic,6,gas,163188,Low CC,25,0
2011,gmc,sierra 2500 hd,Excellent,Automatic,8,diesel,11126,Low CC,39,1
2011,ford,fusion se,Excellent,Automatic,4,gas,91183,Low CC,26,0
2011,chevrolet,silverado 1500,Excellent,Manual,8,gas,95655,Low CC,16,0
2004,pontiac,grand am,Excellent,Manual,6,gas,81867,Low CC,33,0
2008,ford,expedition eddie bauer,Excellent,Automatic,8,gas,145248,Low CC,49,0
2012,ford,f-250 sd,Excellent,Manual,8,gas,194100,Low CC,30,0
2004,ford,f-150 xlt 4x4,Excellent,Manual,8,gas,130000,Low CC,34,0
2012,ram,1500,Excellent,Automatic,8,gas,90537,Low CC,33,0
2001,volkswagen,neew beetle glx,Excellent,Automatic,4,gas,98000,Low CC,39,0
2003,gmc,yukon xl,salvage,Automatic,8,gas,349000,Low CC,32,0
2012,chevrolet,cruze,Excellent,Manual,4,gas,84146,Low CC,7,0
2013,hyundai,veloster,Excellent,Automatic,4,gas,78000,Low CC,38,0
2017,chevrolet,equinox,Excellent,Automatic,4,gas,28645,Low CC,5,0
2008,kia,sportage,Excellent,Automatic,6,gas,94982,Low CC,27,0
2017,nissan,altima sr,Excellent,Automatic,4,gas,16000,Low CC,25,0
2007,subaru,2.5 x premium package awd,Excellent,Automatic,4,gas,114476,Low CC,8,0
2015,ford,transit 150,Excellent,Automatic,6,gas,61901,Low CC,8,0
2013,chevrolet,suburban,Excellent,Automatic,8,gas,92242,Low CC,25,0
2010,honda,accord lx-p,Excellent,Manual,4,gas,103237,Low CC,33,0
2010,nissan,xterra,Excellent,Automatic,6,gas,115000,Low CC,16,0
2008,nissan,titan,Excellent,Manual,8,gas,176579,Low CC,22,0
2006,cadillac,dts,Excellent,Automatic,8,gas,112000,Low CC,26,0
2005,honda,civic,Excellent,Automatic,4,gas,134780,Low CC,23,0
2010,ford,focus,Excellent,Manual,4,gas,97750,Low CC,45,0
2013,bmw,x5,salvage,Automatic,6,gas,170000,Low CC,18,0
2016,dodge,grand caravan,Excellent,Automatic,6,gas,42189,Low CC,26,0
2011,ford,f350,Excellent,Automatic,8,diesel,182028,Low CC,27,1
2012,nissan,altima,Excellent,Automatic,4,gas,145430,Low CC,15,0
2003,buick,century,Excellent,Automatic,6,gas,96200,Low CC,27,0
2011,ram,1500,Excellent,Manual,8,gas,101000,Low CC,35,0
2018,ford,f-150,Excellent,Automatic,8,gas,13562,Low CC,14,1
2014,honda,crv,Excellent,Automatic,4,gas,47000,Low CC,45,0
2009,chevrolet,colorado,Excellent,Manual,4,gas,130935,Low CC,21,0
2014,jeep,grand cherokee,Excellent,Automatic,6,gas,73300,Low CC,21,0
2007,ford,f-150 4x4,Excellent,Manual,8,gas,145110,Low CC,23,0
1999,toyota,sienna,Excellent,Automatic,6,gas,258310,Low CC,26,0
2017,buick,encore sport touring,Excellent,Manual,4,gas,27597,Low CC,20,0
2014,jeep,grand cherokee,Excellent,Automatic,6,gas,81000,Low CC,5,0
2000,chevrolet,monte carlo,Excellent,Automatic,6,gas,124492,Low CC,42,0
2013,ford,escape,Excellent,Manual,4,gas,80213,Low CC,12,0
2013,chrysler,200 lx 4dr sedan,Excellent,Manual,4,gas,66623,Low CC,47,0
2006,gmc,yukon denali,Excellent,Manual,8,gas,117000,Low CC,6,0
2010,chrysler,sebring,Excellent,Manual,4,gas,90820,Low CC,12,0
2010,bmw,328i 4d sedan xdrive,Excellent,Automatic,6,gas,51000,Low CC,37,0
2007,mitsubishi,eclipse convertible,Excellent,Manual,6,gas,102188,Low CC,10,0
2015,nissan,rogue select awd,Excellent,Manual,4,gas,133870,Low CC,33,0
2004,chevrolet,monte carlo,Excellent,Automatic,6,gas,117000,Low CC,20,0
2009,hyundai,sonata,Excellent,Manual,4,gas,183592,Low CC,6,0
2004,ram,2500,Excellent,Manual,6,diesel,268684,Low CC,34,0
2004,buick,century custom,Excellent,Manual,6,gas,142722,Low CC,38,0
2011,ford,ranger xlt supercab 4-door,Excellent,Manual,6,gas,18325,Low CC,10,0
1976,mercury,grand marquis,Excellent,Manual,8,gas,84400,Low CC,33,0
2016,chevrolet,silverado 1500,Excellent,Automatic,8,gas,106902,Low CC,15,0
2002,chevrolet,avalanche,Excellent,Automatic,8,gas,0,Low CC,28,0
2004,pontiac,grand am,Excellent,Manual,6,gas,81867,Low CC,24,0
2009,ford,crown victoria p71,Excellent,Automatic,8,gas,79000,Low CC,31,0
2013,chevrolet,equinox,Excellent,Automatic,4,gas,109844,Low CC,19,0
2000,mazda,b4000 pickup,Excellent,Automatic,6,gas,119000,Low CC,34,0
2011,ford,f150,Excellent,Automatic,6,gas,211498,Low CC,41,0
2007,ford,f-150,Excellent,Automatic,8,gas,151047,Low CC,34,0
2009,kia,borrego,Excellent,Automatic,6,gas,77000,Low CC,37,0
2010,lexus,rx350,Excellent,Automatic,6,gas,98691,Low CC,35,0
2005,chrysler,sebring convertible,Excellent,Manual,6,gas,114000,Low CC,27,0
2005,ram,2500,Excellent,Automatic,8,gas,126753,Low CC,42,0
2012,dodge,avenger,Excellent,Automatic,4,gas,101000,Low CC,48,0
2015,honda,accord,Excellent,Automatic,4,gas,96744,Low CC,22,0
2003,ford,escape,salvage,Automatic,6,gas,263133,Low CC,24,0
2006,chevrolet,corvette z06,Excellent,Manual,8,gas,27512,Low CC,31,1
2014,ford,fusion titanium awd,Excellent,Automatic,4,gas,105301,Low CC,22,0
2018,ford,f150,Excellent,Automatic,8,gas,27955,Low CC,11,1
2009,volkswagen,tiguan,Excellent,Manual,4,gas,90890,Low CC,44,0
2015,audi,a4 premium plus,Excellent,Automatic,4,gas,42234,Low CC,31,0
2014,dodge,charger,Excellent,Automatic,8,gas,100704,Low CC,39,0
2016,dodge,grand caravan,Excellent,Manual,6,gas,60000,Low CC,42,1
2011,ford,f-250 sd,Excellent,Automatic,8,gas,40203,Low CC,9,0
2014,nissan,altima,Excellent,Manual,4,gas,70000,Low CC,16,0
2005,toyota,tundra double cab sr5,Excellent,Automatic,8,gas,112850,Low CC,6,0
2006,ram,1500 crew cab,Excellent,Automatic,8,gas,147785,Low CC,36,0
2016,honda,civic,Excellent,Automatic,4,gas,22950,Low CC,25,0
2012,chevrolet,traverse lt,Excellent,Manual,6,gas,143814,Low CC,26,0
2018,gmc,acadia,Excellent,Manual,6,gas,29070,Low CC,27,1
1992,mercedes-benz,300sl,Excellent,Manual,6,gas,127000,Low CC,16,0
2002,ford,explorer,Excellent,Automatic,8,gas,185237,Low CC,5,0
2018,ford,transit van,Excellent,Manual,6,gas,33476,Low CC,44,0
2008,chevrolet,uplander,Excellent,Manual,6,gas,175000,Low CC,18,0
2013,dodge,dart rallye 6-speed,Excellent,Manual,4,gas,113201,Low CC,38,0
2013,chevrolet,silverado 1500,Excellent,Automatic,8,gas,158945,Low CC,34,0
2014,ford,econoline,Excellent,Automatic,8,gas,85472,Low CC,36,0
2004,chevrolet,silverado 1500,Excellent,Manual,8,gas,204729,Low CC,34,0
2004,chevrolet,trailblazer,Excellent,Automatic,6,gas,139128,Low CC,31,0
2006,ford,f-150,Excellent,Automatic,8,gas,112252,Low CC,34,0
2015,toyota,highlander,Excellent,Manual,6,gas,39688,Low CC,50,1
2010,honda,odyssey,Excellent,Automatic,6,gas,58754,Low CC,26,0
2005,ford,focus,Excellent,Manual,4,gas,130600,Low CC,6,0
2012,honda,cr-v lx,Excellent,Manual,4,gas,74349,Low CC,22,0
2011,chevrolet,camaro,Excellent,Manual,6,gas,77400,Low CC,36,0
2005,cadillac,sts,Excellent,Manual,6,gas,131000,Low CC,46,0
2005,mercedes-benz,s500 4matic,Excellent,Automatic,8,gas,149800,Low CC,9,0
2007,ford,edge,Excellent,Manual,6,gas,167521,Low CC,49,0
2012,nissan,altima s,Excellent,Manual,4,gas,82752,Low CC,24,0
2013,chevrolet,g3500 extended cargo van,Excellent,Manual,8,gas,91555,Low CC,26,0
2015,hyundai,sonata se,Excellent,Automatic,4,gas,98382,Low CC,38,0
1996,chevrolet,silverado hd,Excellent,Manual,8,gas,98000,Low CC,8,0
2000,dodge,durango,Excellent,Automatic,8,gas,198000,Low CC,31,0
1999,honda,accord,Excellent,Manual,4,gas,180000,Low CC,35,0
2007,ford,e-series van e-350 sd xlt,Excellent,Automatic,8,gas,130967,Low CC,30,0
2016,acura,rdx,Excellent,Automatic,6,gas,53000,Low CC,17,0
2016,mazda,6 isport,Excellent,Automatic,4,gas,33738,Low CC,41,0
2013,ram,1500 crew/cab,Excellent,Automatic,8,gas,120548,Low CC,21,0
2004,nissan,titan,Excellent,Manual,8,gas,214000,Low CC,23,0
2011,bmw,3-series,Excellent,Automatic,6,gas,106637,Low CC,6,0
2008,toyota,sienna,Excellent,Automatic,6,gas,168857,Low CC,26,0
2006,mercedes-benz,sl-class,Excellent,Automatic,8,gas,107684,Low CC,15,0
1999,chevrolet,cavalier,Excellent,Automatic,4,gas,89406,Low CC,24,0
2015,chrysler,200 series limited,Excellent,Manual,4,gas,43656,Low CC,48,0
2016,ford,fusion se,Excellent,Automatic,4,gas,61759,Low CC,9,0
2008,ford,escape 4x4,Excellent,Manual,6,gas,157588,Low CC,48,0
2005,chevrolet,suburban,Excellent,Automatic,8,gas,103240,Low CC,21,0
2003,nissan,sentra ser spec v,salvage,Automatic,4,gas,199000,Low CC,31,0
2006,dodge,dakota slt,Excellent,Manual,8,gas,60000,Low CC,31,0
2013,ford,f150,Excellent,Manual,6,gas,58652,Low CC,10,0
2008,ford,f350,Excellent,Automatic,8,diesel,134245,Low CC,20,0
2006,gmc,sierra 3500hd,Excellent,Automatic,8,diesel,232000,Low CC,25,0
2006,jeep,wrangler,Excellent,Manual,6,gas,88863,Low CC,12,0
2008,chevrolet,silverado 2500 ltz di,Excellent,Automatic,8,diesel,97523,Low CC,5,1
1991,ford,f150,Excellent,Automatic,6,gas,75000,Low CC,15,0
2018,dodge,journey crossroad,Excellent,Automatic,6,gas,1643,Low CC,48,0
2008,honda,civic si,salvage,Automatic,4,gas,160352,Low CC,38,0
2013,chevrolet,silverado 3500hd,Excellent,Manual,8,diesel,112496,Low CC,49,0
2012,ford,fusion sel awd,Excellent,Automatic,6,gas,89250,Low CC,35,0
2012,volkswagen,jetta sportwagon tdi,Excellent,Manual,8,diesel,51699,Low CC,20,0
1990,ford,mustang,Excellent,Manual,8,gas,359715,Low CC,8,0
2007,toyota,corolla,Excellent,Manual,4,gas,139241,Low CC,34,0
2001,chevrolet,corvette,Excellent,Automatic,8,gas,53433,Low CC,25,0
2009,dodge,caliber srt4,Excellent,Manual,4,gas,38600,Low CC,45,0
2016,jeep,patriot,Excellent,Automatic,4,gas,47636,Low CC,41,0
2016,chrysler,300,Excellent,Manual,6,gas,78418,Low CC,34,0
1999,lincoln,continental,Excellent,Manual,8,gas,143200,Low CC,10,0
2014,volkswagen,/ cc r-line,Excellent,Automatic,4,gas,31000,Low CC,10,0
2004,volkswagen,passat w8,salvage,Automatic,8,gas,193581,Low CC,17,0
2008,chevrolet,suburban 1500 ls,Excellent,Automatic,8,gas,128371,Low CC,31,0
2002,ford,f-150,Excellent,Manual,6,gas,168837,Low CC,8,0
2009,chevrolet,impala lt,Excellent,Automatic,6,gas,169000,Low CC,42,0
2005,ford,thunderbird,Excellent,Manual,8,gas,92000,Low CC,36,0
2009,nissan,altima,Excellent,Automatic,4,gas,168023,Low CC,18,0
2003,ford,150 super cab v8 triton,Excellent,Automatic,8,gas,122000,Low CC,16,0
2001,audi,a6 quattro 2.7t,Excellent,Automatic,6,gas,192000,Low CC,34,0
2013,ram,1500 outdoorsman,Excellent,Manual,8,gas,107473,Low CC,18,0
2001,subaru,forester,Excellent,Automatic,4,gas,253635,Low CC,23,0
2009,honda,civic lx,Excellent,Automatic,4,gas,139000,Low CC,35,0
2013,toyota,camry,Excellent,Automatic,4,gas,61330,Low CC,27,0
2003,chevrolet,s 10,Excellent,Manual,4,gas,192000,Low CC,20,0
2011,chevrolet,silverado 1500,Excellent,Manual,8,gas,119665,Low CC,32,0
2011,dodge,nitro,Excellent,Automatic,6,gas,116000,Low CC,26,0
2004,lincoln,town car,Excellent,Automatic,8,gas,122000,Low CC,38,0
2012,chevrolet,cruze,salvage,Automatic,4,gas,66125,Low CC,31,0
1949,chevrolet,3100,Excellent,Manual,8,gas,26461,Low CC,40,1
2012,gmc,canyon,Excellent,Automatic,4,gas,161660,Low CC,43,0
2005,volkswagen,jetta,Excellent,Automatic,4,gas,124724,Low CC,50,0
2012,volkswagen,jetta tdi,Excellent,Automatic,4,diesel,89000,Low CC,38,0
2007,chrysler,pt cruiser,Excellent,Manual,4,gas,112432,Low CC,25,0
2009,acura,rl 3.5,Excellent,Automatic,6,gas,132914,Low CC,47,0
2014,dodge,avenger,Excellent,Automatic,6,gas,122000,Low CC,7,0
1991,ford,f250,salvage,Automatic,8,gas,190000,Low CC,23,0
2011,bmw,528i,Excellent,Manual,6,gas,77193,Low CC,49,0
2006,toyota,camry solara convertible,Excellent,Manual,6,gas,109000,Low CC,29,0
2006,pontiac,solstice,Excellent,Automatic,4,gas,30201,Low CC,42,0
2013,ford,transit connect,Excellent,Automatic,4,gas,80639,Low CC,24,0
2013,chevrolet,traverse,Excellent,Manual,6,gas,134200,Low CC,7,0
2006,chrysler,town & country touring,Excellent,Automatic,6,gas,216182,Low CC,26,0
2016,honda,accord,Excellent,Automatic,4,gas,53845,Low CC,22,0
2014,volvo,xc90 awd,Excellent,Automatic,6,gas,92040,Low CC,36,0
2001,toyota,camry,Excellent,Automatic,4,gas,172000,Low CC,14,0
2019,ram,1500,Excellent,Manual,8,gas,13664,Low CC,36,1
2005,gmc,yukon,Excellent,Automatic,8,gas,172803,Low CC,41,0
2019,ram,1500 truck,Excellent,Manual,8,gas,70,Low CC,44,1
2017,toyota,corolla,Excellent,Manual,4,gas,34934,Low CC,29,0
2005,buick,park avenue,Excellent,Manual,6,gas,33971,Low CC,34,0
2014,audi,a6,Excellent,Automatic,4,gas,100578,Low CC,48,0
1998,jeep,wrangler,Excellent,Manual,6,gas,110000,Low CC,43,0
2008,mini,cooper 2008,Excellent,Manual,4,gas,123900,Low CC,8,0
2005,hyundai,santa fe,salvage,Automatic,4,gas,190000,Low CC,22,0
2004,dodge,caravan sport,Excellent,Automatic,6,gas,238000,Low CC,35,0
2018,gmc,sierra sle,Excellent,Manual,8,gas,9068,Low CC,20,1
2002,subaru,forester sport utility,Excellent,Automatic,4,gas,208000,Low CC,49,0
2016,ford,transit,Excellent,Manual,6,gas,105575,Low CC,28,1
2004,dodge,caravan handicap van,Excellent,Automatic,6,gas,165000,Low CC,26,0
2002,chrysler,town & country,salvage,Manual,6,gas,134000,Low CC,20,0
2012,ram,1500,Excellent,Automatic,8,gas,49696,Low CC,41,0
2017,chevrolet,sonic lt,Excellent,Manual,4,gas,17000,Low CC,22,0
2015,ram,3/4 t crew laramie 4x4,Excellent,Automatic,8,gas,141756,Low CC,7,1
2012,chevrolet,sonic lt,Excellent,Manual,4,gas,115203,Low CC,9,0
2014,volkswagen,jetta sportwagen,Excellent,Automatic,4,diesel,72749,Low CC,50,0
2013,chrysler,200,Excellent,Manual,6,gas,101711,Low CC,40,0
2012,jeep,patriot limited,Excellent,Automatic,4,gas,68005,Low CC,34,0
2008,ford,econoline,Excellent,Manual,8,gas,146715,Low CC,6,0
2011,ford,transit connect,Excellent,Manual,4,gas,110000,Low CC,33,0
1999,toyota,corolla ve/ce/le,salvage,Automatic,4,gas,246838,Low CC,26,0
2012,ford,f-150,Excellent,Automatic,6,gas,153122,Low CC,47,0
2008,dodge,avenger,Excellent,Manual,4,gas,138000,Low CC,24,0
2011,hyundai,sonata,Excellent,Manual,4,gas,178000,Low CC,34,0
2012,gmc,sierra 1500,Excellent,Manual,8,gas,60129,Low CC,43,0
2015,cadillac,escalade esv,Excellent,Manual,8,gas,60000,Low CC,42,1
2012,volkswagen,gti,Excellent,Automatic,4,gas,102067,Low CC,29,0
2014,jeep,cherokee,Excellent,Manual,4,gas,100987,Low CC,28,0
2006,honda,civic,Excellent,Automatic,4,gas,156480,Low CC,14,0
2018,chevrolet,express g2500,Excellent,Manual,6,gas,26917,Low CC,46,0
2013,ford,f150,Excellent,Automatic,6,gas,58652,Low CC,28,0
2016,chevrolet,sillverado 2500,Excellent,Automatic,8,gas,95015,Low CC,29,1
2011,ford,f150,Excellent,Automatic,6,gas,173000,Low CC,42,0
2012,ford,f-150,Excellent,Automatic,6,gas,99975,Low CC,28,0
2004,ford,f-150,Excellent,Automatic,8,gas,317837,Low CC,5,0
2011,volvo,c70,Excellent,Automatic,5,gas,67000,Low CC,24,0
2009,chevrolet,silverado 1500 lt 4x4,Excellent,Manual,8,gas,154000,Low CC,20,0
1988,jaguar,xj6,Excellent,Manual,6,gas,109000,Low CC,16,0
2011,ford,mustang,Excellent,Automatic,6,gas,132405,Low CC,36,0
2005,ford,ranger edge supercab 4wd,Excellent,Automatic,6,gas,150403,Low CC,21,0
2015,mazda,3,Excellent,Automatic,4,gas,80994,Low CC,39,0
2009,subaru,forester,Excellent,Manual,4,gas,95000,Low CC,36,0
2013,chevrolet,silverado 3500hd,Excellent,Manual,8,diesel,112496,Low CC,49,0
2016,ford,mustang ecoboost,Excellent,Manual,4,gas,54688,Low CC,9,0
2016,gmc,sierra 1500,Excellent,Manual,8,gas,30361,Low CC,30,1
2014,volkswagen,golf,Excellent,Manual,4,diesel,31788,Low CC,43,0
2007,ford,escape,Excellent,Automatic,6,gas,152140,Low CC,28,0
2015,hyundai,sonata,Excellent,Automatic,4,gas,21486,Low CC,20,0
2014,volkswagen,passat,Excellent,Automatic,4,gas,79568,Low CC,9,0
2006,ram,3500 slt,Excellent,Automatic,6,diesel,162083,Low CC,48,0
2014,subaru,outback 2.5i limited,Excellent,Automatic,4,gas,72000,Low CC,12,0
2005,ram,1500,Excellent,Manual,8,gas,142000,Low CC,19,0
2008,ford,expedition xlt,Excellent,Manual,8,gas,188918,Low CC,11,0
2014,buick,verano,Excellent,Manual,4,gas,80963,Low CC,43,0
2017,toyota,tacoma,Excellent,Automatic,6,gas,50841,Low CC,47,1
2017,ram,1500,Excellent,Manual,8,gas,43892,Low CC,31,0
2005,ford,f 150 triton xlt. ex. cab,Excellent,Manual,6,gas,132000,Low CC,38,0
2007,nissan,murano,Excellent,Automatic,6,gas,132150,Low CC,15,0
2014,ford,mustang,Excellent,Manual,6,gas,41000,Low CC,18,0
2004,nissan,armada,Excellent,Automatic,8,gas,191734,Low CC,13,0
2002,honda,odyssey,Excellent,Automatic,6,gas,119500,Low CC,13,0
2016,ram,2500,Excellent,Manual,8,gas,122489,Low CC,8,1
2008,chrysler,300 limited edition,Excellent,Automatic,6,gas,200000,Low CC,34,0
1969,datsun,roadster 1600,salvage,Manual,4,gas,87150,Low CC,5,0
2013,ford,f-250 sd,Excellent,Manual,8,gas,70876,Low CC,15,0
2002,subaru,forester,salvage,Manual,4,gas,192180,Low CC,39,0
2012,ram,1500 4x4,Excellent,Manual,8,gas,104300,Low CC,33,0
2017,chevrolet,silverado 1500,Excellent,Automatic,8,gas,31868,Low CC,17,1
1997,gmc,sierra 2500 sle,Excellent,Manual,8,gas,100816,Low CC,33,0
2004,ram,1500,Excellent,Manual,8,gas,217748,Low CC,6,0
2008,toyota,yaris,Excellent,Automatic,4,gas,85000,Low CC,42,0
1979,mercedes-benz,450sl,Excellent,Automatic,8,gas,120000,Low CC,10,0
2009,chevrolet,silverado z71,Excellent,Manual,8,gas,110000,Low CC,18,0
2013,gmc,yukon,Excellent,Automatic,8,gas,94012,Low CC,32,0
2018,ford,focus,Excellent,Automatic,4,gas,16933,Low CC,5,0
2013,toyota,tundra,Excellent,Automatic,8,gas,122432,Low CC,16,0
2012,nissan,armada,Excellent,Automatic,8,gas,76350,Low CC,38,0
2012,honda,civic,Excellent,Automatic,4,gas,184195,Low CC,37,0
2010,dodge,journey,Excellent,Manual,6,gas,130334,Low CC,17,0
2005,mercedes-benz,c-class,Excellent,Automatic,6,gas,115133,Low CC,45,0
2012,volkswagen,tiguan,Excellent,Manual,4,gas,96223,Low CC,17,0
2011,ford,focus se,Excellent,Manual,4,gas,39824,Low CC,40,0
2014,chevrolet,cruze ls,Excellent,Automatic,4,gas,70398,Low CC,18,0
1999,ford,econoline e150 work van,Excellent,Manual,6,gas,77000,Low CC,14,0
2007,nissan,murano,Excellent,Automatic,6,gas,168000,Low CC,42,0
2012,nissan,xterra s 4wd,salvage,Automatic,6,gas,119753,Low CC,16,0
2001,honda,civic,Excellent,Automatic,4,gas,190568,Low CC,38,0
2008,jeep,wrangler,Excellent,Manual,6,gas,121918,Low CC,36,0
2002,ford,f-150,Excellent,Manual,8,gas,184000,Low CC,38,0
2015,ford,transit 12 passenger van,Excellent,Automatic,6,gas,24630,Low CC,42,0
2004,mercedes-benz,c320,salvage,Automatic,6,gas,270000,Low CC,40,0
2012,buick,lacrosse,Excellent,Manual,6,gas,66900,Low CC,16,0
2011,nissan,sentra sr,Excellent,Manual,4,gas,108963,Low CC,15,0
2013,mazda,3,Excellent,Automatic,4,gas,90730,Low CC,37,0
2011,ram,1500,Excellent,Manual,8,gas,116175,Low CC,13,0
2004,ford,thunderbird,Excellent,Automatic,8,gas,124895,Low CC,24,0
2012,ford,f-250 sd,Excellent,Automatic,8,gas,56302,Low CC,6,0
2009,aston-martin,martin vantage roadster,Excellent,Manual,8,gas,15326,Low CC,41,1
2016,mercedes-benz,c-class,Excellent,Automatic,6,gas,23557,Low CC,10,1
2018,chevrolet,express g2500,Excellent,Manual,6,gas,26917,Low CC,10,0
2015,jeep,grand cherokee,Excellent,Automatic,6,gas,62129,Low CC,32,0
2013,chevrolet,2500hd ltz crew cab,Excellent,Manual,8,diesel,138038,Low CC,15,1
2014,ram,promaster cargo van,Excellent,Manual,6,gas,84644,Low CC,29,0
2004,chevrolet,silverado 1500,Excellent,Automatic,8,gas,66168,Low CC,33,0
2013,chevrolet,silverado 2500hd,Excellent,Automatic,8,gas,121437,Low CC,21,1
2011,subaru,wrx,Excellent,Automatic,4,gas,71000,Low CC,26,0
2000,mercury,mountaineer monterey,Excellent,Automatic,8,gas,192110,Low CC,11,0
2003,subaru,forester awd,Excellent,Manual,4,gas,170816,Low CC,8,0
2018,ford,transit 15 passenger van,Excellent,Manual,6,gas,19485,Low CC,28,1
2003,toyota,camry,Excellent,Manual,4,gas,106000,Low CC,7,0
2011,mini,cooper 's',Excellent,Manual,4,gas,136650,Low CC,16,0
2013,jeep,wrangler unlimited,Excellent,Automatic,6,gas,105700,Low CC,23,0
2017,ford,f-150,Excellent,Manual,8,gas,84150,Low CC,19,1
2016,gmc,sierra,Excellent,Manual,8,gas,25000,Low CC,17,1
2001,toyota,echo,Excellent,Automatic,4,gas,158000,Low CC,19,0
1977,ford,bronco ranger,Excellent,Automatic,8,gas,69121,Low CC,23,2
2016,volkswagen,tiguan,Excellent,Automatic,4,gas,18105,Low CC,35,0
2002,buick,regal,salvage,Manual,6,gas,87000,Low CC,6,0
2015,toyota,rav-4 le awd,Excellent,Manual,4,gas,121137,Low CC,29,0
2008,volvo,v70,Excellent,Automatic,6,gas,75650,Low CC,7,0
2005,hyundai,accent,Excellent,Manual,4,gas,103000,Low CC,14,0
2013,chevrolet,silverado 1500 extended cab,Excellent,Automatic,8,gas,147645,Low CC,23,0
2015,subaru,impreza,Excellent,Manual,4,gas,38637,Low CC,30,0
2013,chrysler,200,Excellent,Automatic,6,gas,62000,Low CC,32,0
2012,ford,fusion sel,Excellent,Manual,6,gas,171000,Low CC,39,0
2002,buick,century custom,Excellent,Manual,6,gas,148620,Low CC,39,0
2001,ford,f-150 supercrew,Excellent,Automatic,8,gas,175448,Low CC,34,0
2013,ford,fusion se,Excellent,Manual,4,gas,81434,Low CC,48,0
1983,chevrolet,pickup,Excellent,Automatic,8,gas,100,Low CC,44,0
2005,chevrolet,silverado 2500hd,Excellent,Automatic,8,gas,108298,Low CC,12,0
2011,gmc,acadia,Excellent,Automatic,6,gas,131904,Low CC,49,0
2008,toyota,tundra,Excellent,Automatic,8,gas,337500,Low CC,49,0
2004,honda,accord ex,Excellent,Manual,6,gas,199000,Low CC,12,0
2008,chevrolet,tahoe lt,Excellent,Automatic,8,gas,137000,Low CC,6,0
2015,honda,crosstour,Excellent,Automatic,6,gas,68658,Low CC,29,0
2016,lexus,rc 200t,Excellent,Manual,4,gas,18813,Low CC,6,0
2013,ford,f-150,Excellent,Manual,6,gas,120600,Low CC,31,0
2004,ford,f-150 4x4,Excellent,Manual,8,gas,191000,Low CC,22,0
2012,ford,f-250 super duty,Excellent,Automatic,8,gas,152554,Low CC,16,0
2006,ram,1500 quad cab sb,Excellent,Manual,8,gas,39367,Low CC,37,0
2006,pontiac,g6 gtp 3.9l v6,Excellent,Automatic,6,gas,121769,Low CC,39,0
2015,subaru,outback,Excellent,Automatic,4,gas,69069,Low CC,49,0
2015,dodge,charger,Excellent,Automatic,8,gas,38222,Low CC,43,0
2006,honda,element 2.4 16v ivtec,Excellent,Automatic,4,gas,257000,Low CC,18,0
1999,ford,taurus,salvage,Automatic,6,gas,171124,Low CC,11,0
1991,mercedes-benz,benz 500sl,Excellent,Automatic,8,gas,147000,Low CC,5,0
2007,ford,f-150,Excellent,Automatic,8,gas,167000,Low CC,25,0
2016,cadillac,srx,Excellent,Manual,6,gas,30647,Low CC,15,1
1978,datsun,pu,Excellent,Manual,4,gas,75500,Low CC,34,0
2007,toyota,pruis,Excellent,Automatic,4,gas,190000,Low CC,24,0
2010,bmw,x5,Excellent,Manual,6,gas,59940,Low CC,46,0
2005,chevrolet,uplander,Excellent,Automatic,6,gas,130252,Low CC,47,0
2012,jeep,wrangler unlimited sport,Excellent,Automatic,6,gas,55700,Low CC,23,0
2014,honda,cr-v ex-l,Excellent,Automatic,4,gas,113307,Low CC,7,0
2008,chevrolet,tahoe,Excellent,Automatic,8,gas,192784,Low CC,5,0
2006,chevrolet,silverado,Excellent,Automatic,8,gas,151191,Low CC,21,0
2016,dodge,charger rt,Excellent,Manual,8,gas,60002,Low CC,19,0
1999,ford,f150 lightning,Excellent,Manual,8,gas,148000,Low CC,20,0
2018,toyota,corolla im,Excellent,Automatic,4,gas,15000,Low CC,29,0
2002,lexus,is 300,Excellent,Manual,6,gas,124892,Low CC,6,0
2009,volvo,s60,Excellent,Automatic,5,gas,125311,Low CC,14,0
2007,hyundai,accent gs hb 1.6l at,Excellent,Automatic,4,gas,131000,Low CC,21,0
2012,subaru,impreza,Excellent,Automatic,4,gas,103885,Low CC,10,0
2006,nissan,titan,Excellent,Manual,8,gas,117000,Low CC,39,0
2006,chevrolet,silverado 1500,Excellent,Manual,8,gas,124713,Low CC,43,0
2005,toyota,highlander,Excellent,Automatic,6,gas,158081,Low CC,43,0
2011,chevrolet,express,Excellent,Automatic,8,gas,80000,Low CC,29,0
2010,nissan,rogue krom edition awd,Excellent,Manual,4,gas,111945,Low CC,21,0
2008,hyundai,sonata,Excellent,Manual,4,gas,211000,Low CC,28,0
2007,volkswagen,beetle,Excellent,Automatic,4,gas,117,Low CC,26,0
2010,chevrolet,silverado 2500hd,Excellent,Automatic,8,gas,174485,Low CC,45,0
2005,ford,f-350 sd,Excellent,Automatic,8,diesel,198843,Low CC,48,0
2014,volkswagen,jetta se,Excellent,Manual,4,gas,52468,Low CC,10,0
2012,chevrolet,traverse,Excellent,Manual,6,gas,127362,Low CC,42,0
2015,ford,transit connect cargo,Excellent,Automatic,4,gas,4383,Low CC,8,0
2011,kia,sorento,Excellent,Automatic,6,gas,111431,Low CC,41,0
2011,jeep,wrangler unlimited sahara,Excellent,Automatic,6,gas,98532,Low CC,37,0
2010,toyota,"matrix """"s awd""""",Excellent,Automatic,4,gas,115383,Low CC,40,0
2008,chevrolet,tahoe,Excellent,Automatic,8,gas,99914,Low CC,8,0
2015,toyota,corrola s,Excellent,Manual,4,gas,112503,Low CC,27,0
2009,cadillac,escalade,Excellent,Manual,8,gas,159127,Low CC,46,0
2003,chevrolet,suburban,Excellent,Automatic,8,gas,230146,Low CC,45,0
1999,nissan,frontier,Excellent,Automatic,6,gas,1700,Low CC,15,0
2016,honda,cr-v,Excellent,Manual,4,gas,24913,Low CC,24,0
2015,dodge,charger,Excellent,Automatic,8,gas,38222,Low CC,9,0
2015,gmc,sierra,Excellent,Manual,8,gas,26674,Low CC,47,1
2006,buick,lacross,Excellent,Automatic,6,gas,139000,Low CC,27,0
1999,jaguar,xj8,Excellent,Automatic,8,gas,165448,Low CC,19,0
2009,chevrolet,silverado 2500hd,Excellent,Automatic,8,gas,117790,Low CC,33,0
2010,toyota,corolla le 4dr sedan,Excellent,Automatic,4,gas,1,Low CC,27,0
2004,jeep,grand cherokee,Excellent,Manual,6,gas,180000,Low CC,31,0
2010,dodge,grandcaravan sxt,Excellent,Manual,6,gas,135501,Low CC,45,0
1999,jeep,grand cherokee,Excellent,Manual,6,gas,211752,Low CC,32,0
1994,chevrolet,lumina,Excellent,Manual,6,gas,118000,Low CC,16,0
2018,ford,super duty f-250,Excellent,Manual,8,diesel,29202,Low CC,8,1
2015,jeep,patriot,Excellent,Automatic,4,gas,87160,Low CC,27,0
2008,buick,lucerne cxl,Excellent,Automatic,6,gas,67826,Low CC,17,0
2012,hyundai,veloster,Excellent,Automatic,4,gas,1,Low CC,28,0
2011,subaru,outback premium awd,Excellent,Manual,4,gas,111687,Low CC,7,0
1972,ford,mustang convertible,Excellent,Automatic,8,gas,76786,Low CC,17,0
2006,chevrolet,corvette,Excellent,Manual,8,gas,28300,Low CC,41,0
2007,jeep,grand cherokee,Excellent,Automatic,6,diesel,71541,Low CC,32,0
2014,ram,1500 rt,Excellent,Automatic,8,gas,73459,Low CC,27,0
2011,mercedes-benz,benz,Excellent,Manual,8,gas,115,Low CC,36,0
2008,chevrolet,suburban lt 4x4,Excellent,Automatic,8,gas,164450,Low CC,40,0
2019,chevrolet,silverado 3500hd,Excellent,Automatic,8,diesel,3444,Low CC,38,2
2011,volkswagen,jetta,Excellent,Manual,4,gas,76000,Low CC,48,0
2014,ram,2500,Excellent,Automatic,6,diesel,96275,Low CC,9,1
2012,ford,explorer,Excellent,Automatic,6,gas,127727,Low CC,17,0
2001,ford,f-150 super crew cab,Excellent,Automatic,8,gas,102311,Low CC,27,0
2004,dodge,caravan,Excellent,Automatic,6,gas,199298,Low CC,37,0
2002,dodge,durango,Excellent,Automatic,8,gas,132000,Low CC,6,0
2012,chevrolet,express 2500,Excellent,Automatic,8,gas,181441,Low CC,9,0
2008,audi,a4,Excellent,Manual,4,gas,115000,Low CC,40,0
2012,hyundai,santa fe,Excellent,Automatic,6,gas,110888,Low CC,33,0
2016,chevrolet,silverado 2500,Excellent,Manual,8,gas,31900,Low CC,29,1
2011,gmc,sierra 1500,Excellent,Automatic,8,gas,140792,Low CC,33,0
1971,volkswagen,beetle convertible,Excellent,Automatic,4,gas,0,Low CC,5,0
2013,honda,fit,Excellent,Automatic,4,gas,40132,Low CC,50,0
2000,toyota,sienna le fwd,Excellent,Automatic,6,gas,217749,Low CC,11,0
1953,ford,pickup,Excellent,Automatic,8,gas,2,Low CC,5,0
2003,jeep,wrangler,Excellent,Automatic,6,gas,125000,Low CC,26,0
2001,volkswagen,new beetle,Excellent,Automatic,4,gas,76001,Low CC,14,0
2012,jeep,grand cherokee,Excellent,Automatic,6,gas,111893,Low CC,16,0
2012,ford,f-350sd xl,Excellent,Automatic,8,gas,139716,Low CC,26,0
2008,chevrolet,silverado 1500,Excellent,Automatic,8,gas,87371,Low CC,42,0
2000,chevrolet,corvette,Excellent,Manual,8,gas,79402,Low CC,46,0
2007,bmw,x3 si,Excellent,Automatic,6,gas,140000,Low CC,40,0
2012,audi,a6,Excellent,Automatic,6,gas,135308,Low CC,39,0
2010,honda,crv,Excellent,Automatic,4,gas,63300,Low CC,22,0
2011,chevrolet,hhr,Excellent,Automatic,4,gas,119956,Low CC,40,0
2010,kia,soul sport,Excellent,Manual,4,gas,142713,Low CC,28,0
2006,chrysler,pt cruiser,Excellent,Automatic,4,gas,168013,Low CC,15,0
2015,toyota,sienna,Excellent,Automatic,6,gas,47399,Low CC,39,0
2007,chevrolet,1500 silverado,Excellent,Automatic,8,gas,295295,Low CC,43,0
2007,ford,edge,Excellent,Manual,6,gas,78000,Low CC,17,0
2011,ford,focus,Excellent,Automatic,4,gas,98900,Low CC,17,0
2005,cadillac,deville,Excellent,Manual,8,gas,63193,Low CC,16,0
2013,ford,f150 4x4,Excellent,Manual,8,gas,117500,Low CC,34,0
2018,jeep,cherokee,Excellent,Automatic,4,gas,24119,Low CC,37,0
2004,chevrolet,silverado,Excellent,Automatic,8,gas,257523,Low CC,27,0
2011,mini,cooper s,Excellent,Automatic,4,gas,75000,Low CC,35,0
2008,dodge,sprinter,Excellent,Automatic,6,diesel,133561,Low CC,16,0
2012,ram,3500 laramie longhorn mega cab,Excellent,Automatic,6,diesel,206421,Low CC,42,0
2012,ram,1500,Excellent,Automatic,8,gas,108707,Low CC,13,0
2012,chevrolet,silverado 1500,Excellent,Manual,8,gas,134435,Low CC,34,0
2012,honda,civic,Excellent,Automatic,4,gas,39558,Low CC,46,0
2016,chevrolet,camaro lt1,Excellent,Automatic,6,gas,32000,Low CC,17,0
2014,chevrolet,silverado 1500,Excellent,Manual,8,gas,120717,Low CC,43,1
2012,ford,escape 4wd xlt,Excellent,Automatic,4,gas,70815,Low CC,33,0
2004,lexus,rx330,Excellent,Automatic,6,gas,180235,Low CC,28,0
2014,ford,flex limited,Excellent,Manual,6,gas,68290,Low CC,14,0
2015,nissan,and altima,Excellent,Automatic,4,gas,42000,Low CC,45,0
2007,ford,taurus se 4 door sedan,Excellent,Automatic,6,gas,197866,Low CC,5,0
2008,ford,focus,Excellent,Manual,4,gas,119614,Low CC,15,0
2009,chevrolet,silverado 1500,Excellent,Manual,8,gas,131296,Low CC,29,0
2002,acura,tl,Excellent,Manual,6,gas,185721,Low CC,43,0
1997,ford,f-150 3dr,Excellent,Automatic,8,gas,151921,Low CC,14,0
2010,gmc,acadia,Excellent,Automatic,6,gas,158418,Low CC,11,0
2015,ford,f-150 xlt,Excellent,Automatic,6,gas,91889,Low CC,17,0
2009,honda,fit,Excellent,Automatic,4,gas,145347,Low CC,7,0
2003,buick,park avenue,Excellent,Automatic,6,gas,115035,Low CC,9,0
2010,mazda,3,Excellent,Manual,4,gas,185000,Low CC,13,0
2007,infiniti,fx35,Excellent,Manual,6,gas,185000,Low CC,23,0
2015,bmw,x5m,Excellent,Automatic,8,gas,53819,Low CC,27,1
2004,chevrolet,suburban,Excellent,Automatic,8,gas,170285,Low CC,11,0
2016,chrysler,200 sedan,Excellent,Manual,4,gas,40752,Low CC,37,0
2011,chevrolet,silverado 2500hd,Excellent,Automatic,8,diesel,131903,Low CC,16,1
2012,ram,1500,Excellent,Manual,8,gas,129000,Low CC,39,0
1999,ford,f150 xlt,Excellent,Manual,8,gas,199000,Low CC,31,0
2007,volkswagen,jetta wolfsburg edition,Excellent,Manual,5,gas,197000,Low CC,13,0
2006,gmc,yukon denali,Excellent,Automatic,8,gas,231000,Low CC,23,0
2006,hyundai,santa fe,Excellent,Automatic,6,gas,172000,Low CC,17,0
2010,chevrolet,silverado 2500hd,Excellent,Manual,8,gas,182395,Low CC,24,0
2017,chevrolet,equinox lt,Excellent,Automatic,4,gas,135847,Low CC,5,0
2016,jeep,wrangler unlimited,Excellent,Manual,6,gas,26297,Low CC,32,1
1987,mazda,b2200,Excellent,Automatic,4,gas,175000,Low CC,49,0
2005,jeep,wrangler,Excellent,Manual,6,gas,86525,Low CC,32,0
2008,honda,accord,Excellent,Automatic,4,gas,126902,Low CC,36,0
2008,ram,2500,Excellent,Manual,8,gas,154000,Low CC,22,0
2005,volvo,s 40,Excellent,Automatic,5,gas,147474,Low CC,33,0
2017,ford,focus se,Excellent,Manual,4,gas,18000,Low CC,32,0
2009,toyota,avalon,Excellent,Automatic,6,gas,135200,Low CC,44,0
2007,honda,civic ex,Excellent,Automatic,4,gas,183124,Low CC,32,0
2013,honda,accord coupe,Excellent,Automatic,4,gas,66000,Low CC,8,0
2013,ford,edge,Excellent,Automatic,6,gas,96673,Low CC,35,0
2007,chevrolet,silverado 1500,Excellent,Manual,8,gas,58204,Low CC,21,0
2013,chevrolet,express,Excellent,Manual,8,gas,117084,Low CC,29,0
2014,ford,fusion se,Excellent,Automatic,4,gas,57647,Low CC,6,0
2017,ford,f-250 sd,Excellent,Manual,8,diesel,57297,Low CC,18,1
2011,buick,regal,Excellent,Manual,4,gas,128000,Low CC,23,0
2011,chevrolet,silverado 1500,Excellent,Manual,8,gas,70167,Low CC,20,0
2013,honda,accord,Excellent,Manual,4,gas,65600,Low CC,5,0
2007,honda,ridgeline,Excellent,Automatic,6,gas,196592,Low CC,7,0
2011,chevrolet,silverado 3500hd,Excellent,Automatic,8,gas,134062,Low CC,47,0
2015,dodge,charger,Excellent,Automatic,8,gas,106766,Low CC,10,0
2006,mazda,mazda3,Excellent,Automatic,4,gas,112000,Low CC,15,0
2013,volkswagen,passat,Excellent,Automatic,4,diesel,63873,Low CC,16,0
2006,buick,terraza,salvage,Automatic,6,gas,102000,Low CC,11,0
2006,honda,element ex,Excellent,Automatic,4,gas,200012,Low CC,23,0
1973,datsun,240z,Excellent,Automatic,6,gas,100000,Low CC,34,0
2017,honda,fit,Excellent,Automatic,4,gas,13332,Low CC,29,0
2003,gmc,yukon xl,Excellent,Automatic,8,gas,229000,Low CC,27,0
2018,ram,2500,Excellent,Manual,6,gas,12000,Low CC,30,2
2013,ford,fusion,Excellent,Manual,4,gas,130000,Low CC,18,0
2004,chevrolet,tahoe z71,Excellent,Automatic,8,gas,219057,Low CC,21,0
2012,chevrolet,cruze,Excellent,Automatic,4,gas,77000,Low CC,24,0
2014,dodge,journey,Excellent,Automatic,6,gas,80022,Low CC,17,0
2016,honda,cr-v,Excellent,Manual,4,gas,30728,Low CC,20,0
2007,toyota,camry,Excellent,Automatic,4,gas,26977,Low CC,44,0
2007,gmc,duramax,Excellent,Manual,8,diesel,208000,Low CC,13,0
2014,nissan,altima,Excellent,Automatic,4,gas,99210,Low CC,34,0
2006,jeep,commander,Excellent,Automatic,8,gas,140000,Low CC,19,0
2013,honda,accord ex-l,Excellent,Automatic,4,gas,76500,Low CC,48,0
2014,chevrolet,silverado 1500,Excellent,Automatic,8,gas,114375,Low CC,34,0
2009,pontiac,g6 sedan,Excellent,Automatic,4,gas,143000,Low CC,43,0
2008,ford,f-150 xlt 4x4 4dr supercre,Excellent,Manual,8,gas,154000,Low CC,40,0
2014,ford,f-350 sd,Excellent,Automatic,8,diesel,27322,Low CC,48,1
2005,jeep,wrangler sport,Excellent,Manual,6,gas,155000,Low CC,46,0
2011,jeep,liberty,Excellent,Automatic,6,gas,108405,Low CC,47,0
2015,toyota,rav4,Excellent,Manual,4,gas,70877,Low CC,7,0
1997,mercedes-benz,benz c230,Excellent,Manual,4,gas,142641,Low CC,6,0
2017,chevrolet,express,Excellent,Manual,8,gas,35228,Low CC,11,1
2002,chevrolet,trail blazer lt,Excellent,Automatic,6,gas,216468,Low CC,15,0
2016,ram,2500hd 4x4,Excellent,Automatic,6,diesel,98019,Low CC,20,1
2005,rover,lr3,Excellent,Automatic,8,gas,64000,Low CC,41,0
1997,ford,f-350 lifted 7.3l diesel t,Excellent,Manual,8,diesel,216190,Low CC,13,0
2008,ram,1500,Excellent,Automatic,8,gas,149408,Low CC,22,0
2009,gmc,c5500 4x4,Excellent,Manual,8,diesel,243717,Low CC,48,0
2007,mazda,3 grand touring,Excellent,Automatic,4,gas,141278,Low CC,14,0
2013,volkswagen,beetle turbo 2.0,Excellent,Automatic,4,gas,50700,Low CC,30,0
2007,toyota,highlander limited v6 4wd,Excellent,Automatic,6,gas,155750,Low CC,50,0
2006,ram,1500,Excellent,Automatic,8,gas,162716,Low CC,45,0
2007,ford,explorer,Excellent,Automatic,8,gas,109918,Low CC,32,0
2005,chrysler,pt cruiser touring,Excellent,Automatic,4,gas,181589,Low CC,12,0
2011,nissan,sentra sr,Excellent,Automatic,4,gas,152820,Low CC,33,0
2007,honda,ridgeline,Excellent,Automatic,6,gas,196592,Low CC,49,0
1968,chevrolet,c20,Excellent,Automatic,8,gas,50215,Low CC,9,0
2010,mercedes-benz,e-class e350,Excellent,Automatic,6,gas,91000,Low CC,17,0
1996,pontiac,transport,Excellent,Automatic,6,gas,147000,Low CC,39,0
2013,chrysler,town country,Excellent,Automatic,6,gas,99769,Low CC,22,0
2000,chevrolet,s-10 step side pickup,Excellent,Automatic,6,gas,214505,Low CC,19,0
1969,chevrolet,corvette,Excellent,Automatic,8,gas,88501,Low CC,48,1
2008,jaguar,jx8,Excellent,Manual,8,gas,82000,Low CC,45,0
2008,jeep,wrangler unlimited,Excellent,Automatic,6,gas,101134,Low CC,6,0
2013,ford,fiesta,Excellent,Automatic,4,gas,91627,Low CC,40,0
1998,mercedes-benz,benz 500sl convertible,Excellent,Manual,8,gas,114657,Low CC,19,0
2013,kia,rio,Excellent,Automatic,4,gas,45140,Low CC,18,0
2018,chevrolet,silverado 1500,Excellent,Automatic,8,gas,34541,Low CC,13,1
2017,dodge,grand caravan sxt,Excellent,Manual,6,gas,50050,Low CC,38,1
2014,chevrolet,sonic,Excellent,Automatic,4,gas,119548,Low CC,13,0
2003,ford,ranger,Excellent,Manual,6,gas,191492,Low CC,30,0
2006,pontiac,grand prix,Excellent,Manual,6,gas,128361,Low CC,40,0
2011,chevrolet,cruze,Excellent,Manual,6,gas,88587,Low CC,37,0
2016,chevrolet,silverado ls,Excellent,Manual,6,gas,13700,Low CC,10,1
2007,chevrolet,avalanche,Excellent,Manual,8,gas,135187,Low CC,30,0
2010,rover,hse,Excellent,Manual,8,gas,176710,Low CC,42,0
2016,ford,mustang,Excellent,Automatic,8,gas,51764,Low CC,13,1
2011,subaru,impreza,Excellent,Manual,4,gas,104280,Low CC,24,0
2006,cadillac,sts,Excellent,Manual,6,gas,73664,Low CC,28,0
2009,gmc,acadia,Excellent,Automatic,6,gas,73774,Low CC,15,0
2001,ford,ranger,Excellent,Automatic,6,gas,210043,Low CC,17,0
2011,ford,f 150 4 dr truck leather,Excellent,Manual,6,gas,143167,Low CC,18,0
2007,ram,2500,Excellent,Automatic,6,diesel,127325,Low CC,42,0
2011,chevrolet,cruze,Excellent,Automatic,4,gas,102720,Low CC,5,0
2015,kia,optima,Excellent,Manual,4,gas,112000,Low CC,43,0
2011,toyota,tundra 2wd truck,Excellent,Automatic,8,gas,127628,Low CC,28,0
2001,toyota,tacoma,Excellent,Automatic,6,gas,198000,Low CC,21,0
2006,ford,f-750,Excellent,Manual,6,diesel,53143,Low CC,47,0
2006,chevrolet,tahoe,Excellent,Manual,8,gas,137619,Low CC,36,0
2003,bmw,z4,Excellent,Automatic,6,gas,102500,Low CC,49,0
1999,ford,f-150,Excellent,Automatic,8,gas,166210,Low CC,6,0
2012,ford,econoline,Excellent,Automatic,8,gas,103100,Low CC,19,0
2018,bmw,x1,Excellent,Automatic,4,gas,16500,Low CC,32,1
1995,ford,van-aerostar,Excellent,Automatic,6,gas,187000,Low CC,50,0
1990,buick,reatta,Excellent,Automatic,6,gas,103251,Low CC,45,0
2011,gmc,yukon denali,Excellent,Manual,8,gas,207553,Low CC,10,0
2001,ford,f350,Excellent,Manual,8,diesel,264424,Low CC,5,0
2000,ford,explorer,Excellent,Manual,6,gas,183152,Low CC,48,0
2005,ford,expedition,Excellent,Automatic,8,gas,182329,Low CC,29,0
2007,ford,crown victoria,Excellent,Manual,8,gas,131112,Low CC,49,0
2012,buick,enclave,Excellent,Automatic,6,gas,83559,Low CC,45,0
2012,dodge,charger,Excellent,Automatic,6,gas,16254,Low CC,50,0
2002,toyota,camry se 3.0l v6 loaded,Excellent,Manual,6,gas,253000,Low CC,24,0
2006,ford,f-750,Excellent,Automatic,6,diesel,38178,Low CC,30,0
2008,ford,super duty f-250,Excellent,Automatic,8,gas,49103,Low CC,26,0
2006,jeep,wrangler,Excellent,Manual,6,gas,124900,Low CC,23,0
2011,subaru,legacy 2.5 premium,Excellent,Automatic,4,gas,80796,Low CC,32,0
2012,honda,civic lx,Excellent,Automatic,4,gas,75000,Low CC,40,0
2014,honda,civic,Excellent,Manual,4,gas,59513,Low CC,37,0
2011,volvo,xc60 t6,Excellent,Automatic,6,gas,88328,Low CC,33,0
2011,ford,f-350 xl 4x4,Excellent,Automatic,8,gas,133579,Low CC,25,0
2007,toyota,tacoma double cab 4x4,Excellent,Manual,6,gas,180000,Low CC,49,0
1991,nissan,skyline gts-t type m,Excellent,Automatic,6,gas,103000,Low CC,12,0
2009,honda,cr-v,Excellent,Automatic,4,gas,122211,Low CC,50,0
1999,ford,expedition,Excellent,Automatic,8,gas,197540,Low CC,30,0
2013,ford,f350 supercrew platinum 4x4,Excellent,Automatic,8,diesel,155000,Low CC,47,1
2002,jeep,wrangler,Excellent,Automatic,6,gas,208500,Low CC,44,0
2003,buick,park avenue ultra,Excellent,Manual,6,gas,125000,Low CC,19,0
2016,volkswagen,golf r,Excellent,Manual,4,gas,72987,Low CC,7,1
2011,audi,a4 premium plus,Excellent,Automatic,4,gas,75000,Low CC,21,0
2011,jeep,wrangler 4x4,Excellent,Manual,6,gas,101317,Low CC,25,0
1982,mercedes-benz,380,Excellent,Automatic,8,gas,177770,Low CC,9,0
2011,ford,f-350 sd,Excellent,Automatic,8,gas,197201,Low CC,33,0
2001,dodge,3500 van,Excellent,Automatic,8,gas,150639,Low CC,10,0
2001,honda,cr-v,salvage,Manual,4,gas,158000,Low CC,16,0
2010,mazda,3 grand touring,Excellent,Automatic,4,gas,104000,Low CC,16,0
2018,chevrolet,conversion van,Excellent,Manual,6,gas,21500,Low CC,26,2
2002,ford,explorer sport trac,Excellent,Automatic,6,gas,180000,Low CC,17,0
2008,chevrolet,trailblazer,Excellent,Automatic,6,gas,208000,Low CC,18,0
2011,toyota,camry le,Excellent,Manual,4,gas,135000,Low CC,47,0
2008,nissan,350z nismo,Excellent,Automatic,6,gas,74831,Low CC,28,0
2016,ford,fusion,Excellent,Automatic,4,gas,44078,Low CC,7,0
2011,ram,2500,Excellent,Manual,6,diesel,129991,Low CC,35,1
2011,toyota,camry,Excellent,Automatic,4,gas,99850,Low CC,50,0
2009,kia,borrego,Excellent,Automatic,6,gas,77000,Low CC,44,0
2014,ford,f150 xlt,Excellent,Automatic,6,gas,27878,Low CC,10,1
2011,ford,f-150,Excellent,Manual,8,gas,151250,Low CC,9,0
2013,chevrolet,silverado 1500,Excellent,Manual,8,gas,100484,Low CC,25,0
2009,gmc,yukon denali,Excellent,Automatic,8,gas,147983,Low CC,19,0
2011,nissan,xterra,Excellent,Automatic,6,gas,105533,Low CC,41,0
2015,ford,focus hatchback,Excellent,Automatic,4,gas,53600,Low CC,6,0
2006,toyota,corolla,Excellent,Manual,4,gas,142426,Low CC,17,0
2006,ford,f-750,Excellent,Automatic,6,diesel,53143,Low CC,14,0
2005,cadillac,sts,Excellent,Manual,6,gas,76547,Low CC,24,0
2012,dodge,journey,Excellent,Automatic,6,gas,97114,Low CC,47,0
2001,chevrolet,suburban ls,Excellent,Manual,8,gas,204500,Low CC,45,0
2008,chevrolet,hhr ss,Excellent,Automatic,4,gas,100900,Low CC,27,0
2002,toyota,camry se,salvage,Automatic,4,gas,259000,Low CC,46,0
2012,chevrolet,equinox,Excellent,Automatic,6,gas,121962,Low CC,9,0
2011,volkswagen,jetta,Excellent,Automatic,5,gas,91644,Low CC,5,0
2002,buick,century,Excellent,Automatic,6,gas,172000,Low CC,30,0
2016,subaru,outback premium,Excellent,Automatic,4,gas,111734,Low CC,6,0
2010,ram,1500,Excellent,Automatic,8,gas,108947,Low CC,32,0
2014,buick,encore premium,Excellent,Automatic,4,gas,108932,Low CC,32,0
1999,lincoln,town car executive,Excellent,Manual,8,gas,64847,Low CC,29,0
2013,dodge,dart,Excellent,Automatic,4,gas,99774,Low CC,39,0
2018,subaru,forester,Excellent,Automatic,4,gas,6005,Low CC,21,0
2008,honda,odyssey,Excellent,Automatic,6,gas,235681,Low CC,36,0
1999,ford,mustang,Excellent,Manual,6,gas,58653,Low CC,38,0
2010,jeep,patriot,Excellent,Automatic,4,gas,140525,Low CC,38,0
2016,chevrolet,cruze lt,Excellent,Manual,4,gas,35401,Low CC,46,0
2013,ford,f-150,Excellent,Manual,6,gas,99090,Low CC,23,0
2018,toyota,rav4 xle awd suv,Excellent,Manual,4,gas,12213,Low CC,42,0
2015,subaru,outback wagon,Excellent,Automatic,4,gas,99360,Low CC,48,0
1997,jeep,grand cherokee,Excellent,Manual,6,gas,229000,Low CC,37,0
2010,ford,fusion sel,Excellent,Manual,6,gas,104000,Low CC,33,0
2018,ford,super duty f-250,Excellent,Automatic,8,diesel,29202,Low CC,11,1
2014,hyundai,sonata,Excellent,Manual,4,gas,13355,Low CC,9,0
2012,honda,fit,Excellent,Automatic,4,gas,137000,Low CC,27,0
2014,dodge,charger,Excellent,Automatic,6,gas,62199,Low CC,15,0
2012,chevrolet,impala,Excellent,Manual,6,gas,162662,Low CC,33,0
2013,ford,edge,Excellent,Automatic,6,gas,61511,Low CC,11,0
2013,ford,explorer xlt,Excellent,Manual,6,gas,175000,Low CC,21,0
1997,chevrolet,malibu,Excellent,Manual,6,gas,134192,Low CC,46,0
2015,chevrolet,silverado 2500,Excellent,Automatic,8,gas,142428,Low CC,17,0
2007,honda,odyssey ex l w/dvd 4dr mi,Excellent,Manual,6,gas,146000,Low CC,32,0
2009,honda,civic sdn,Excellent,Automatic,4,gas,153336,Low CC,18,0
1998,buick,riviera,Excellent,Manual,6,gas,50321,Low CC,26,0
2009,ford,f-250 sd,Excellent,Manual,8,gas,167505,Low CC,32,0
2004,chrysler,town country,Excellent,Automatic,6,gas,179330,Low CC,43,0
2008,chrysler,pt cruiser,Excellent,Automatic,4,gas,131000,Low CC,9,0
2007,honda,accord ex-l,Excellent,Automatic,4,gas,146386,Low CC,50,0
2006,ford,f150 fx4 super crew,Excellent,Automatic,8,gas,182537,Low CC,23,0
2005,ford,explorer sport trac 4x4,Excellent,Automatic,6,gas,157165,Low CC,31,0
2015,chrysler,town country,Excellent,Automatic,6,gas,102905,Low CC,36,0
2012,ford,f-450,Excellent,Automatic,8,diesel,266001,Low CC,17,0
2007,chevrolet,silverado,Excellent,Automatic,8,gas,126000,Low CC,27,0
2018,chevrolet,silverado,Excellent,Manual,8,gas,35878,Low CC,33,1
2015,jeep,patriot,Excellent,Manual,4,gas,50206,Low CC,18,0
2002,volkswagen,passat w8,salvage,Automatic,8,gas,240000,Low CC,43,0
2012,audi,a4 quattro premium plus,Excellent,Automatic,4,gas,80000,Low CC,11,0
2008,ford,f-250,Excellent,Manual,8,diesel,130376,Low CC,44,0
2009,ford,f150 xlt,Excellent,Automatic,8,gas,161473,Low CC,41,0
2016,toyota,camry,Excellent,Automatic,4,gas,86378,Low CC,47,0
2007,bmw,335i,Excellent,Manual,6,gas,89923,Low CC,12,0
2005,nissan,sentra,salvage,Automatic,4,gas,343000,Low CC,23,0
2006,ford,f250 super duty,salvage,Automatic,8,gas,186000,Low CC,34,0
2016,cadillac,xts v platinum awd,Excellent,Automatic,6,gas,18000,Low CC,29,1
2008,toyota,land cruiser,Excellent,Manual,8,gas,169130,Low CC,19,1
2010,ford,f-350 super duty,Excellent,Automatic,8,diesel,142000,Low CC,46,1
2008,cadillac,escalade,Excellent,Automatic,8,gas,210000,Low CC,33,0
2018,honda,civic lx hatchback,Excellent,Automatic,4,gas,6096,Low CC,36,0
2007,lexus,ls460,Excellent,Manual,8,gas,160000,Low CC,39,0
2017,dodge,charger r/t,Excellent,Automatic,8,gas,41000,Low CC,47,0
1999,lincoln,continental,Excellent,Automatic,8,gas,70000,Low CC,47,0
2010,ford,escape limited,Excellent,Manual,6,gas,150000,Low CC,42,0
2008,ford,edge,Excellent,Automatic,6,gas,179331,Low CC,16,0
2018,nissan,maxima sv,Excellent,Automatic,6,gas,20000,Low CC,36,0
2018,toyota,sienna,Excellent,Manual,6,gas,51670,Low CC,31,0
2007,mazda,cx-9,Excellent,Automatic,6,gas,188265,Low CC,27,0
2015,ford,focus se,Excellent,Automatic,4,gas,88263,Low CC,19,0
2013,ram,1500,Excellent,Manual,8,gas,25599,Low CC,34,1
2005,subaru,forester,Excellent,Manual,4,gas,171000,Low CC,47,0
2007,dodge,caravan,Excellent,Manual,6,gas,92880,Low CC,20,0
2004,ram,2500,Excellent,Manual,6,diesel,317968,Low CC,41,0
2002,ford,super duty f-350 drw,Excellent,Automatic,8,diesel,113752,Low CC,18,0
2007,cadillac,escalade,Excellent,Automatic,8,gas,108178,Low CC,46,0
2007,lexus,es 350,Excellent,Manual,6,gas,160400,Low CC,39,0
2015,ram,1500,Excellent,Automatic,6,gas,112483,Low CC,36,0
2006,honda,civic ex,Excellent,Manual,4,gas,264000,Low CC,45,0
2016,hyundai,santa fe,Excellent,Automatic,4,gas,69860,Low CC,46,0
2009,gmc,sierra 1500,Excellent,Automatic,8,gas,165698,Low CC,8,0
2011,ram,2500 heavy duty,Excellent,Automatic,8,gas,92882,Low CC,27,0
2009,volvo,c30,Excellent,Manual,5,gas,132000,Low CC,6,0
2008,chevrolet,silverado 1500,Excellent,Automatic,8,gas,155000,Low CC,10,0
2010,cadillac,cts,Excellent,Manual,6,gas,107551,Low CC,39,0
2005,toyota,solara,Excellent,Automatic,6,gas,128592,Low CC,11,0
2013,chevrolet,silverado 1500 wt,Excellent,Automatic,6,gas,69000,Low CC,26,0
2004,chevrolet,impala,Excellent,Manual,6,gas,172514,Low CC,40,0
2014,ford,econoline,Excellent,Manual,8,gas,73000,Low CC,28,0
2010,chrysler,town & country,Excellent,Automatic,6,gas,115082,Low CC,39,0
2008,volvo,v 70,Excellent,Manual,6,gas,97954,Low CC,41,0
2012,ram,1500,Excellent,Automatic,8,gas,108665,Low CC,32,0
2011,volkswagen,jetta,Excellent,Manual,4,gas,54681,Low CC,35,0
2003,gmc,yukon xl sle,Excellent,Automatic,8,gas,242000,Low CC,19,0
2008,lincoln,mkx limited,Excellent,Automatic,6,gas,98416,Low CC,27,0
2003,buick,century,Excellent,Manual,6,gas,142000,Low CC,25,0
2005,hyundai,sante fe,salvage,Automatic,6,gas,168134,Low CC,25,0
2017,ford,edge,Excellent,Automatic,4,gas,52920,Low CC,30,0
2010,audi,q5,Excellent,Automatic,4,gas,56091,Low CC,11,0
1999,chevrolet,1500 express,Excellent,Manual,8,gas,164000,Low CC,50,0
1988,toyota,4 runner,salvage,Manual,6,gas,215000,Low CC,18,0
2007,chevrolet,silverado 3500hd,Excellent,Manual,8,diesel,74894,Low CC,10,1
2007,mercedes-benz,e320,Excellent,Manual,6,diesel,143739,Low CC,38,0
2009,toyota,rav 4,Excellent,Automatic,6,gas,108970,Low CC,40,0
2001,jaguar,xk8,Excellent,Automatic,8,gas,181500,Low CC,47,0
2011,gmc,sierra 1500 crew cab,Excellent,Automatic,8,gas,150031,Low CC,24,0
1999,toyota,camry,Excellent,Manual,4,gas,150000,Low CC,25,0
2003,volkswagen,passat,Excellent,Automatic,4,gas,120000,Low CC,8,0
2014,bmw,x1,Excellent,Manual,4,gas,60900,Low CC,38,0
2006,toyota,tacoma,Excellent,Automatic,6,gas,91151,Low CC,12,0
2006,honda,accord ex,Excellent,Automatic,4,gas,112000,Low CC,19,0
2006,mitsubishi,lancer es,Excellent,Manual,4,gas,159800,Low CC,33,0
2001,buick,regal,Excellent,Manual,6,gas,144999,Low CC,17,0
2010,ram,3500,Excellent,Automatic,6,diesel,115332,Low CC,5,1
2010,dodge,challenger,Excellent,Manual,8,gas,27151,Low CC,38,0
2012,buick,enclave,Excellent,Manual,6,gas,102871,Low CC,37,0
2006,gmc,c4c042,Excellent,Automatic,6,diesel,43119,Low CC,20,1
2012,ford,f-250 sd,Excellent,Automatic,8,diesel,149476,Low CC,30,1
2008,cadillac,sts,Excellent,Automatic,6,gas,140000,Low CC,39,0
2010,chevrolet,silverado 1500,Excellent,Automatic,6,gas,130378,Low CC,28,0
2015,bmw,x5m,Excellent,Manual,8,gas,53819,Low CC,44,1
2001,pontiac,firebird,salvage,Automatic,6,gas,227580,Low CC,32,0
2003,ford,f550,Excellent,Automatic,8,diesel,174800,Low CC,41,0
2007,bmw,328i,Excellent,Automatic,6,gas,130000,Low CC,20,0
2004,ford,thunderbird,Excellent,Manual,8,gas,124895,Low CC,40,0
2017,nissan,sentra,Excellent,Automatic,4,gas,45993,Low CC,24,0
2016,dodge,journey,Excellent,Automatic,4,gas,19000,Low CC,40,0
2013,dodge,grand caravan,Excellent,Manual,6,gas,118000,Low CC,22,0
2010,chevrolet,express cargo van,Excellent,Automatic,8,gas,62891,Low CC,47,0
2010,toyota,tacoma crew cab 4x4,Excellent,Automatic,6,gas,165790,Low CC,39,0
2005,toyota,avalon,Excellent,Automatic,6,gas,115000,Low CC,43,0
2005,acura,tl,Excellent,Automatic,6,gas,180000,Low CC,42,0
2005,chevrolet,avalanche 1500,Excellent,Manual,8,gas,165547,Low CC,46,0
2007,ford,f-150,Excellent,Manual,8,gas,177984,Low CC,48,0
2010,toyota,rav 4,Excellent,Manual,6,gas,158000,Low CC,31,0
2006,jeep,commander,Excellent,Manual,6,gas,141161,Low CC,9,0
2018,ford,edge,Excellent,Manual,6,gas,12700,Low CC,27,1
2011,jeep,grand cherokee overland,Excellent,Manual,6,gas,109130,Low CC,30,0
1973,dodge,dart,Excellent,Automatic,8,gas,118500,Low CC,14,0
2007,saturn,ion 2,Excellent,Automatic,4,gas,204700,Low CC,47,0
2012,toyota,tundra,Excellent,Automatic,8,gas,199885,Low CC,46,0
2016,chevrolet,sonic,Excellent,Manual,4,gas,61000,Low CC,41,0
2016,ram,1500,Excellent,Automatic,6,diesel,49500,Low CC,20,1
2010,chevrolet,malibu,Excellent,Manual,4,gas,124362,Low CC,18,0
2016,ford,escape,Excellent,Manual,4,gas,37169,Low CC,34,0
2010,chevrolet,tahoe,Excellent,Manual,8,gas,167400,Low CC,42,0
2016,ram,2500,Excellent,Automatic,8,gas,94091,Low CC,25,0
2012,hyundai,elantra,Excellent,Automatic,4,gas,69966,Low CC,41,0
2003,toyota,avalon,Excellent,Manual,6,gas,180000,Low CC,41,0
2011,volkswagen,jetta se,Excellent,Manual,5,gas,66700,Low CC,49,0
2013,hyundai,elantra,Excellent,Manual,4,gas,92695,Low CC,9,0
2017,gmc,acadia,Excellent,Automatic,6,gas,23808,Low CC,35,1
2016,ford,super duty f-250,Excellent,Automatic,8,diesel,106096,Low CC,6,1
2008,gmc,acadia,Excellent,Manual,6,gas,230510,Low CC,9,0
2012,chevrolet,express,Excellent,Manual,8,gas,187213,Low CC,27,0
2006,bmw,m3,Excellent,Manual,6,gas,86000,Low CC,42,0
2013,dodge,charger,Excellent,Manual,6,gas,90998,Low CC,38,0
2006,cadillac,dts,Excellent,Manual,8,gas,107494,Low CC,16,0
2003,lincoln,town car cartier,Excellent,Manual,8,gas,129300,Low CC,26,0
2006,jeep,commander,Excellent,Automatic,8,gas,202124,Low CC,24,0
2012,gmc,yukon xl,Excellent,Automatic,8,gas,103000,Low CC,46,0
2004,ford,mustang,Excellent,Automatic,6,gas,208745,Low CC,32,0
2016,ford,150,Excellent,Automatic,6,gas,47566,Low CC,42,1
2003,honda,pilot exl,Excellent,Automatic,6,gas,144881,Low CC,16,0
2017,ford,fiesta se hatchback,Excellent,Automatic,4,gas,21221,Low CC,49,0
2002,subaru,forester,Excellent,Manual,4,gas,187456,Low CC,46,0
2015,chrysler,town country,Excellent,Manual,6,gas,56000,Low CC,7,0
2016,ram,2500,Excellent,Manual,8,gas,122489,Low CC,50,1
2010,ford,fusion,Excellent,Automatic,4,gas,152283,Low CC,50,0
2016,toyota,corolla,Excellent,Manual,4,gas,25797,Low CC,24,0
2014,kia,forte,Excellent,Automatic,4,gas,100726,Low CC,24,0
2001,ford,f-150,Excellent,Manual,8,gas,0,Low CC,43,0
2012,ford,f-250 sd,Excellent,Manual,8,gas,56302,Low CC,39,0
2011,volkswagen,gti,Excellent,Automatic,4,gas,118709,Low CC,16,0
2008,honda,fit sport,Excellent,Automatic,4,gas,263900,Low CC,38,0
2004,volvo,c70,Excellent,Automatic,5,gas,153420,Low CC,25,0
2003,volkswagen,eurovan,Excellent,Automatic,6,gas,170000,Low CC,7,0
2014,ford,f-150,Excellent,Manual,6,gas,44802,Low CC,48,1
2012,chevrolet,cruze,Excellent,Manual,4,gas,55659,Low CC,7,0
2011,ford,fusion,Excellent,Manual,6,gas,127280,Low CC,49,0
2006,ram,1500 mega cab,Excellent,Manual,8,gas,131235,Low CC,14,0
2011,chevrolet,express g3500,Excellent,Automatic,8,gas,134118,Low CC,28,0
2001,pontiac,firebird,Excellent,Manual,6,gas,119000,Low CC,45,0
2015,mitsubishi,lancer es,Excellent,Automatic,4,gas,44739,Low CC,36,0
2011,mercedes-benz,e-350 4matic,Excellent,Manual,6,gas,57357,Low CC,9,0
2004,toyota,camry,Excellent,Automatic,4,gas,98000,Low CC,39,0
2012,ram,1 ton crew cab laramie 4x4,Excellent,Automatic,6,diesel,165347,Low CC,16,1
2012,ram,1500,Excellent,Manual,8,gas,125411,Low CC,25,0
2015,honda,accord sedan,Excellent,Manual,4,gas,52573,Low CC,6,0
2005,chevrolet,avalanche,Excellent,Manual,8,gas,106770,Low CC,18,0
2016,ford,fusion,Excellent,Automatic,4,gas,65078,Low CC,36,0
2007,toyota,tacoma double cab 4wd,Excellent,Automatic,6,gas,204223,Low CC,27,0
2009,chevrolet,suburban 1500,Excellent,Automatic,8,gas,153150,Low CC,23,0
2014,chevrolet,silverado 1500,Excellent,Manual,8,gas,46850,Low CC,45,1
2011,buick,enclave,Excellent,Manual,6,gas,91813,Low CC,30,0
2009,ford,f 450,Excellent,Automatic,8,diesel,140150,Low CC,32,0
2007,ford,mustang,Excellent,Automatic,6,gas,97678,Low CC,32,0
2016,ford,f-150 xlt,Excellent,Automatic,6,gas,28178,Low CC,30,1
2013,toyota,rav4 limited awd,Excellent,Automatic,4,gas,137235,Low CC,23,0
2005,lexus,es330,Excellent,Automatic,6,gas,164000,Low CC,44,0
2008,ford,f-150,Excellent,Automatic,8,gas,154000,Low CC,28,0
2012,ford,f-350 super duty,Excellent,Manual,8,gas,138466,Low CC,20,0
2015,ford,fusion,Excellent,Automatic,4,gas,173074,Low CC,46,0
2008,volkswagen,gti,Excellent,Automatic,4,gas,102878,Low CC,20,0
2007,chevrolet,impala,Excellent,Automatic,6,gas,87000,Low CC,29,0
2011,jeep,grand cherokee laredo,Excellent,Automatic,6,gas,118000,Low CC,16,0
2006,chevrolet,impala ls,Excellent,Manual,6,gas,135073,Low CC,46,0
2014,subaru,impreza premium,Excellent,Automatic,4,gas,26995,Low CC,27,0
2011,ford,escape,Excellent,Manual,4,gas,172450,Low CC,37,0
2002,chrysler,sebring convertible lxi,Excellent,Manual,6,gas,76000,Low CC,49,0
2013,gmc,terrain,Excellent,Automatic,6,gas,89319,Low CC,7,0
2013,kia,rio,Excellent,Automatic,4,gas,107550,Low CC,14,0
2005,gmc,envoy slt,Excellent,Manual,6,gas,236526,Low CC,27,0
2003,ford,f350 xl super duty 4x4,Excellent,Manual,8,gas,128192,Low CC,46,0
2016,mercedes-benz,glc,Excellent,Automatic,4,gas,8390,Low CC,29,1
2006,ram,1500,Excellent,Automatic,8,gas,101750,Low CC,31,0
2007,toyota,rav4 limited,Excellent,Manual,4,gas,172367,Low CC,39,0
2006,jeep,wrangler,Excellent,Manual,6,gas,108150,Low CC,32,0
2010,honda,crv,Excellent,Automatic,4,gas,70850,Low CC,25,0
2017,ford,explorer,Excellent,Automatic,6,gas,23038,Low CC,31,0
2004,chevrolet,trailblazer,Excellent,Manual,6,gas,0,Low CC,37,0
2016,chevrolet,camaro,Excellent,Automatic,8,gas,45789,Low CC,47,0
2011,chevrolet,camaro,Excellent,Manual,8,gas,71000,Low CC,31,0
2009,gmc,yukon denali,Excellent,Automatic,8,gas,112850,Low CC,28,0
2005,chevrolet,impala,Excellent,Automatic,6,gas,41150,Low CC,6,0
2010,hyundai,santa fe,Excellent,Manual,4,gas,110765,Low CC,33,0
1982,chevrolet,s-10,Excellent,Automatic,6,gas,194000,Low CC,19,0
1994,ram,1500 pu,Excellent,Automatic,8,gas,150819,Low CC,46,0
2010,nissan,murano,Excellent,Automatic,6,gas,122531,Low CC,27,0
1987,chevrolet,silverado 3500,Excellent,Manual,8,gas,94000,Low CC,42,0
2012,gmc,acadia slt,Excellent,Automatic,6,gas,98764,Low CC,13,0
2008,pontiac,g6,Excellent,Automatic,6,gas,112657,Low CC,41,0
2015,ford,f-150,Excellent,Automatic,6,gas,81816,Low CC,19,1
2015,ford,fusion,Excellent,Automatic,4,gas,16295,Low CC,38,0
2010,mazda,3 i sport,Excellent,Automatic,4,gas,105600,Low CC,46,0
2013,ford,explorer,Excellent,Manual,6,gas,86583,Low CC,45,0
2010,volvo,s80,Excellent,Automatic,6,gas,121234,Low CC,9,0
2008,acura,tl,Excellent,Manual,6,gas,122712,Low CC,29,0
2014,jeep,patriot,Excellent,Automatic,4,gas,132330,Low CC,14,0
2003,chevrolet,suburban,salvage,Manual,8,gas,248957,Low CC,16,0
2005,chevrolet,uplander ls,Excellent,Automatic,6,gas,81736,Low CC,46,0
2013,chevrolet,cruze,Excellent,Automatic,4,gas,102000,Low CC,12,0
2001,toyota,corolla le,Excellent,Automatic,4,gas,238481,Low CC,25,0
2011,chevrolet,express,Excellent,Automatic,6,gas,51036,Low CC,45,0
2010,chevrolet,silverado ltz,Excellent,Manual,8,gas,213879,Low CC,31,0
2013,ford,f-250 4wd 1owner rust free tx truck,Excellent,Manual,8,diesel,203725,Low CC,40,0
2007,toyota,rav4,Excellent,Automatic,6,gas,111122,Low CC,37,0
2016,lincoln,mkx,Excellent,Automatic,6,gas,61222,Low CC,35,0
2013,gmc,acadia sle-2,Excellent,Manual,6,gas,112093,Low CC,12,0
2016,mazda,cx 3 2016 awd,Excellent,Automatic,4,gas,44348,Low CC,20,0
2006,honda,accord coupe,Excellent,Manual,4,gas,165122,Low CC,41,0
2016,toyota,highlander,Excellent,Automatic,6,gas,36170,Low CC,21,1
2011,ford,f150 xlt xtr,Excellent,Automatic,8,gas,145450,Low CC,36,0
2006,chevrolet,trailblazer ls,Excellent,Manual,6,gas,182580,Low CC,27,0
2008,chevrolet,silverado 3500hd,Excellent,Manual,8,diesel,234672,Low CC,9,0
2004,ford,explorer 4x4,Excellent,Manual,6,gas,116587,Low CC,29,0
2013,chevrolet,silverado 3500hd,Excellent,Manual,8,gas,206148,Low CC,14,0
2007,ram,1500,Excellent,Manual,8,gas,128788,Low CC,42,0
2004,mercury,sable ls premium,Excellent,Automatic,6,gas,184858,Low CC,32,0
2010,ford,focus,Excellent,Manual,4,gas,97750,Low CC,31,0
2011,ford,f-350 sd,Excellent,Automatic,8,gas,108070,Low CC,46,0
2009,ford,focus,salvage,Manual,4,gas,111000,Low CC,33,0
2011,bmw,5 series,Excellent,Automatic,8,gas,94659,Low CC,35,0
2016,honda,accord sport,Excellent,Automatic,4,gas,27976,Low CC,43,0
2013,dodge,dart,Excellent,Manual,4,gas,132000,Low CC,17,0
2011,ford,f-150,Excellent,Manual,6,gas,144444,Low CC,38,0
2010,buick,enclave,Excellent,Automatic,6,gas,115874,Low CC,29,0
2000,nissan,sentra gxe,Excellent,Automatic,4,gas,52688,Low CC,43,0
2006,ram,2500,Excellent,Manual,6,diesel,122585,Low CC,25,0
2007,gmc,yukon,Excellent,Automatic,8,gas,176543,Low CC,49,0
2017,dodge,challenger srt,Excellent,Automatic,8,gas,11032,Low CC,31,2
2000,ram,2500,Excellent,Manual,8,gas,149760,Low CC,47,0
2009,chevrolet,suburban,Excellent,Automatic,8,gas,114515,Low CC,40,0
2017,ford,f250,Excellent,Manual,8,gas,21087,Low CC,10,1
2013,rover,evoque,Excellent,Automatic,4,gas,56465,Low CC,21,0
2015,nissan,sentra,Excellent,Automatic,4,gas,92405,Low CC,6,0
2013,chevrolet,silverado 1500,Excellent,Manual,8,gas,100484,Low CC,7,0
2010,hyundai,tucson,Excellent,Manual,4,gas,186000,Low CC,37,0
2013,dodge,journey,Excellent,Automatic,6,gas,82055,Low CC,15,0
2016,kia,sorento,Excellent,Automatic,4,gas,42123,Low CC,40,0
2016,ford,explorer,Excellent,Manual,4,gas,47162,Low CC,36,1
2011,jeep,grand cherokee,Excellent,Automatic,6,gas,104702,Low CC,28,0
2017,ram,2500,Excellent,Manual,6,diesel,58064,Low CC,42,1
2008,ford,focus,Excellent,Automatic,4,gas,119614,Low CC,10,0
2018,ford,raptor,Excellent,Automatic,6,gas,13600,Low CC,37,2
2010,ford,mustang,Excellent,Automatic,8,gas,35783,Low CC,47,0
2014,dodge,charger,Excellent,Automatic,6,gas,143890,Low CC,28,0
2011,mercedes-benz,e-classawd,Excellent,Automatic,6,gas,57357,Low CC,48,0
2003,ford,ranger xlt,Excellent,Automatic,6,gas,65000,Low CC,36,0
2007,chrysler,aspen,Excellent,Automatic,8,gas,151421,Low CC,41,0
2008,subaru,legacy 3.0 r,Excellent,Manual,6,gas,187952,Low CC,15,0
2016,jeep,cherokee,Excellent,Automatic,6,gas,19600,Low CC,10,0
2015,chevrolet,silverado 1500 ltz,Excellent,Manual,8,gas,77431,Low CC,37,1
2013,mercedes-benz,glk350 4matic,Excellent,Automatic,6,gas,41019,Low CC,48,0
2013,ford,econoline,Excellent,Automatic,8,gas,69163,Low CC,29,0
2014,ford,f-250 sd,Excellent,Manual,8,gas,92653,Low CC,8,0
2004,chevrolet,c4e042,Excellent,Automatic,8,diesel,201744,Low CC,15,0
2015,chevrolet,silverado hd 4x4,Excellent,Automatic,8,gas,76000,Low CC,37,0
2014,nissan,pathfinder,Excellent,Manual,6,gas,86636,Low CC,48,0
2015,toyota,tacoma,Excellent,Manual,4,gas,48547,Low CC,32,0
2013,chevrolet,silverado 2500hd,Excellent,Manual,8,gas,121437,Low CC,16,1
2011,nissan,armada - sl,Excellent,Manual,8,gas,99431,Low CC,23,0
2018,subaru,forester 2.5 touring,Excellent,Automatic,4,gas,17000,Low CC,46,1
2005,volvo,xc90 t5,Excellent,Automatic,5,gas,189500,Low CC,5,0
2016,honda,fit lx,Excellent,Automatic,4,gas,39000,Low CC,11,0
2014,chevrolet,malibu,Excellent,Automatic,4,gas,95782,Low CC,41,0
2018,chevrolet,silverado 1500,Excellent,Automatic,8,gas,8300,Low CC,6,1
2008,lexus,is,Excellent,Manual,6,gas,169143,Low CC,16,0
2011,volkswagen,gti autobahn,Excellent,Manual,4,gas,82376,Low CC,25,0
2013,honda,fit,Excellent,Manual,4,gas,47041,Low CC,21,0
1998,bmw,z3,Excellent,Automatic,6,gas,94755,Low CC,5,0
2014,mercedes-benz,c 350 4matic,Excellent,Automatic,6,gas,72948,Low CC,19,0
2010,ford,mustang,Excellent,Automatic,8,gas,70969,Low CC,5,0
2008,mercury,mariner hybrid,Excellent,Automatic,4,gas,116522,Low CC,32,0
2010,ford,mustang,Excellent,Manual,8,gas,70969,Low CC,21,0
2009,ford,super duty f-450 drw,Excellent,Automatic,8,diesel,104745,Low CC,29,1
2012,toyota,camry,Excellent,Automatic,4,gas,89012,Low CC,29,0
2012,honda,cr-v,Excellent,Automatic,4,gas,105151,Low CC,14,0
2006,honda,accord,salvage,Manual,6,gas,225000,Low CC,28,0
2005,honda,element 4x,Excellent,Manual,6,gas,216000,Low CC,30,0
2016,ford,explorer,Excellent,Manual,6,gas,70121,Low CC,18,0
2008,gmc,sierra 2500hd,Excellent,Manual,8,diesel,175291,Low CC,15,0
2010,buick,enclave,Excellent,Manual,6,gas,120871,Low CC,32,0
2015,ford,focus,Excellent,Automatic,4,gas,61684,Low CC,50,0
2016,toyota,tacoma,Excellent,Automatic,6,gas,112009,Low CC,41,0
2009,nissan,murano,Excellent,Automatic,6,gas,180124,Low CC,46,0
2016,kia,sorento,Excellent,Automatic,6,gas,61438,Low CC,10,0
2005,acura,tsx,Excellent,Automatic,4,gas,98400,Low CC,5,0
2015,nissan,altima,Excellent,Manual,4,gas,37293,Low CC,25,0
2004,gmc,sierra 1500,Excellent,Automatic,8,gas,152000,Low CC,19,0
2005,toyota,camry solara,Excellent,Automatic,6,gas,150027,Low CC,50,0
2015,nissan,frontier,Excellent,Manual,4,gas,92772,Low CC,38,0
2002,ford,f-150 lariat step-side p/u,Excellent,Manual,8,gas,188900,Low CC,8,0
2013,hyundai,genesis r-spec,Excellent,Automatic,4,gas,59000,Low CC,12,0
2005,jeep,wrangler x,Excellent,Manual,6,gas,204000,Low CC,15,0
2008,saturn,vue,Excellent,Automatic,6,gas,112860,Low CC,22,0
2015,toyota,corolla le,Excellent,Manual,4,gas,89900,Low CC,23,0
2004,lincoln,aviator,Excellent,Automatic,6,gas,199779,Low CC,27,0
2000,nissan,xterra se,Excellent,Automatic,6,gas,212000,Low CC,22,0
2015,ford,f-150 xlt,Excellent,Manual,6,gas,91889,Low CC,26,0
2006,ford,f-150 xl,Excellent,Manual,8,gas,134860,Low CC,11,0
2011,chevrolet,silverado 1500,Excellent,Manual,8,gas,142311,Low CC,12,0
2005,jeep,wrangler sport,Excellent,Automatic,6,gas,91725,Low CC,8,0
2013,mazda,mazda2,Excellent,Automatic,4,gas,49878,Low CC,47,0
2012,acura,tl,Excellent,Automatic,6,gas,145195,Low CC,28,0
2017,volkswagen,jetta,Excellent,Manual,4,gas,69596,Low CC,37,0
2002,pontiac,bonneville,Excellent,Automatic,6,gas,81000,Low CC,41,0
2012,ford,f-150,Excellent,Automatic,6,gas,85101,Low CC,41,0
2007,ford,f150,Excellent,Automatic,8,gas,208453,Low CC,27,0
2000,mazda,protege es,salvage,Manual,4,gas,204384,Low CC,28,0
2014,chevrolet,silverado 1500,Excellent,Manual,6,gas,107810,Low CC,19,0
2005,subaru,impreza outback sport,Excellent,Manual,4,gas,90427,Low CC,23,0
1965,ford,mustang - fastback - t-code,Excellent,Manual,6,gas,86819,Low CC,26,0
2003,chevrolet,silverado,Excellent,Manual,8,diesel,171000,Low CC,50,0
2006,ford,f-150 xlt xlt 4dr supercrew,Excellent,Manual,8,gas,183667,Low CC,18,0
2014,volkswagen,cc,Excellent,Automatic,4,gas,54596,Low CC,6,0
2011,ford,escape,Excellent,Automatic,6,gas,127291,Low CC,14,0
1978,ford,ltd ii,Excellent,Automatic,8,gas,77950,Low CC,19,0
2005,hyundai,elantra,Excellent,Automatic,4,gas,116145,Low CC,48,0
1997,honda,del sol vtec,Excellent,Manual,4,gas,188000,Low CC,16,0
1997,toyota,4 runner,salvage,Automatic,6,gas,357000,Low CC,48,0
2017,cadillac,xt5,Excellent,Automatic,6,gas,19821,Low CC,16,1
1990,jaguar,xj6 sovereign,Excellent,Automatic,6,gas,102000,Low CC,7,0
2006,ford,explorer xlt,Excellent,Automatic,8,gas,176000,Low CC,39,0
2013,chevrolet,silverado 2500,Excellent,Manual,8,gas,109454,Low CC,10,1
2009,buick,lucerne,Excellent,Automatic,6,gas,134000,Low CC,34,0
2001,toyota,4runner sr5,salvage,Automatic,6,gas,260543,Low CC,6,0
2005,chrysler,sebring convertible,Excellent,Manual,4,gas,99780,Low CC,13,0
2012,ram,3500 long bed diesel truck,Excellent,Automatic,6,diesel,133821,Low CC,49,1
2011,chrysler,town country,Excellent,Manual,6,gas,122594,Low CC,17,0
2010,cadillac,srx,Excellent,Automatic,6,gas,167700,Low CC,19,0
1992,jeep,cherokee,Excellent,Manual,6,gas,268113,Low CC,35,0
2009,ford,super duty f-450 drw,Excellent,Manual,8,diesel,104745,Low CC,28,1
2012,lexus,gx 460,Excellent,Automatic,8,gas,67600,Low CC,42,1
2015,chevrolet,silverado 2500hd,Excellent,Manual,8,diesel,66797,Low CC,18,1
2018,audi,s5 cabriolet,Excellent,Automatic,6,gas,4000,Low CC,12,2
2012,ram,2500,Excellent,Manual,6,diesel,66000,Low CC,23,1
2017,cadillac,escalade,Excellent,Automatic,8,gas,72234,Low CC,26,1
2018,toyota,tundra 4wd,Excellent,Manual,8,gas,7493,Low CC,15,1
2015,ram,1500,Excellent,Manual,8,gas,39125,Low CC,21,1
2017,ford,f-350 sd,Excellent,Automatic,8,diesel,34871,Low CC,44,2
2016,chevrolet,silverado 2500 lifted,Excellent,Automatic,8,gas,63871,Low CC,23,1
2012,ford,f 550 utility ser,Excellent,Automatic,8,diesel,167489,Low CC,8,1
2018,mercedes-benz,gla,Excellent,Manual,4,gas,28906,Low CC,10,1
2015,ram,3500,Excellent,Manual,6,diesel,37470,Low CC,18,2
2015,chevrolet,silverado crew cab ck25743,Excellent,Automatic,8,gas,33500,Low CC,29,1
2012,chevrolet,silverado 1500,Excellent,Manual,8,gas,56930,Low CC,41,1
2015,ford,super duty f-350 srw,Excellent,Manual,8,diesel,36139,Low CC,11,1
2015,jeep,rubicon,Excellent,Automatic,6,gas,47150,Low CC,19,1
2016,lexus,is 300,Excellent,Automatic,6,gas,35722,Low CC,19,1
2016,ford,expedition el xlt,Excellent,Automatic,6,gas,64760,Low CC,40,1
2017,ford,explorer,Excellent,Manual,4,gas,23559,Low CC,33,1
1946,chevrolet,pickup,Excellent,Automatic,8,gas,20749,Low CC,42,1
1969,chevrolet,cst 20,Excellent,Automatic,8,gas,21000,Low CC,15,1
2014,ford,f150,Excellent,Manual,8,gas,62000,Low CC,35,1
2008,ram,3500,Excellent,Automatic,6,gas,93233,Low CC,22,1
2008,ram,4500,Excellent,Automatic,6,diesel,65264,Low CC,13,1
2014,toyota,tundra,Excellent,Manual,8,gas,104811,Low CC,32,1
2014,ram,2500,Excellent,Automatic,8,gas,121437,Low CC,33,1
2016,bmw,535 d awd,Excellent,Manual,6,diesel,47000,Low CC,39,1
2011,ford,f-350 super duty lariat di,Excellent,Automatic,8,diesel,93975,Low CC,12,1
2002,ford,excursion,Excellent,Manual,8,diesel,162000,Low CC,26,1
2006,ford,f550 superduty,Excellent,Automatic,8,diesel,111146,Low CC,14,1
2015,ram,1500,Excellent,Manual,6,gas,61181,Low CC,33,1
2013,ford,f-150,Excellent,Automatic,8,gas,97000,Low CC,48,1
2008,ram,4500,Excellent,Automatic,6,diesel,65264,Low CC,25,1
2014,chevrolet,duramax flatbed,Excellent,Automatic,8,diesel,145107,Low CC,19,1
2015,ford,f-250 sd,Excellent,Manual,8,diesel,125221,Low CC,22,1
2016,jeep,wrangler unlimited,Excellent,Automatic,6,gas,26300,Low CC,36,1
2017,jeep,wrangler unlimited,Excellent,Manual,6,gas,26099,Low CC,18,1
2017,jaguar,f-pace prestige 35t,Excellent,Automatic,6,gas,33750,Low CC,16,1
2015,gmc,sierra,Excellent,Manual,8,gas,43500,Low CC,46,1
2015,gmc,sierra 1500,Excellent,Automatic,8,gas,44047,Low CC,32,1
2017,mercedes-benz,gla 250,Excellent,Automatic,4,gas,38197,Low CC,50,1
2014,chevrolet,camaro,Excellent,Manual,8,gas,17401,Low CC,17,1
2015,ford,f150,Excellent,Manual,8,gas,63355,Low CC,33,1
2015,ram,2500,Excellent,Manual,6,diesel,75190,Low CC,23,1
2009,ford,f-550,Excellent,Automatic,8,diesel,98912,Low CC,42,1
2014,ford,f-150,Excellent,Manual,6,gas,34187,Low CC,35,1
2016,ram,1500,Excellent,Manual,8,gas,47714,Low CC,20,1
2019,nissan,z,Excellent,Automatic,6,gas,3503,Low CC,15,1
2007,gmc,yukon denali xl,Excellent,Automatic,8,diesel,185000,Low CC,29,1
2015,ford,f250,Excellent,Automatic,8,gas,80000,Low CC,42,1
2017,nissan,titan platinum,Excellent,Automatic,8,gas,34585,Low CC,15,1
1933,ford,vicky,Excellent,Manual,8,gas,4384,Low CC,34,1
2013,gmc,sierra 2500hd,Excellent,Automatic,8,diesel,64440,Low CC,31,1
2015,chevrolet,silverado 1500,Excellent,Automatic,8,gas,32690,Low CC,14,1
2012,dodge,1ton diesel 4x4 dual crew,Excellent,Automatic,6,diesel,135311,Low CC,9,1
2017,ford,transit,Excellent,Automatic,6,gas,51406,Low CC,35,1
2016,lexus,gx460 luxury,Excellent,Manual,8,gas,29862,Low CC,25,1
2013,rover,sport,Excellent,Manual,4,gas,36000,Low CC,39,1
2016,ford,explorer,Excellent,Automatic,6,gas,43240,Low CC,30,1
2012,toyota,tundra,Excellent,Automatic,8,gas,75644,Low CC,10,1
2015,ford,f-350,Excellent,Manual,8,diesel,115981,Low CC,20,1
2017,ford,f350,Excellent,Manual,8,diesel,73600,Low CC,35,1
2017,gmc,sierra 1500 sle crewcab z71,Excellent,Manual,8,gas,12065,Low CC,28,1
2007,ford,550 power stroke,Excellent,Automatic,8,diesel,95000,Low CC,9,1
2015,lexus,rc 350 f sport,Excellent,Manual,6,gas,58500,Low CC,18,1
2018,toyota,tundra,Excellent,Manual,8,gas,4991,Low CC,41,1
2018,chevrolet,silverado 1500,Excellent,Automatic,8,gas,12974,Low CC,36,1
2016,chevrolet,silverado 2500hd,Excellent,Automatic,8,gas,11193,Low CC,31,1
2015,chevrolet,silverado 1500,Excellent,Manual,6,gas,40760,Low CC,19,1
2015,chevrolet,silverado 1500,Excellent,Manual,8,gas,173591,Low CC,10,1
2014,chevrolet,silverado lt,Excellent,Automatic,8,gas,58528,Low CC,46,1
2001,ford,f-250 powerstroke superduty,Excellent,Manual,8,diesel,124148,Low CC,23,1
2019,bmw,x3,Excellent,Automatic,4,gas,14383,Low CC,29,1
2005,mercedes-benz,e55 amg supercharged,Excellent,Manual,8,gas,23811,Low CC,24,1
2012,ram,3500 laramie diesel truck 4,Excellent,Automatic,6,diesel,86144,Low CC,16,1
2015,chevrolet,suburban,Excellent,Automatic,8,gas,59000,Low CC,33,1
2015,gmc,sierra 2500hd,Excellent,Automatic,8,diesel,143233,Low CC,6,1
2007,chevrolet,silverado 3500hd,Excellent,Automatic,8,diesel,74894,Low CC,17,1
2014,ram,2500,Excellent,Automatic,6,gas,80717,Low CC,31,1
2017,chevrolet,suburban lt,Excellent,Manual,8,gas,46000,Low CC,38,1
2016,mercedes-benz,benz g63 amg,Excellent,Automatic,8,gas,40000,Low CC,46,2
2017,cadillac,escalade,Excellent,Automatic,8,gas,37862,Low CC,33,2
2014,chevrolet,silverado 1500,Excellent,Automatic,8,gas,40407,Low CC,30,1
2015,chevrolet,tahoe,Excellent,Manual,8,gas,75291,Low CC,21,1
2014,chevrolet,silverado 1500,Excellent,Automatic,8,gas,46850,Low CC,36,1
2015,ford,f-150,Excellent,Automatic,6,gas,123313,Low CC,36,1
2012,chevrolet,silverado 3500 diesel,Excellent,Automatic,8,diesel,110042,Low CC,19,1
2015,chevrolet,suburban,Excellent,Manual,8,gas,93295,Low CC,24,1
2017,dodge,5500,Excellent,Automatic,8,diesel,14428,Low CC,39,1
2013,chevrolet,silverado 2500hd,Excellent,Automatic,8,diesel,254082,Low CC,43,1
2016,toyota,4runner sr5,Excellent,Automatic,6,gas,51791,Low CC,8,1
2014,audi,rs7,Excellent,Automatic,8,gas,37345,Low CC,36,2
2016,chevrolet,silverado 1500,Excellent,Automatic,6,gas,19581,Low CC,38,1
2008,chrysler,crossfire,Excellent,Automatic,6,gas,7942,Low CC,34,1
2007,ford,mustang shelby gt,Excellent,Automatic,8,gas,39000,Low CC,31,1
2016,gmc,canyon,Excellent,Automatic,6,gas,43229,Low CC,49,1
2017,ford,f-550,Excellent,Automatic,8,diesel,2327,Low CC,30,2
2010,ford,super duty f-350 drw lariat,Excellent,Manual,8,diesel,110478,Low CC,26,1
2014,ram,3500,Excellent,Automatic,6,diesel,127507,Low CC,21,1
2014,mercedes-benz,cls-class,Excellent,Manual,8,gas,54497,Low CC,30,1
2009,chevrolet,silverado 3500hd,Excellent,Automatic,8,diesel,79407,Low CC,22,1
2013,dodge,challenger,Excellent,Manual,8,gas,25187,Low CC,43,1
2019,ford,transit 250 el cargo van,Excellent,Automatic,6,gas,15582,Low CC,33,1
2014,ford,f-150,Excellent,Automatic,6,gas,119000,Low CC,28,1
2015,toyota,tundra,Excellent,Automatic,8,gas,48617,Low CC,26,1
2017,ram,1500,Excellent,Manual,8,gas,27276,Low CC,23,1
2010,ram,2500,Excellent,Manual,6,diesel,160000,Low CC,20,1
2016,chevrolet,silverado 2500 lifted,Excellent,Automatic,8,gas,63871,Low CC,43,1
2016,cadillac,escalade,Excellent,Automatic,8,gas,22587,Low CC,20,2
2015,ram,1500,Excellent,Manual,8,gas,78663,Low CC,15,1
2019,ford,f-150,Excellent,Automatic,6,gas,4876,Low CC,21,1
2018,chevrolet,suburban,Excellent,Automatic,8,gas,30873,Low CC,25,1
2018,acura,mdx sh-awd,Excellent,Automatic,6,gas,7845,Low CC,17,1
2015,ford,f-150,Excellent,Manual,6,gas,92487,Low CC,44,1
2010,ram,2500,Excellent,Automatic,6,diesel,155565,Low CC,17,1
2015,chevrolet,suburban,Excellent,Automatic,8,gas,101195,Low CC,29,1
2016,volvo,xc90 t8 awd,Excellent,Automatic,4,gas,50710,Low CC,17,1
2012,ford,f-250sd,Excellent,Manual,8,gas,26271,Low CC,10,1
2016,volvo,xc60,Excellent,Manual,4,gas,18202,Low CC,31,1
2017,ford,explorer,Excellent,Automatic,6,gas,37114,Low CC,44,1
1964,buick,riviera coupe sport,Excellent,Automatic,8,gas,62447,Low CC,20,1
2015,gmc,sierra 3500hd,Excellent,Manual,8,gas,64835,Low CC,16,1
1969,pontiac,gto convertible,Excellent,Manual,8,gas,65000,Low CC,8,1
2018,honda,cr-v awd ex-l,Excellent,Automatic,4,gas,11000,Low CC,32,1
2016,ram,2500,Excellent,Automatic,8,diesel,77903,Low CC,10,1
2017,dodge,challenger,Excellent,Automatic,8,gas,18816,Low CC,17,1
2015,dodge,2500,Excellent,Manual,6,diesel,25150,Low CC,12,1
2019,chevrolet,silverado 1500,Excellent,Automatic,8,gas,3802,Low CC,32,1
2014,ram,2500,Excellent,Automatic,8,gas,121437,Low CC,16,1
2009,ram,3500,Excellent,Manual,6,diesel,91776,Low CC,15,1
2016,cadillac,cts v,Excellent,Manual,8,gas,18750,Low CC,46,2
2014,ford,f-350 lariat crew cab,Excellent,Manual,8,diesel,108675,Low CC,44,1
2015,ford,f-250 sd,Excellent,Automatic,8,diesel,125221,Low CC,30,1
2008,ram,2500,Excellent,Automatic,6,diesel,66810,Low CC,27,1
2012,ford,f-250 sd,Excellent,Manual,8,diesel,115228,Low CC,30,1
2017,ford,f-150 lariat,Excellent,Automatic,6,gas,50404,Low CC,40,1
2013,chevrolet,camaro ss coupe,Excellent,Automatic,8,gas,8724,Low CC,32,1
2018,ford,transit 150 cargo van,Excellent,Manual,6,gas,35104,Low CC,29,1
2016,ford,f250,Excellent,Manual,8,diesel,38333,Low CC,36,1
2014,ford,f-350,Excellent,Automatic,8,diesel,130739,Low CC,48,1
2014,cadillac,escalade premium,Excellent,Manual,8,gas,40000,Low CC,25,1
2019,chevrolet,suburban,Excellent,Manual,8,gas,26179,Low CC,40,1
2016,ford,super duty f-250,Excellent,Automatic,8,diesel,28837,Low CC,21,1
2005,gmc,topkick,Excellent,Manual,8,diesel,148000,Low CC,29,1
2011,ford,f-350 sd,Excellent,Automatic,8,diesel,147105,Low CC,14,1
2013,ram,2500,Excellent,Manual,6,diesel,65278,Low CC,31,1
2016,dodge,durango,Excellent,Manual,8,gas,52620,Low CC,40,1
2018,chevrolet,silverado 1500,Excellent,Automatic,8,gas,8300,Low CC,19,1
2016,ford,transit wagon,Excellent,Manual,6,gas,79000,Low CC,32,1
2016,jeep,wrangler sahara,Excellent,Manual,6,gas,35000,Low CC,18,1
2015,lexus,gs350 awd premium sedan,Excellent,Manual,6,gas,48150,Low CC,28,1
2010,chevrolet,corvette,Excellent,Automatic,8,gas,70568,Low CC,46,1
1963,chevrolet,c10,Excellent,Automatic,8,gas,418580,Low CC,10,1
2014,gmc,sierra,Excellent,Manual,8,gas,80638,Low CC,40,1
2015,ford,f-150 xlt crew cab,Excellent,Automatic,8,gas,60643,Low CC,10,1
2012,cadillac,cts,Excellent,Automatic,8,gas,397,Low CC,5,1
2015,chevrolet,silverado 3500hd,Excellent,Automatic,8,diesel,76260,Low CC,40,1
2015,chevrolet,suburban,Excellent,Manual,8,gas,59000,Low CC,5,1
2015,ram,2500,Excellent,Automatic,6,diesel,92098,Low CC,10,1
2017,ram,2500,Excellent,Automatic,8,gas,24600,Low CC,23,1
2012,ram,3500 cummins,Excellent,Manual,6,diesel,125553,Low CC,29,1
2016,ford,f-150,Excellent,Automatic,6,gas,107650,Low CC,16,1
2015,jaguar,xj,Excellent,Automatic,6,gas,71797,Low CC,27,1
2017,ford,f-550,Excellent,Automatic,8,diesel,7132,Low CC,12,2
2014,ford,super duty f-250 srw lariat,Excellent,Manual,8,gas,94525,Low CC,38,1
2015,ford,f150,Excellent,Automatic,6,gas,71040,Low CC,41,1
2011,ram,2500,Excellent,Automatic,6,diesel,156443,Low CC,9,1
2015,mercedes-benz,benz amg c63 coupe,Excellent,Automatic,8,gas,42050,Low CC,38,1
2017,ford,explorer,Excellent,Automatic,4,gas,23559,Low CC,39,1
2015,ford,f-350 super duty,Excellent,Automatic,8,diesel,154122,Low CC,20,1
2018,gmc,sierra 1500,Excellent,Automatic,8,gas,20259,Low CC,26,1
2015,chevrolet,colorado,Excellent,Automatic,6,gas,83222,Low CC,27,1
2016,chevrolet,silverado 3500,Excellent,Automatic,8,gas,22891,Low CC,30,1
2012,ram,laramie 2500 diesel,Excellent,Automatic,6,diesel,75800,Low CC,12,1
2016,gmc,1500 sierra,Excellent,Manual,8,gas,44047,Low CC,18,1
2016,gmc,sierra 1500 crew,Excellent,Automatic,8,gas,15781,Low CC,39,1
2010,ram,2500,Excellent,Automatic,6,diesel,155565,Low CC,25,1
2017,gmc,sierra 1500 slt,Excellent,Automatic,8,gas,40058,Low CC,15,1
2014,ram,2500,Excellent,Automatic,6,diesel,179041,Low CC,48,1
2015,audi,q7,Excellent,Automatic,6,gas,64344,Low CC,36,1
2019,ram,1500,Excellent,Manual,8,gas,13664,Low CC,7,1
2017,ram,1500,Excellent,Automatic,6,gas,34702,Low CC,38,1
2015,mercedes-benz,sprinter cargo vans,Excellent,Manual,4,diesel,13337,Low CC,46,1
2016,ford,f-150,Excellent,Manual,6,gas,26000,Low CC,40,1
2011,ford,f-150,Excellent,Manual,8,gas,33950,Low CC,36,1
2011,mercedes-benz,e350 convertible,Excellent,Manual,6,gas,11500,Low CC,19,1
2016,honda,pilot touring,Excellent,Manual,6,gas,55000,Low CC,47,1
2018,toyota,4runner sr5,Excellent,Manual,6,gas,11952,Low CC,22,1
2019,chevrolet,silverado 2500hd,Excellent,Manual,8,diesel,3989,Low CC,23,2
1968,chevrolet,camaro rs/ss,Excellent,Automatic,8,gas,41600,Low CC,16,2
2017,mazda,- mx -5 miata rf g.tour,Excellent,Automatic,4,gas,7600,Low CC,10,1
2015,ford,f-150,Excellent,Automatic,6,gas,24144,Low CC,35,1
2016,chevrolet,corvette coupe,Excellent,Automatic,8,gas,32087,Low CC,8,1
2012,ram,3500 cummins 4x4,Excellent,Automatic,6,diesel,125553,Low CC,44,1
2018,gmc,acadia,Excellent,Manual,6,gas,29070,Low CC,45,1
2017,chevrolet,silverado 1500,Excellent,Automatic,8,gas,20992,Low CC,11,1
2019,chevrolet,2500 express extended,Excellent,Manual,6,gas,1999,Low CC,32,1
2007,ram,3500 slt,Excellent,Automatic,6,diesel,123143,Low CC,8,1
2016,chevrolet,tahoe,Excellent,Manual,8,gas,54348,Low CC,36,1
2018,ford,edge,Excellent,Manual,6,gas,22581,Low CC,44,1
2008,ford,f-350 lariet crew cab,Excellent,Manual,8,diesel,133773,Low CC,24,1
2017,ford,f-250 xlt lifted,Excellent,Automatic,8,diesel,24615,Low CC,29,1
2015,lexus,rx 350,Excellent,Automatic,6,gas,27105,Low CC,39,1
2008,chevrolet,c5500,Excellent,Automatic,8,diesel,47606,Low CC,43,1
2015,ford,f-150 sport fx-4,Excellent,Automatic,6,gas,47611,Low CC,16,1
2018,toyota,tacoma,Excellent,Automatic,6,gas,44,Low CC,17,1
2018,ford,super duty f-250,Excellent,Manual,8,diesel,29202,Low CC,32,1
1977,ford,bronco,Excellent,Automatic,8,gas,68850,Low CC,20,2
2016,mercedes-benz,c300 4matic,Excellent,Automatic,4,gas,28177,Low CC,46,1
2015,ford,f350,Excellent,Automatic,8,gas,38000,Low CC,10,1
2019,honda,civic type r touring.,Excellent,Manual,4,gas,500,Low CC,18,1
2014,ram,2500,Excellent,Automatic,8,gas,100001,Low CC,22,1
2010,gmc,sierra 2500hd,Excellent,Manual,8,diesel,147842,Low CC,32,1
2017,gmc,acadia denali,Excellent,Manual,6,gas,35000,Low CC,38,1
2017,toyota,tacoma trd sport,Excellent,Manual,6,gas,37641,Low CC,26,1
2017,ram,2500 diesel,Excellent,Manual,6,diesel,75754,Low CC,16,1
2013,ford,f-150,Excellent,Manual,6,gas,107035,Low CC,50,1
2013,chevrolet,silverado 2500hd,Excellent,Manual,8,diesel,148240,Low CC,5,1
2015,ram,2500,Excellent,Manual,6,diesel,73630,Low CC,46,1
2016,ford,f-250 sd,Excellent,Automatic,8,gas,52207,Low CC,29,1
2015,chevrolet,silverado,Excellent,Manual,8,gas,32020,Low CC,29,1
2016,nissan,370z,Excellent,Manual,6,gas,35175,Low CC,34,1
2007,chevrolet,2500,Excellent,Manual,8,diesel,86575,Low CC,12,1
2017,bmw,328d,Excellent,Automatic,4,diesel,30110,Low CC,48,1
2019,chevrolet,traverse rs,Excellent,Automatic,6,gas,5555,Low CC,5,1
2012,ford,f-250 sd,Excellent,Manual,8,diesel,39000,Low CC,28,1
1970,chevrolet,c10 truck,Excellent,Manual,8,gas,5200,Low CC,21,1
2015,cadillac,escalade,Excellent,Automatic,8,gas,135220,Low CC,24,1
2013,chevrolet,silverado 2500hd,Excellent,Automatic,8,gas,132314,Low CC,48,1
2016,dodge,grand caravan sxt,Excellent,Manual,6,gas,45000,Low CC,18,1
2017,gmc,sierra 1500,Excellent,Manual,8,gas,129487,Low CC,25,1
2018,toyota,tacoma 4x4 double cab,Excellent,Automatic,6,gas,15488,Low CC,8,1
2018,ford,f-150 xlt supercrew cab,Excellent,Manual,6,gas,26200,Low CC,47,1
2008,ram,4500,Excellent,Automatic,6,diesel,65264,Low CC,33,1
2013,ford,f-150,Excellent,Automatic,6,gas,65185,Low CC,13,1
2012,ram,2500 cummings,Excellent,Manual,6,diesel,118000,Low CC,13,1
2016,ford,f350 lariat,Excellent,Automatic,8,diesel,144061,Low CC,11,1
2015,nissan,titan,Excellent,Manual,8,gas,83015,Low CC,44,1
2016,toyota,highlander,Excellent,Automatic,6,gas,26650,Low CC,25,1
2002,gmc,yukon slt,Excellent,Manual,8,gas,200000,Low CC,9,1
2015,ram,1500,Excellent,Manual,6,gas,61181,Low CC,39,1
2012,ram,3500,Excellent,Automatic,6,diesel,122251,Low CC,48,1
2008,ram,3500,Excellent,Automatic,6,gas,93233,Low CC,9,1
2015,gmc,sierra crew 4x4,Excellent,Automatic,8,gas,41175,Low CC,38,1
2020,jeep,gladiator,Excellent,Automatic,6,gas,11,Low CC,33,2
2015,ford,mustang,Excellent,Automatic,8,gas,19252,Low CC,48,1
2014,ram,2500,Excellent,Automatic,6,diesel,151483,Low CC,49,1
2015,ford,super duty f-350 drw,Excellent,Automatic,8,diesel,87000,Low CC,40,1
2017,chevrolet,silverado 2500hd,Excellent,Automatic,8,diesel,23302,Low CC,18,2
2017,ram,1500,Excellent,Automatic,8,gas,35695,Low CC,27,1
2015,gmc,yukon xl,Excellent,Automatic,8,gas,89000,Low CC,11,1
2014,toyota,tundra,Excellent,Manual,8,gas,68144,Low CC,27,1
2016,ram,2500,Excellent,Manual,6,diesel,50064,Low CC,24,1
2018,jeep,grand cherokee,Excellent,Automatic,6,gas,16812,Low CC,43,1
2016,chevrolet,2500 silverado,Excellent,Manual,8,gas,102534,Low CC,47,1
2013,ram,2500,Excellent,Automatic,6,diesel,70900,Low CC,25,1
1972,chevrolet,corvette,Excellent,Automatic,8,gas,63084,Low CC,45,1
2016,ford,transit wagon,Excellent,Automatic,6,gas,79000,Low CC,20,1
2017,gmc,sierra 1500,Excellent,Manual,8,gas,59434,Low CC,45,1
2014,ford,f250 lariat super duty,Excellent,Automatic,8,diesel,187600,Low CC,42,1
2014,ram,2500,Excellent,Automatic,6,diesel,155561,Low CC,45,1
2018,ram,1500 slt 4x4,Excellent,Manual,6,gas,13459,Low CC,22,1
2017,chevrolet,corvette,Excellent,Automatic,8,gas,7700,Low CC,46,1
2015,ram,1500 laramie,Excellent,Automatic,8,gas,48517,Low CC,38,1
2015,gmc,sierra 1500,Excellent,Manual,8,gas,62700,Low CC,43,1
2016,ford,transit wagon,Excellent,Manual,6,gas,79000,Low CC,10,1
2018,dodge,charger gt,Excellent,Automatic,6,gas,11898,Low CC,22,1
2016,chevrolet,silverado 2500 lifted,Excellent,Manual,8,gas,63871,Low CC,5,1
2019,ram,1500,Excellent,Manual,8,gas,13664,Low CC,41,1
2015,chevrolet,silverado dump truck,Excellent,Automatic,8,gas,18949,Low CC,23,1
2015,chevrolet,tahoe,Excellent,Automatic,8,gas,91000,Low CC,11,1
2016,ford,transit,Excellent,Automatic,6,gas,105575,Low CC,41,1
2017,ford,f150 super crew,Excellent,Automatic,6,gas,21911,Low CC,11,1
2016,chevrolet,silverado 1500,Excellent,Automatic,8,gas,42941,Low CC,38,1
2015,ram,3500 laramie,Excellent,Automatic,6,diesel,140010,Low CC,40,1
2018,chrysler,pacifica,Excellent,Manual,6,gas,289,Low CC,21,2
2018,ram,2500,Excellent,Automatic,8,gas,9930,Low CC,36,1
2016,cadillac,ats-v,Excellent,Automatic,6,gas,23599,Low CC,24,1
2016,toyota,tundra sr5 lifted,Excellent,Manual,8,gas,31249,Low CC,18,1
2011,ram,2500 laramie longhorn diese,Excellent,Automatic,6,diesel,104484,Low CC,27,1
2018,chevrolet,suburban,Excellent,Manual,8,gas,47820,Low CC,10,1
2014,mercedes-benz,ml 350,Excellent,Manual,6,gas,33000,Low CC,32,1
2019,ford,transit,Excellent,Manual,6,gas,12000,Low CC,16,1
2015,ford,mustang,Excellent,Automatic,8,gas,21000,Low CC,28,1
2014,ram,1500,Excellent,Automatic,6,gas,72744,Low CC,15,1
2013,ford,super duty f-250,Excellent,Automatic,8,diesel,104515,Low CC,21,1
2017,chevrolet,silverado 2500 hd,Excellent,Automatic,8,diesel,39000,Low CC,17,2
2017,ram,1500 ecodiesel,Excellent,Automatic,6,diesel,25000,Low CC,49,1
2017,ford,f150 supercrew,Excellent,Manual,6,gas,9500,Low CC,19,1
2016,dodge,challenger,Excellent,Manual,8,gas,25087,Low CC,7,1
2017,volvo,xc60,Excellent,Automatic,4,gas,33524,Low CC,9,1
2017,ford,f-150 raptor,Excellent,Manual,6,gas,42000,Low CC,30,2
2014,ram,1500,Excellent,Automatic,8,gas,60232,Low CC,47,1
2015,chevrolet,silverado,Excellent,Automatic,8,gas,32020,Low CC,45,1
2017,ram,3500,Excellent,Automatic,6,diesel,109386,Low CC,49,1
2011,ford,f-550,Excellent,Automatic,8,diesel,157666,Low CC,18,2
2014,chevrolet,tahoe ltz,Excellent,Manual,8,gas,86312,Low CC,29,1
2017,dodge,challenger,Excellent,Manual,8,gas,11625,Low CC,41,1
2015,ford,f-150,Excellent,Automatic,6,gas,66739,Low CC,8,1
2012,hennessey,velociraptor 600,Excellent,Automatic,8,gas,73500,Low CC,10,1
2014,chevrolet,silverado 1500,Excellent,Automatic,8,gas,57411,Low CC,39,1
2015,jeep,grand cherokee overland 4wd,Excellent,Automatic,6,gas,31200,Low CC,25,1
2015,gmc,canyon,Excellent,Manual,6,gas,10967,Low CC,48,1
2016,toyota,4runner trail premium,Excellent,Manual,6,gas,28101,Low CC,11,1
2019,ford,f-150,Excellent,Manual,6,gas,2111,Low CC,40,1
2015,toyota,tundra,Excellent,Automatic,8,gas,77500,Low CC,47,1
2017,audi,q5 premium plus sports suv,Excellent,Automatic,4,gas,24000,Low CC,44,1
2014,jeep,wrangler,Excellent,Manual,6,gas,56399,Low CC,20,1
2013,ford,f-250 sd,Excellent,Manual,8,diesel,67932,Low CC,9,1
2014,ford,f550,Excellent,Automatic,8,diesel,96000,Low CC,8,1
2017,chevrolet,corvette grand sport,Excellent,Manual,8,gas,11250,Low CC,25,2
2017,nissan,titan,Excellent,Automatic,8,gas,26005,Low CC,35,1
2016,toyota,tundra,Excellent,Automatic,8,gas,41820,Low CC,48,1
2012,chevrolet,silverado 2500hd,Excellent,Automatic,8,gas,79000,Low CC,23,1
2015,chevrolet,2500,Excellent,Automatic,8,gas,99749,Low CC,45,1
2013,ram,2500,Excellent,Automatic,6,diesel,67000,Low CC,50,1
2011,ford,f-150,Excellent,Automatic,8,gas,33950,Low CC,38,1
2017,ram,1500,Excellent,Automatic,8,gas,27276,Low CC,10,1
1956,lincoln,premier coupe,Excellent,Automatic,8,gas,33211,Low CC,49,1
2011,ford,f-250 sd,Excellent,Automatic,8,diesel,221048,Low CC,40,1
2015,toyota,tundra,Excellent,Automatic,8,gas,48617,Low CC,13,1
2017,ford,f250 xlt crew cab,Excellent,Manual,8,gas,11400,Low CC,42,1
2015,ford,f-350 sd,Excellent,Automatic,8,gas,50947,Low CC,5,1
2005,ford,f-350 lariat dulley,Excellent,Automatic,8,diesel,162000,Low CC,19,1
2016,ford,f-550sd xl drw,Excellent,Automatic,8,diesel,65034,Low CC,46,1
2016,chevrolet,suburban 1500,Excellent,Automatic,8,gas,50450,Low CC,20,1
2009,chevrolet,silverado 3500hd,Excellent,Manual,8,diesel,79407,Low CC,6,1
2017,chevrolet,silverado 1500,Excellent,Automatic,8,gas,47000,Low CC,46,1
2015,chevrolet,silverado 2500hd,Excellent,Manual,8,diesel,140543,Low CC,22,1
2016,nissan,murano awd platinum,Excellent,Automatic,6,gas,29800,Low CC,31,1
2017,nissan,armada,Excellent,Manual,8,gas,42814,Low CC,24,1
2016,toyota,highlander,Excellent,Manual,6,gas,36170,Low CC,49,1
2016,chevrolet,silverado 3500hd,Excellent,Automatic,8,diesel,47847,Low CC,15,1
2017,chevrolet,2500 silverado,Excellent,Automatic,8,diesel,13500,Low CC,6,2
2019,dodge,durango,Excellent,Automatic,6,gas,14723,Low CC,15,1
2006,gmc,c4c042,Excellent,Automatic,6,diesel,43119,Low CC,17,1
2016,ford,f-150,Excellent,Automatic,8,gas,51241,Low CC,39,1
2012,ford,super duty f-350 srw,Excellent,Automatic,8,diesel,86798,Low CC,44,1
2018,ram,2500,Excellent,Manual,8,gas,9930,Low CC,23,1
2017,ram,1500 sport,Excellent,Manual,8,gas,24493,Low CC,28,1
2014,ford,super duty f-350,Excellent,Automatic,8,diesel,108000,Low CC,9,1
2015,dodge,challenger,Excellent,Automatic,8,gas,62200,Low CC,47,1
2016,mercedes-benz,g63 amg,Excellent,Automatic,8,gas,13053,Low CC,37,2
2008,gmc,sierra 2500 hd,Excellent,Automatic,8,diesel,118118,Low CC,37,1
2017,ford,f250,Excellent,Automatic,8,gas,21087,Low CC,27,1
2014,mercedes-benz,e350,Excellent,Automatic,6,gas,28097,Low CC,13,1
2018,toyota,tacoma,Excellent,Manual,6,gas,32000,Low CC,16,1
2018,nissan,maxima,Excellent,Manual,6,gas,10272,Low CC,47,1
2015,ram,3500,Excellent,Automatic,6,diesel,169443,Low CC,5,1
2013,toyota,tundra,Excellent,Manual,8,gas,62055,Low CC,14,1
2018,ram,1500,Excellent,Manual,8,gas,5351,Low CC,20,1
2019,ford,f-150,Excellent,Automatic,6,gas,2347,Low CC,27,1
2018,gmc,yukon,Excellent,Manual,8,gas,27917,Low CC,34,1
2018,ford,f250 lariat crew 4x4 diesel,Excellent,Automatic,8,diesel,93296,Low CC,33,1
2015,toyota,tundra,Excellent,Manual,8,gas,48617,Low CC,39,1
2013,ford,f-450 sd,Excellent,Manual,8,diesel,85025,Low CC,11,1
2018,ford,f150 supercrew xlt 4x4,Excellent,Manual,6,gas,1,Low CC,13,1
2016,toyota,tundra,Excellent,Manual,8,gas,31249,Low CC,23,1
2009,ford,super duty f-450 drw,Excellent,Automatic,8,diesel,104745,Low CC,41,1
2016,gmc,sierra 2500hd,Excellent,Automatic,8,diesel,120034,Low CC,45,1
2017,ram,3500,Excellent,Manual,8,gas,41781,Low CC,39,1
2019,volkswagen,atlas,Excellent,Manual,6,gas,4240,Low CC,10,1
2015,toyota,tacoma double cab,Excellent,Automatic,6,gas,71000,Low CC,26,1
2017,ram,1500,Excellent,Automatic,6,gas,39688,Low CC,30,1
2018,chevrolet,lt,Excellent,Automatic,6,gas,11191,Low CC,11,1
2015,ram,3500,Excellent,Manual,6,diesel,51000,Low CC,22,1
2015,ford,f-250 sd,Excellent,Manual,8,gas,66104,Low CC,37,1
2012,ford,super duty f-250 srw,Excellent,Automatic,8,diesel,122010,Low CC,31,1
2015,ford,f-150 king ranch,Excellent,Manual,6,gas,38000,Low CC,38,1
2013,ford,f-450 sd,Excellent,Manual,8,diesel,85025,Low CC,12,1
2015,dodge,charger,Excellent,Automatic,8,gas,9568,Low CC,31,1
2016,ford,transit wagon,Excellent,Manual,6,gas,79000,Low CC,19,1
2010,ford,super duty f-350 drw lariat,Excellent,Manual,8,diesel,110478,Low CC,48,1
2019,chevrolet,suburban,Excellent,Automatic,8,gas,4716,Low CC,26,2
2017,chevrolet,silverado 1500,Excellent,Automatic,8,gas,39000,Low CC,18,1
2016,ford,transit 350 xlt 15 pass,Excellent,Manual,6,gas,24313,Low CC,32,1
2015,lexus,nx 200t,Excellent,Automatic,4,gas,42161,Low CC,45,1
2010,ford,f-450,Excellent,Manual,8,diesel,167465,Low CC,46,1
2014,chevrolet,silverado 2500hd,Excellent,Automatic,8,diesel,122350,Low CC,14,1
2011,chevrolet,silverado 3500 duramax,Excellent,Manual,8,gas,130086,Low CC,43,1
2017,ford,f-150,Excellent,Automatic,6,gas,28000,Low CC,24,1
2015,chevrolet,suburban,Excellent,Manual,8,gas,102618,Low CC,5,1
2014,ram,2500,Excellent,Manual,6,diesel,87836,Low CC,11,1
2016,chevrolet,silverado 3500hd,Excellent,Automatic,8,diesel,4431,Low CC,33,2
2015,chevrolet,silverado 1500,Excellent,Automatic,8,gas,57522,Low CC,47,1
2016,mercedes-benz,benz g class,Excellent,Automatic,6,gas,57033,Low CC,42,1
1957,ford,fairlane 500 2 door hardtop,Excellent,Automatic,8,gas,300,Low CC,29,1
2002,volkswagen,eurovan,Excellent,Manual,6,gas,172500,Low CC,43,1
2012,ram,3500,Excellent,Manual,6,diesel,116000,Low CC,45,1
2013,ford,super duty f-550 drw,Excellent,Automatic,8,diesel,57157,Low CC,40,1
2012,ford,f250,Excellent,Automatic,8,diesel,101917,Low CC,8,1
2011,ram,2500,Excellent,Automatic,6,diesel,120438,Low CC,22,1
2018,chevrolet,suburban,Excellent,Automatic,8,gas,45399,Low CC,45,1
2014,chevrolet,2500hd,Excellent,Manual,8,diesel,46195,Low CC,39,1
2012,chevrolet,silverado 3500hd,Excellent,Automatic,8,gas,72686,Low CC,10,1
1969,pontiac,firebird convertible,Excellent,Manual,8,gas,92000,Low CC,41,1
2007,ford,mustang shelby gt,Excellent,Automatic,8,gas,1970,Low CC,28,1
1967,chevrolet,nova ss,Excellent,Manual,8,gas,53786,Low CC,47,1
2015,chevrolet,silverado,Excellent,Automatic,8,gas,15723,Low CC,10,1
2011,ford,f-550,Excellent,Manual,8,diesel,77809,Low CC,49,2
2016,ford,transit wagon,Excellent,Automatic,6,gas,79000,Low CC,25,1
2017,ford,f-150,Excellent,Automatic,8,gas,84150,Low CC,49,1
2013,ram,2500,Excellent,Manual,6,diesel,67000,Low CC,39,1
2014,ram,1500,Excellent,Automatic,8,gas,62714,Low CC,39,1
2015,chevrolet,suburban,Excellent,Automatic,8,gas,124878,Low CC,17,1
2012,ram,5500,Excellent,Automatic,6,diesel,120000,Low CC,19,2
2017,chevrolet,silverado lt,Excellent,Automatic,8,gas,13821,Low CC,31,1
2018,ford,super duty f-250,Excellent,Automatic,8,diesel,29202,Low CC,45,1
2014,gmc,sierra 1500,Excellent,Automatic,8,gas,66500,Low CC,12,1
2018,toyota,camry xse,Excellent,Manual,6,gas,19600,Low CC,45,1
2011,ram,3500,Excellent,Manual,8,gas,49537,Low CC,30,1
2016,chevrolet,tahoe,Excellent,Manual,8,gas,48200,Low CC,45,1
2016,chevrolet,silverado 3500,Excellent,Automatic,8,gas,22891,Low CC,32,1
2009,dodge,challenger,Excellent,Automatic,8,gas,23009,Low CC,39,1
2018,dodge,charger,Excellent,Automatic,6,gas,31064,Low CC,47,1
2012,ford,f-350 sd,Excellent,Automatic,8,gas,104239,Low CC,28,1
2017,ford,transit,Excellent,Automatic,6,gas,51406,Low CC,49,1
1956,chevrolet,sport sedan,Excellent,Automatic,8,gas,2500,Low CC,21,1
2015,toyota,tundra,Excellent,Automatic,8,gas,138732,Low CC,48,1
2015,chevrolet,silverado 2500hd,Excellent,Automatic,8,diesel,103614,Low CC,27,1
2017,chevrolet,colorado 4x4,Excellent,Manual,4,diesel,3000,Low CC,49,1
2016,toyota,tacoma,Excellent,Automatic,6,gas,35000,Low CC,47,1
2015,ram,1500,Excellent,Manual,8,gas,52139,Low CC,8,1
2015,ram,1500,Excellent,Manual,6,diesel,80188,Low CC,41,1
2014,ford,f-150,Excellent,Manual,8,gas,68646,Low CC,41,1
2016,ford,f250 xlt,Excellent,Automatic,8,diesel,105000,Low CC,14,1
2017,ford,f350 power stroke,Excellent,Manual,8,diesel,29600,Low CC,24,2
2014,ram,2500,Excellent,Automatic,8,gas,89351,Low CC,5,1
2010,ram,2500 laramie diesel t,Excellent,Automatic,6,diesel,124472,Low CC,41,1
2018,gmc,canyon slt,Excellent,Manual,6,gas,20,Low CC,35,1
2016,toyota,tundra,Excellent,Manual,8,gas,42820,Low CC,27,1
2019,jeep,cherokee overland 4x4,Excellent,Manual,4,gas,18000,Low CC,32,1
2015,ram,3500,Excellent,Automatic,6,diesel,96502,Low CC,36,1
2018,ram,3500,Excellent,Automatic,6,diesel,11435,Low CC,40,1
2014,chevrolet,silverado 3500hd,Excellent,Automatic,8,gas,51361,Low CC,50,1
2008,ram,4500,Excellent,Manual,6,diesel,65264,Low CC,7,1
2014,lincoln,navigator,Excellent,Manual,8,gas,22871,Low CC,46,1
2017,chevrolet,silverado 1500,Excellent,Manual,8,gas,15528,Low CC,31,1
2016,toyota,tacoma,Excellent,Manual,4,gas,39607,Low CC,33,1
2016,ford,transit wagon,Excellent,Manual,6,gas,79000,Low CC,47,1
2019,jeep,cherokee overland 4x4,Excellent,Manual,4,gas,19000,Low CC,5,1
2014,gmc,sierra denali 1500,Excellent,Automatic,8,gas,98592,Low CC,18,1
2014,gmc,sierra 2500hd,Excellent,Automatic,8,diesel,131500,Low CC,40,1
2016,jeep,wrangler sahara backcountry,Excellent,Automatic,6,gas,43275,Low CC,14,1
2017,gmc,acadia,Excellent,Automatic,6,gas,62521,Low CC,46,1
2012,ram,1 ton crew cab slt 4x4,Excellent,Manual,6,diesel,140662,Low CC,41,1
2016,cadillac,escalade,Excellent,Manual,8,gas,22587,Low CC,46,2
2019,ford,f-250 super duty,Excellent,Manual,8,diesel,19744,Low CC,37,2
2017,jeep,grand cherokee overland,Excellent,Automatic,6,gas,35000,Low CC,41,1
2018,chevrolet,silverado 1500,Excellent,Manual,8,gas,100,Low CC,15,1
2018,ram,2500,Excellent,Automatic,8,gas,28124,Low CC,8,1
2000,ford,f550,Excellent,Automatic,8,diesel,11608,Low CC,40,1
2017,cadillac,escalade,Excellent,Automatic,8,gas,72234,Low CC,7,1
1937,ford,coupe,Excellent,Automatic,8,gas,5900,Low CC,47,1
1969,chevrolet,el camino,Excellent,Manual,8,gas,83000,Low CC,31,1
2017,ford,f-150,Excellent,Automatic,6,gas,15199,Low CC,19,1
2018,jeep,wrangler jk,Excellent,Automatic,6,gas,17938,Low CC,26,1
2015,toyota,tacoma trd offroad,Excellent,Manual,6,gas,30888,Low CC,32,1
2015,chevrolet,suburban,Excellent,Automatic,8,gas,59000,Low CC,8,1
2015,chevrolet,sivlerado,Excellent,Automatic,8,gas,17043,Low CC,50,1
2018,toyota,limited 4runner,Excellent,Automatic,6,gas,15800,Low CC,26,1
2014,chevrolet,silverado 1500,Excellent,Manual,8,gas,120717,Low CC,25,1
2015,nissan,370z roadster,Excellent,Automatic,6,gas,23783,Low CC,23,1
2016,chevrolet,silverado 1500,Excellent,Manual,8,gas,34493,Low CC,23,1
2016,gmc,2500hd denali,Excellent,Manual,8,diesel,31000,Low CC,46,2
2019,subaru,ascent,Excellent,Automatic,4,gas,3805,Low CC,27,1
2017,ram,promaster 2500,Excellent,Manual,6,gas,17000,Low CC,41,1
2015,infiniti,qx60,Excellent,Automatic,6,gas,59636,Low CC,6,1
2016,ford,explorer limited 4wd,Excellent,Automatic,4,gas,48800,Low CC,11,1
2014,ram,2500,Excellent,Automatic,6,diesel,57267,Low CC,43,1
2014,ram,laramie 2500,Excellent,Automatic,6,diesel,129318,Low CC,31,1
2018,ford,f-350 super duty,Excellent,Automatic,8,diesel,78118,Low CC,40,1
2017,ram,1500 eco diesel-laramie,Excellent,Automatic,6,diesel,48800,Low CC,35,1
2014,ford,f-150,Excellent,Automatic,8,gas,60135,Low CC,25,1
2016,ford,explorer,Excellent,Automatic,6,gas,29215,Low CC,38,1
2016,gmc,1500 sierra,Excellent,Manual,8,gas,44047,Low CC,14,1
2015,toyota,tundra,Excellent,Automatic,8,gas,77500,Low CC,6,1
2011,ford,f-350 super duty lariat li,Excellent,Automatic,8,diesel,94844,Low CC,16,1
2016,lincoln,navigator 4wd 4dr,Excellent,Automatic,6,gas,68020,Low CC,36,1
2015,chevrolet,silverado hd2500 crew cab,Excellent,Automatic,8,gas,115477,Low CC,43,1
2013,gmc,sierra 2500hd,Excellent,Manual,8,gas,84369,Low CC,31,1
2013,chevrolet,silverado 2500hd,Excellent,Manual,8,diesel,52775,Low CC,24,1
2016,chevrolet,colorado crew cab 4 x 4,Excellent,Automatic,6,gas,15024,Low CC,21,1
2019,gmc,canyon,Excellent,Manual,6,gas,1500,Low CC,16,1
2018,chevrolet,colorado,Excellent,Automatic,6,gas,18354,Low CC,43,1
2017,ram,1500,Excellent,Automatic,6,gas,34702,Low CC,6,1
2016,chevrolet,silverado 1500,Excellent,Automatic,8,gas,29192,Low CC,38,1
2017,ram,1500,Excellent,Automatic,8,gas,27276,Low CC,6,1
2016,ford,transit wagon,Excellent,Manual,6,gas,79000,Low CC,50,1
2012,ram,3500,Excellent,Manual,6,diesel,116000,Low CC,36,1
2015,ford,f-150,Excellent,Automatic,6,gas,114342,Low CC,36,1
2015,chevrolet,suburban ltz,Excellent,Automatic,8,gas,57367,Low CC,18,1
2018,chevrolet,conversion van,Excellent,Manual,6,gas,21500,Low CC,44,2
2011,ford,f-350 super duty lariat di,Excellent,Automatic,8,diesel,99263,Low CC,23,1
2016,chevrolet,silverado 1500 4wd lt dbl,Excellent,Automatic,8,gas,20500,Low CC,19,1
1997,chevrolet,food truck,Excellent,Automatic,8,gas,161240,Low CC,10,1
1949,ford,f1,Excellent,Automatic,8,gas,13,Low CC,41,1
2014,ford,f-150,Excellent,Automatic,6,gas,108525,Low CC,49,1
2006,chevrolet,corvette,Excellent,Automatic,8,gas,29025,Low CC,22,1
2017,cadillac,escalade,Excellent,Automatic,8,gas,37862,Low CC,16,2
2016,cadillac,escalade,Excellent,Automatic,8,gas,22587,Low CC,20,2
2016,ford,f-150 fx4 crew 4x4,Excellent,Automatic,8,gas,40296,Low CC,31,1
2014,toyota,4runner,Excellent,Automatic,6,gas,115000,Low CC,38,1
2018,gmc,conyon all terrain,Excellent,Automatic,6,gas,9600,Low CC,44,1
2017,toyota,tundra 4wd,Excellent,Automatic,8,gas,84406,Low CC,26,1
2014,cadillac,escalade premium,Excellent,Automatic,8,gas,87875,Low CC,42,1
2016,chevrolet,silverado,Excellent,Automatic,8,diesel,104960,Low CC,19,1
2015,ford,f-150,Excellent,Automatic,8,gas,65339,Low CC,20,1
2015,ford,f150 lariat,Excellent,Automatic,6,gas,59000,Low CC,48,1
2014,toyota,4runner,Excellent,Manual,6,gas,46549,Low CC,20,1
2017,gmc,sierra 1500,Excellent,Manual,8,gas,39000,Low CC,31,1
2017,gmc,acadia,Excellent,Manual,6,gas,35693,Low CC,10,1
2013,ford,f-450 sd,Excellent,Automatic,8,diesel,85025,Low CC,47,1
2017,ford,super duty f-250,Excellent,Manual,8,diesel,90075,Low CC,23,1
2016,mercedes-benz,sprinter pass van,Excellent,Manual,4,diesel,49632,Low CC,18,1
2016,toyota,tundra sr5 trd crewmax,Excellent,Manual,8,gas,73950,Low CC,38,1
2016,chevrolet,silverado 1500 ltz,Excellent,Manual,8,gas,29000,Low CC,48,1
2014,toyota,tundra,Excellent,Automatic,8,gas,98892,Low CC,18,1
2017,toyota,tundra,Excellent,Automatic,8,gas,22537,Low CC,19,1
2017,ram,2500 diesel,Excellent,Manual,6,diesel,75754,Low CC,22,1
2016,jeep,wrangler unlimited sport,Excellent,Automatic,6,gas,35500,Low CC,45,1
2011,ram,4500,Excellent,Automatic,6,diesel,180245,Low CC,25,1
2015,ford,super duty f-250,Excellent,Automatic,8,diesel,108130,Low CC,13,1
2013,ram,3500,Excellent,Automatic,6,diesel,99371,Low CC,13,1
2014,chevrolet,silverado 1500,Excellent,Automatic,8,gas,85141,Low CC,23,1
1957,chevrolet,belair,Excellent,Automatic,8,gas,30,Low CC,25,1
2011,ram,2500,Excellent,Manual,6,diesel,104484,Low CC,15,1
2018,dodge,charger,Excellent,Automatic,8,gas,17000,Low CC,5,1
2009,gmc,sierra 2500hd,Excellent,Manual,8,diesel,131160,Low CC,13,1
2010,mercedes-benz,c 63 amg,Excellent,Automatic,8,gas,54000,Low CC,6,1
2015,ford,f-250 sd,Excellent,Manual,8,gas,114913,Low CC,22,1
2013,ram,2500,Excellent,Manual,6,diesel,66469,Low CC,38,1
2014,ram,2500,Excellent,Automatic,6,gas,80717,Low CC,44,1
2012,ram,2500 laramie diesel truck 4,Excellent,Manual,6,diesel,79732,Low CC,36,1
2014,ram,1500 crew cab 4x4 sport,Excellent,Automatic,8,gas,99985,Low CC,43,1
2015,chevrolet,tahoe,Excellent,Manual,8,gas,118439,Low CC,44,1
2010,chevrolet,corvette,Excellent,Manual,8,gas,21800,Low CC,19,1
2015,gmc,sierra 1500,Excellent,Automatic,8,gas,135874,Low CC,23,1
2011,chevrolet,silverado 2500hd,Excellent,Automatic,8,gas,52451,Low CC,6,1
2014,ford,f250,Excellent,Automatic,8,diesel,74114,Low CC,8,1
2004,chevrolet,corvette z06,Excellent,Manual,8,gas,41000,Low CC,28,1
2015,infiniti,qx60,Excellent,Automatic,6,gas,36923,Low CC,25,1
2015,ford,f-250 sd,Excellent,Automatic,8,gas,66104,Low CC,39,1
2017,ford,expedition xlt 4x4,Excellent,Manual,6,gas,60476,Low CC,24,1
2016,gmc,sierra 2500hd,Excellent,Manual,8,diesel,67000,Low CC,31,1
2015,chevrolet,silverado 3500hd,Excellent,Automatic,8,diesel,155228,Low CC,5,1
2012,ford,f-250 xlt crew cab,Excellent,Automatic,8,diesel,90500,Low CC,27,1
2016,chevrolet,silverado 1500,Excellent,Automatic,8,gas,34392,Low CC,40,1
2014,ram,diesel cummins 2500,Excellent,Manual,6,diesel,80958,Low CC,47,1
1972,toyota,land cruiser,Excellent,Automatic,8,gas,25869,Low CC,48,1
2015,jeep,grand cherokee,Excellent,Automatic,6,gas,46431,Low CC,41,1
2014,toyota,tundra 2wd truck,Excellent,Manual,8,gas,62236,Low CC,39,1
2013,ford,mustang gt supercharged,Excellent,Automatic,8,gas,35550,Low CC,41,1
2013,ford,f-350 sd,Excellent,Automatic,8,diesel,159090,Low CC,38,1
2012,chevrolet,silverado 2500hd,Excellent,Manual,8,gas,79000,Low CC,15,1
2015,chevrolet,silverado 3500hd,Excellent,Manual,8,diesel,100672,Low CC,45,1
2012,ford,f250,Excellent,Manual,8,diesel,83146,Low CC,30,1
2008,ford,f-350 sd,Excellent,Automatic,8,gas,46327,Low CC,25,1
2014,ram,2500,Excellent,Automatic,6,diesel,96275,Low CC,20,1
2018,ford,f250 lariat crew 4x4 diesel,Excellent,Automatic,8,diesel,93296,Low CC,15,1
2018,dodge,journey crossroad,Excellent,Automatic,6,gas,20676,Low CC,34,1
2011,ford,f-350 sd,Excellent,Manual,8,diesel,162217,Low CC,12,1
2018,gmc,savana 2500 cargo van,Excellent,Automatic,8,gas,9521,Low CC,11,1
2017,chevrolet,express,Excellent,Automatic,8,gas,36712,Low CC,8,1
2013,ford,f-150,Excellent,Automatic,8,gas,120973,Low CC,32,1
2016,ram,1500,Excellent,Manual,8,gas,75000,Low CC,40,1
2017,ford,f150 xlt,Excellent,Automatic,6,gas,35584,Low CC,34,1
2016,ford,f-150 xlt,Excellent,Manual,6,gas,16424,Low CC,12,1
2012,ford,f-350 super duty drw,Excellent,Automatic,8,diesel,222000,Low CC,33,1
2018,ram,3500 cab and chassis,Excellent,Automatic,8,gas,3327,Low CC,27,1
2018,ram,2500 st 4x4 dj7l92,Excellent,Manual,8,gas,6301,Low CC,37,1
2015,jeep,wrangler unlimited,Excellent,Automatic,6,gas,49050,Low CC,26,1
2014,ford,f-350 sd,Excellent,Automatic,8,diesel,71515,Low CC,23,1
2013,jaguar,xf supercharged,Excellent,Automatic,6,gas,52000,Low CC,5,1
2014,ram,2500 cummins 4x4,Excellent,Automatic,6,diesel,68000,Low CC,41,1
2018,ram,1500 big horn,Excellent,Manual,8,gas,681,Low CC,29,2
2015,mercedes-benz,cla-45 amg turbo,Excellent,Manual,4,gas,42000,Low CC,32,1
2018,gmc,sierra sle,Excellent,Automatic,8,gas,9068,Low CC,30,1
2015,ram,3500 big horn,Excellent,Manual,6,diesel,91580,Low CC,30,1
2015,gmc,2500,Excellent,Automatic,8,gas,77352,Low CC,30,1
2015,ford,f-150,Excellent,Automatic,6,gas,59874,Low CC,6,1
2006,gmc,c4c042,Excellent,Automatic,6,diesel,43119,Low CC,33,1
2018,cadillac,cts premium luxury,Excellent,Manual,6,gas,11900,Low CC,44,1
2014,ram,2500,Excellent,Automatic,6,diesel,161489,Low CC,7,1
2015,jeep,wrangler,Excellent,Automatic,6,gas,49355,Low CC,19,1
2017,ram,2500,Excellent,Manual,6,diesel,34123,Low CC,34,1
2014,ford,super duty f-250 srw,Excellent,Automatic,8,gas,48569,Low CC,16,1
2014,toyota,tundra,Excellent,Manual,8,gas,104811,Low CC,48,1
2019,jeep,cherokee overland 4x4,Excellent,Automatic,4,gas,18000,Low CC,42,1
1999,chevrolet,grumman,Excellent,Manual,6,diesel,44000,Low CC,6,1
2016,chevrolet,silverado lt 1500,Excellent,Manual,8,gas,42893,Low CC,31,1
2009,mercedes-benz,sl550,Excellent,Manual,8,gas,46320,Low CC,19,1
2014,mitsubishi,lancer evo,Excellent,Automatic,4,gas,32909,Low CC,40,1
2011,ram,2500,Excellent,Manual,6,diesel,120438,Low CC,28,1
2015,ford,f250 lariat,Excellent,Automatic,8,diesel,106501,Low CC,35,1
2014,gmc,sierra 2500hd,Excellent,Automatic,8,diesel,112465,Low CC,40,1
2013,chevrolet,tahoe,Excellent,Automatic,8,gas,66557,Low CC,18,1
2015,chevrolet,silverado 3500,Excellent,Automatic,8,gas,122081,Low CC,43,1
2015,gmc,yukon xl,Excellent,Automatic,8,gas,89000,Low CC,31,1
2014,chevrolet,silverado 1500,Excellent,Manual,8,gas,47000,Low CC,47,1
2012,gmc,sierra 1500 sle,Excellent,Manual,8,gas,49000,Low CC,34,1
2018,mercedes-benz,gla 250,Excellent,Automatic,4,gas,1950,Low CC,18,1
2017,subaru,wrx sti,Excellent,Manual,4,gas,21744,Low CC,46,1
2018,ford,f150,Excellent,Automatic,6,gas,22535,Low CC,44,1
2018,ford,f-250,Excellent,Automatic,8,diesel,23607,Low CC,17,2
2010,chevrolet,silverado lt,Excellent,Automatic,8,diesel,149987,Low CC,46,1
2016,chevrolet,siverado 2500,Excellent,Automatic,8,diesel,123346,Low CC,44,1
2016,jaguar,f type,Excellent,Automatic,6,gas,38161,Low CC,10,1
2006,ford,f-350 sd xl 4wd,Excellent,Automatic,8,diesel,57000,Low CC,37,1
2008,ram,4500,Excellent,Automatic,6,diesel,65264,Low CC,9,1
2018,ford,f-150 xlt supercrew,Excellent,Automatic,8,gas,12890,Low CC,20,1
2014,ram,pickup 1500 laramie,Excellent,Automatic,6,diesel,84532,Low CC,12,1
2018,ford,transit,Excellent,Manual,6,gas,23000,Low CC,28,1
2016,ford,f-150,Excellent,Automatic,6,gas,97000,Low CC,45,1
2018,infiniti,qx80,Excellent,Automatic,8,gas,35333,Low CC,13,1
2016,ram,pickup 2500 tradesman,Excellent,Manual,8,gas,63600,Low CC,46,1
2015,ford,f-150,Excellent,Automatic,6,gas,103749,Low CC,17,1
2014,chevrolet,silverado,Excellent,Automatic,8,gas,59250,Low CC,5,1
2015,ram,1500,Excellent,Manual,6,gas,61181,Low CC,7,1
2017,ford,f250,Excellent,Manual,8,gas,21087,Low CC,18,1
2018,ford,super duty f-250,Excellent,Automatic,8,diesel,29202,Low CC,46,1
2014,toyota,fj cruiser,Excellent,Automatic,6,gas,74000,Low CC,21,1
2011,ford,f-350 sd,Excellent,Automatic,8,diesel,86786,Low CC,50,1
2018,gmc,acadia,Excellent,Automatic,6,gas,29070,Low CC,40,1
2013,rover,sport,Excellent,Automatic,8,gas,49000,Low CC,5,1
2015,toyota,tacoma trd offroad,Excellent,Automatic,6,gas,51513,Low CC,33,1
2018,subaru,wrx limited,Excellent,Manual,4,gas,27273,Low CC,38,1
2017,toyota,tacoma,Excellent,Manual,6,gas,24300,Low CC,31,1
2019,chevrolet,silverado 1500,Excellent,Automatic,8,gas,4433,Low CC,49,1
2013,gmc,sierra 2500hd,Excellent,Automatic,8,gas,80344,Low CC,19,1
2013,ford,f150 fx4 supercrew,Excellent,Automatic,6,gas,51084,Low CC,25,1
2017,cadillac,escalade,Excellent,Automatic,8,gas,72234,Low CC,13,1
2013,ram,2500,Excellent,Automatic,6,diesel,117541,Low CC,25,1
2019,ford,transit wagon,Excellent,Manual,6,gas,2750,Low CC,11,1
2016,ford,f-150 platinum,Excellent,Manual,8,gas,97590,Low CC,27,1
2012,dodge,2500,Excellent,Automatic,6,gas,164569,Low CC,12,1
2017,bmw,540i xdrive,Excellent,Automatic,6,gas,14865,Low CC,23,2
2015,ford,mustang gt,Excellent,Automatic,8,gas,3000,Low CC,34,1
2014,chevrolet,corvette,Excellent,Automatic,8,gas,17000,Low CC,23,1
2014,ram,1500 longhorn,Excellent,Automatic,8,gas,75396,Low CC,34,1
2017,mercedes-benz,benz glc 300 4matic c,Excellent,Manual,4,gas,46258,Low CC,28,1
2016,chevrolet,suburban ltz,Excellent,Automatic,8,gas,34750,Low CC,19,1
2012,chevrolet,silverado 2500hd,Excellent,Automatic,8,diesel,104533,Low CC,14,1
2016,gmc,sierra 1500 kodiak crew,Excellent,Automatic,8,gas,16767,Low CC,16,1
2012,ram,5500,Excellent,Automatic,6,diesel,80123,Low CC,29,1
2015,lexus,nx 200t,Excellent,Manual,4,gas,42161,Low CC,44,1
2018,jeep,grand cherokee,Excellent,Automatic,6,gas,16812,Low CC,26,1
2012,ram,3500,Excellent,Automatic,6,diesel,116000,Low CC,28,1
2015,chevrolet,suburban,Excellent,Manual,8,gas,99394,Low CC,7,1
2017,dodge,grand caravan,Excellent,Automatic,6,gas,3800,Low CC,34,1
2014,ram,3500 laramie mega cab fully,Excellent,Manual,6,diesel,90519,Low CC,31,1
2011,ram,2500,Excellent,Manual,6,diesel,129991,Low CC,38,1
2015,ram,3500,Excellent,Manual,6,diesel,37470,Low CC,43,2
2016,subaru,forester 2.5i limited,Excellent,Automatic,4,gas,210,Low CC,33,1
2012,ram,3500,Excellent,Automatic,6,diesel,87341,Low CC,16,1
2009,mercedes-benz,g550 gwagon,Excellent,Automatic,8,gas,93133,Low CC,8,1
2010,ram,3500,Excellent,Manual,6,diesel,115332,Low CC,13,1
2016,ford,transit wheelchair,Excellent,Automatic,6,gas,74027,Low CC,8,1
2013,jeep,wrangler,Excellent,Automatic,6,gas,37200,Low CC,34,1
2019,ram,promaster,Excellent,Automatic,6,gas,11000,Low CC,42,1
2018,ford,f-150,Excellent,Automatic,6,gas,28309,Low CC,25,1
2014,chevrolet,silverado 1500,Excellent,Automatic,8,gas,65660,Low CC,16,1
2015,gmc,sierra 1500,Excellent,Automatic,8,gas,62700,Low CC,22,1
2013,mercedes-benz,ml amg 63,Excellent,Manual,8,gas,49000,Low CC,14,1
2017,toyota,tacoma,Excellent,Automatic,6,gas,62962,Low CC,26,1
2013,chevrolet,silverado 2500hd,Excellent,Automatic,8,diesel,116522,Low CC,12,1
2017,gmc,sierra 1500 crew cab,Excellent,Automatic,8,gas,72888,Low CC,6,1
2017,gmc,sierra 1500 slt,Excellent,Automatic,8,gas,41058,Low CC,13,1
2014,mercedes-benz,e350,Excellent,Automatic,6,gas,28097,Low CC,26,1
2014,cadillac,escalade,Excellent,Manual,8,gas,67822,Low CC,21,1
2012,ford,f-250 sd,Excellent,Manual,8,diesel,121274,Low CC,46,1
2017,nissan,titan xd,Excellent,Automatic,8,diesel,26000,Low CC,19,1
2017,jeep,wrangler,Excellent,Manual,6,gas,31202,Low CC,5,1
2019,chevrolet,suburban,Excellent,Automatic,8,gas,4716,Low CC,25,2
2016,chevrolet,silverado 1500,Excellent,Manual,8,gas,23298,Low CC,21,1
2017,ford,f-250 xlt lifted,Excellent,Manual,8,diesel,24615,Low CC,39,1
2015,infiniti,q70-l,Excellent,Manual,6,gas,34500,Low CC,49,1
2012,ford,f250,Excellent,Automatic,8,diesel,101555,Low CC,29,1
2015,ram,2500,Excellent,Automatic,6,diesel,57689,Low CC,39,1
2014,ram,pickup 1500 laramie,Excellent,Automatic,6,diesel,84532,Low CC,6,1
2016,gmc,sierra 3500hd,Excellent,Automatic,8,diesel,54096,Low CC,12,1
2015,ford,super duty f-250,Excellent,Manual,8,diesel,108130,Low CC,48,1
2018,chevrolet,silverado 1500 lt,Excellent,Manual,8,gas,44375,Low CC,40,1
2018,subaru,outback,Excellent,Automatic,4,gas,5446,Low CC,24,1
2019,ford,f-150,Excellent,Automatic,6,gas,2345,Low CC,17,1
2012,ford,f-250 super duty,Excellent,Automatic,8,diesel,148888,Low CC,24,1
2018,gmc,sierra sle,Excellent,Automatic,8,gas,9068,Low CC,33,1
2014,ford,f150 fx4,Excellent,Automatic,8,gas,83500,Low CC,38,1
2018,gmc,yukon,Excellent,Manual,8,gas,36843,Low CC,29,1
2012,ford,super duty f-350 drw,Excellent,Automatic,8,diesel,84310,Low CC,36,1
2017,chevrolet,2500,Excellent,Automatic,8,diesel,51322,Low CC,24,1
2017,ford,f 550,Excellent,Manual,8,diesel,30685,Low CC,45,2
2012,chevrolet,silverado 2500hd,Excellent,Automatic,8,gas,79000,Low CC,8,1
2011,ford,super duty f-250 srw,Excellent,Automatic,8,diesel,0,Low CC,22,1
2012,ford,f-250 sd,Excellent,Automatic,8,diesel,149476,Low CC,50,1
2015,ford,f-150 crew cab fx4,Excellent,Automatic,8,gas,82000,Low CC,37,1
2011,ford,f250,Excellent,Automatic,8,diesel,108444,Low CC,15,1
2002,ford,thunderbird,Excellent,Manual,8,gas,7063,Low CC,34,1
2016,chevrolet,silverado 2500,Excellent,Manual,8,diesel,28032,Low CC,14,2
2016,gmc,acadia denali,Excellent,Automatic,6,gas,35000,Low CC,22,1
2016,cadillac,ats-v,Excellent,Manual,6,gas,245,Low CC,41,1
2015,cadillac,escalade,Excellent,Automatic,8,gas,77164,Low CC,20,1
2018,ram,1500,Excellent,Automatic,8,gas,37003,Low CC,18,1
2014,gmc,2500hd sierra denali duramax,Excellent,Automatic,8,diesel,118269,Low CC,40,1
1936,ford,club cabriolet,Excellent,Automatic,8,gas,4289,Low CC,13,2
2018,ford,f-150,Excellent,Automatic,8,gas,70090,Low CC,16,1
1956,ford,f-100,Excellent,Automatic,8,gas,10000,Low CC,9,1
2012,ford,mustang,Excellent,Manual,8,gas,46088,Low CC,47,1
2009,ford,shelby mustang gt500,Excellent,Manual,8,gas,92000,Low CC,14,1
2017,buick,enclave,Excellent,Manual,6,gas,20012,Low CC,10,1
2016,toyota,tundra,Excellent,Manual,8,gas,45000,Low CC,9,1
2008,ram,cummins,Excellent,Automatic,6,diesel,90600,Low CC,20,1
2015,chevrolet,silverado 3500hd,Excellent,Manual,8,diesel,88011,Low CC,12,1
2016,ram,1500,Excellent,Automatic,8,gas,77350,Low CC,18,1
2014,toyota,tundra,Excellent,Manual,8,gas,90400,Low CC,47,1
1955,ford,#NAME?,Excellent,Manual,8,gas,62492,Low CC,31,1
2015,ford,explorer,Excellent,Manual,6,gas,83219,Low CC,23,1
2018,ford,f-150,Excellent,Automatic,6,gas,35000,Low CC,8,1
2016,ford,f150 super crew xlt fx4,Excellent,Automatic,6,gas,115666,Low CC,18,1
2012,ram,3500 cummins 4x4,Excellent,Automatic,6,diesel,125553,Low CC,36,1
2011,ram,2500,Excellent,Automatic,6,diesel,124117,Low CC,25,1
2016,ford,explorer,Excellent,Automatic,6,gas,29215,Low CC,20,1
2013,ford,f-350 diesel,Excellent,Automatic,8,gas,23700,Low CC,41,1
2016,jeep,wrangler,Excellent,Manual,6,gas,12515,Low CC,42,1
2017,toyota,tacoma,Excellent,Automatic,6,gas,50841,Low CC,38,1
2016,gmc,2500 sierra slt,Excellent,Automatic,8,diesel,91000,Low CC,12,1
2015,cadillac,escalade esv,Excellent,Manual,8,gas,60000,Low CC,35,1
2015,ford,f-150,Excellent,Automatic,6,gas,123313,Low CC,15,1
2018,chevrolet,tahoe,Excellent,Automatic,8,gas,34085,Low CC,13,1
2017,audi,a6 3.0t quattro,Excellent,Automatic,6,gas,15000,Low CC,47,1
2019,gmc,sierra,Excellent,Automatic,8,gas,9144,Low CC,45,1
2017,ford,transit,Excellent,Manual,6,gas,60795,Low CC,48,1
2017,chevrolet,corvette,Excellent,Manual,8,gas,1983,Low CC,45,2
2015,toyota,tacoma,Excellent,Manual,6,gas,44836,Low CC,34,1
2011,ford,f-350 sd,Excellent,Automatic,8,diesel,164742,Low CC,16,1
2018,ram,1500,Excellent,Automatic,8,gas,37003,Low CC,10,1
2015,jeep,wrangler,Excellent,Automatic,6,gas,36098,Low CC,9,1
2017,dodge,durango,Excellent,Automatic,6,gas,31300,Low CC,25,1
2019,dodge,durango,Excellent,Automatic,6,gas,14723,Low CC,7,1
2015,toyota,tacoma trd sport,Excellent,Automatic,6,gas,52400,Low CC,36,1
2015,chevrolet,tahoe lt,Excellent,Automatic,8,gas,55774,Low CC,37,1
2015,chevrolet,silverado 3500hd,Excellent,Automatic,8,diesel,103335,Low CC,22,1
2014,gmc,sierra 1500,Excellent,Manual,8,gas,85555,Low CC,34,1
2012,ford,f250,Excellent,Automatic,8,diesel,86131,Low CC,41,1
2012,ford,f-350 crew cab,Excellent,Manual,8,diesel,113876,Low CC,35,1
2018,toyota,tacoma,Excellent,Manual,6,gas,44,Low CC,40,1
2016,ram,2500,Excellent,Automatic,6,diesel,103915,Low CC,37,1
2016,ford,f-150 xlt,Excellent,Automatic,6,gas,38254,Low CC,43,1
2017,ram,3500,Excellent,Automatic,6,diesel,38000,Low CC,26,1
2016,ford,f150 lariat,Excellent,Manual,8,gas,52750,Low CC,41,1
2012,chevrolet,silverado 2500hd,Excellent,Manual,8,gas,214791,Low CC,9,1
2014,audi,a7 prestige,Excellent,Manual,6,gas,42542,Low CC,21,1
2018,chevrolet,silverado 2500hd,Excellent,Automatic,8,diesel,23986,Low CC,44,2
2008,ford,f-450 super cab,Excellent,Manual,8,diesel,135049,Low CC,9,1
2012,jeep,wrangler sahara,Excellent,Automatic,6,gas,7483,Low CC,50,1
2013,ford,mustang gt supercharged,Excellent,Automatic,8,gas,35550,Low CC,9,1
2018,chevrolet,silverado 2500 hd,Excellent,Manual,8,diesel,425,Low CC,33,2
2015,ram,2500 crew cab,Excellent,Manual,8,gas,131136,Low CC,43,1
2008,ford,f-350 sd,Excellent,Manual,8,gas,46327,Low CC,27,1
2017,ford,f250,Excellent,Automatic,8,diesel,7569,Low CC,14,2
2015,toyota,highlander,Excellent,Automatic,6,gas,39688,Low CC,27,1
2018,ford,f150,Excellent,Automatic,6,gas,15359,Low CC,18,1
2018,jeep,wrangler jk,Excellent,Automatic,6,gas,19376,Low CC,21,1
2018,ford,f-250,Excellent,Automatic,8,diesel,8711,Low CC,28,1
1999,ford,f450,Excellent,Automatic,8,diesel,211000,Low CC,25,1
2014,chevrolet,silverado 1500 lifted,Excellent,Automatic,8,gas,55000,Low CC,18,1
2011,ford,f-350,Excellent,Manual,8,diesel,94844,Low CC,30,1
2019,chevrolet,silverado 1500,Excellent,Manual,8,gas,4390,Low CC,21,2
2011,ford,f350,Excellent,Automatic,8,diesel,182028,Low CC,37,1
2016,nissan,frontier sl crew cab,Excellent,Automatic,8,gas,27065,Low CC,35,1
2015,ram,3500 hd,Excellent,Automatic,8,gas,46000,Low CC,38,1
2018,ford,super duty f-250,Excellent,Manual,8,diesel,64886,Low CC,18,1
2017,gmc,sierra 1500,Excellent,Automatic,8,gas,39000,Low CC,5,1
2013,ford,f-150,Excellent,Automatic,8,gas,119258,Low CC,49,1
2016,chevrolet,silverado,Excellent,Manual,8,gas,71372,Low CC,38,1
2017,bmw,530i m sport,Excellent,Manual,4,gas,15439,Low CC,49,1
2014,chevrolet,silverado 1500,Excellent,Automatic,8,gas,92018,Low CC,27,1
2016,chevrolet,silverado,Excellent,Manual,8,diesel,104960,Low CC,9,1
2017,ram,1500,Excellent,Manual,8,gas,28025,Low CC,37,1
2015,jaguar,xj,Excellent,Automatic,6,gas,71797,Low CC,5,1
2019,chevrolet,silverado 1500,Excellent,Manual,8,gas,3530,Low CC,36,1
2016,gmc,acadia denali,Excellent,Automatic,6,gas,70071,Low CC,28,1
2011,lexus,ls 460,Excellent,Automatic,8,gas,47500,Low CC,12,1
2015,ford,f-150,Excellent,Automatic,6,gas,114342,Low CC,23,1
2012,jeep,wrangler unlimited rubicon,Excellent,Manual,6,gas,38400,Low CC,20,1
1990,chevrolet,c/k 1500,Excellent,Automatic,8,gas,1,Low CC,28,1
2011,ram,2500,Excellent,Automatic,8,diesel,100661,Low CC,14,1
1964,pontiac,gto,Excellent,Automatic,8,gas,71732,Low CC,34,1
2014,chevrolet,3500 silverado,Excellent,Automatic,8,diesel,147651,Low CC,23,1
2004,subaru,wrx sti,Excellent,Automatic,4,gas,144800,Low CC,42,1
2016,ford,transit wagon,Excellent,Automatic,6,gas,79000,Low CC,7,1
2018,toyota,tundra,Excellent,Manual,8,gas,22225,Low CC,28,1
2016,cadillac,escalade,Excellent,Automatic,8,gas,22587,Low CC,22,2
2016,toyota,tacoma,Excellent,Automatic,6,gas,42000,Low CC,34,1
2012,chevrolet,silverado 2500hd,Excellent,Manual,8,gas,101770,Low CC,33,1
2017,chevrolet,silverado 1500,Excellent,Manual,8,gas,39000,Low CC,44,1
1975,ford,bronco,Excellent,Manual,8,gas,0,Low CC,21,2
2015,chevrolet,silverado ltz,Excellent,Automatic,8,gas,17913,Low CC,48,1
2017,toyota,tacoma,Excellent,Manual,6,gas,62962,Low CC,5,1
2017,toyota,tundra,Excellent,Automatic,8,gas,30000,Low CC,16,1
2017,chevrolet,silverado 1500,Excellent,Automatic,8,gas,20992,Low CC,24,1
2016,ford,f-350,Excellent,Automatic,8,diesel,135000,Low CC,21,1
2016,ram,2500,Excellent,Automatic,6,diesel,5997,Low CC,39,1
2016,ram,2500,Excellent,Automatic,6,diesel,64398,Low CC,19,1
2012,toyota,tundra,Excellent,Manual,8,gas,65807,Low CC,12,1
2018,ram,1500 big horn,Excellent,Automatic,8,gas,681,Low CC,22,2
2016,chevrolet,silverado 2500,Excellent,Automatic,8,gas,95014,Low CC,15,1
2016,ford,1/2 t crew cab xlt 4x4,Excellent,Manual,6,gas,45531,Low CC,15,1
2016,ford,econoline,Excellent,Automatic,8,gas,47213,Low CC,46,1
2016,ford,f-350 sd,Excellent,Manual,8,diesel,154446,Low CC,30,1
2009,ram,3500,Excellent,Manual,6,diesel,91776,Low CC,38,1
2011,chevrolet,silverado 2500hd 4wd,Excellent,Automatic,8,diesel,113020,Low CC,38,1
2015,jeep,wrangler unlimited,Excellent,Manual,6,gas,74275,Low CC,26,1
2016,ford,transit wagon,Excellent,Automatic,6,gas,79000,Low CC,29,1
2016,ram,2500,Excellent,Manual,6,diesel,15734,Low CC,26,2
2014,chevrolet,silverado 1500,Excellent,Manual,8,gas,46850,Low CC,28,1
2017,ram,1500,Excellent,Automatic,8,gas,27276,Low CC,42,1
2016,cadillac,escalade,Excellent,Automatic,8,gas,54819,Low CC,23,1
2014,chevrolet,silverado 1500,Excellent,Automatic,8,gas,67114,Low CC,8,1
2016,ford,shelby gt350,Excellent,Automatic,8,gas,235,Low CC,34,2
2015,gmc,sierra 2500hd,Excellent,Automatic,8,diesel,143233,Low CC,42,1
2018,toyota,4 runner,Excellent,Automatic,6,gas,4400,Low CC,16,1
2018,ford,transit passenger wagon,Excellent,Automatic,6,gas,25184,Low CC,37,1
2016,gmc,sierra 1500,Excellent,Automatic,8,gas,30361,Low CC,44,1
2015,ford,superduty f-350 platinum deleted,Excellent,Automatic,8,diesel,78916,Low CC,49,1
2015,chevrolet,tahoe,Excellent,Automatic,8,gas,91000,Low CC,18,1
2014,mitsubishi,lancer evolution,Excellent,Manual,4,gas,19000,Low CC,32,1
2016,chevrolet,silverado 3500,Excellent,Automatic,8,diesel,51182,Low CC,33,1
2016,ram,2500,Excellent,Automatic,6,diesel,74508,Low CC,21,1
2015,toyota,tundra,Excellent,Automatic,8,gas,83500,Low CC,41,1
2016,chevrolet,silverado 2500,Excellent,Automatic,8,gas,94361,Low CC,6,1
2017,ford,f150 super crew,Excellent,Manual,6,gas,21911,Low CC,34,1
2015,ram,2500,Excellent,Automatic,8,gas,38986,Low CC,46,1
2016,audi,q5,Excellent,Automatic,4,gas,38931,Low CC,25,1
2015,ford,f150,Excellent,Automatic,6,gas,33000,Low CC,43,1
2017,chevrolet,express,Excellent,Automatic,8,gas,35228,Low CC,41,1
2018,ford,f350,Excellent,Automatic,8,diesel,33200,Low CC,50,1
2018,chevrolet,silverado lt 4x4,Excellent,Automatic,8,gas,25440,Low CC,45,1
2013,jeep,wrangler,Excellent,Automatic,6,gas,47860,Low CC,30,1
2016,chevrolet,colorado,Excellent,Automatic,6,gas,50364,Low CC,36,1
2018,acura,mdx sh-awd,Excellent,Automatic,6,gas,7845,Low CC,18,1
2015,gmc,yukon xl,Excellent,Automatic,8,gas,89000,Low CC,36,1
2015,gmc,sierra 2500hd,Excellent,Automatic,8,diesel,143233,Low CC,38,1
2017,ford,expedition xlt 4x4,Excellent,Automatic,6,gas,60476,Low CC,8,1
2019,chevrolet,silverado 1500,Excellent,Automatic,8,gas,8829,Low CC,13,1
2016,lexus,gx 460,Excellent,Automatic,8,gas,68304,Low CC,48,1
2005,ram,3500 1ton diesel 4x4,Excellent,Automatic,6,diesel,32791,Low CC,24,1
2014,ram,2500,Excellent,Manual,8,gas,100001,Low CC,19,1
2012,ram,3500,Excellent,Automatic,8,diesel,100210,Low CC,39,1
2016,ford,f350,Excellent,Automatic,8,diesel,75369,Low CC,33,1
2016,mercedes-benz,benz c300 awd,Excellent,Manual,6,gas,24909,Low CC,20,1
2015,gmc,sierra 2500hd,Excellent,Automatic,8,diesel,110800,Low CC,22,1
2016,chevrolet,silverado,Excellent,Manual,8,diesel,104960,Low CC,18,1
2019,chevrolet,silverado 1500,Excellent,Automatic,8,gas,3543,Low CC,19,1
2018,toyota,tacoma tdr,Excellent,Automatic,6,gas,14000,Low CC,26,1
2015,chevrolet,silverado,Excellent,Automatic,8,gas,32020,Low CC,23,1
2018,chevrolet,silverado 1500,Excellent,Automatic,8,gas,10,Low CC,42,1
1990,nissan,skyline gtr,Excellent,Automatic,6,gas,83885,Low CC,46,1
2010,chevrolet,silverado lt,Excellent,Automatic,8,diesel,149987,Low CC,21,1
2012,chrysler,200,Excellent,Manual,4,gas,79955,Low CC,29,2
2019,dodge,grand caravan gt,Excellent,Automatic,6,gas,11516,Low CC,9,1
2006,chevrolet,silverado 3500,Excellent,Automatic,8,diesel,82740,Low CC,12,1
2015,chevrolet,tahoe,Excellent,Manual,8,gas,105918,Low CC,20,1
2014,chevrolet,silverado 1500,Excellent,Automatic,8,gas,69750,Low CC,29,1
2016,toyota,tundra sr5 lifted,Excellent,Manual,8,gas,31249,Low CC,44,1
2017,jaguar,xf,Excellent,Automatic,6,gas,4318,Low CC,27,1
2018,subaru,crosstrek ltd,Excellent,Automatic,4,gas,13000,Low CC,11,1
2011,ford,f-150,Excellent,Automatic,8,gas,33950,Low CC,32,1
2015,gmc,sierra,Excellent,Automatic,8,diesel,15273,Low CC,26,1
2018,ram,2500,Excellent,Automatic,8,gas,12912,Low CC,32,1
2016,ford,f150 lariat,Excellent,Automatic,6,gas,21750,Low CC,50,1
2018,ford,transit cargo,Excellent,Manual,6,gas,51541,Low CC,21,1
2014,chevrolet,silverado 1500,Excellent,Automatic,8,gas,85141,Low CC,38,1
2015,chevrolet,corvette,Excellent,Manual,8,gas,30959,Low CC,18,1
2017,ford,f150 super crew,Excellent,Automatic,6,gas,21911,Low CC,46,1
2018,chevrolet,corvette,Excellent,Manual,8,gas,1400,Low CC,10,2
2017,nissan,titan,Excellent,Automatic,8,gas,33929,Low CC,44,1
2015,toyota,sienna,Excellent,Automatic,6,gas,29840,Low CC,33,1
2015,ram,2500,Excellent,Manual,8,gas,38986,Low CC,7,1
2015,audi,q7,Excellent,Automatic,6,gas,64344,Low CC,19,1
2018,chevrolet,silverado lt 4x4,Excellent,Manual,8,gas,31224,Low CC,13,1
2019,toyota,tacoma,Excellent,Manual,6,gas,3904,Low CC,31,1
2016,ford,transit wagon,Excellent,Manual,6,gas,79000,Low CC,13,1
2011,ford,f-250 sd,Excellent,Manual,8,diesel,183450,Low CC,9,1
2011,cadillac,ctsv coupe,Excellent,Manual,8,gas,112806,Low CC,18,1
2012,ram,3500,Excellent,Automatic,6,diesel,80504,Low CC,10,1
2018,jeep,wrangler,Excellent,Automatic,6,gas,8862,Low CC,22,1
2014,gmc,sierra 2500hd,Excellent,Automatic,8,diesel,112465,Low CC,8,1
2015,toyota,highlander,Excellent,Automatic,6,gas,39688,Low CC,20,1
2017,cadillac,escalade,Excellent,Automatic,8,gas,7000,Low CC,30,2
2014,ram,2500,Excellent,Manual,6,diesel,88227,Low CC,43,1
2014,ram,2500,Excellent,Manual,8,gas,121437,Low CC,21,1
2017,gmc,sierra 1500,Excellent,Manual,8,gas,28639,Low CC,44,1
2017,subaru,wrx,Excellent,Manual,4,gas,16500,Low CC,28,1
2014,toyota,highlander xle,Excellent,Automatic,6,gas,62171,Low CC,22,1
2013,ford,mustang boss 302,Excellent,Manual,8,gas,8625,Low CC,12,1
2012,ram,3500 long bed diesel truck,Excellent,Automatic,6,diesel,80504,Low CC,30,1
2017,mercedes-benz,gla 250,Excellent,Automatic,4,gas,38197,Low CC,32,1
2015,ram,deisel cummins 3500,Excellent,Automatic,6,diesel,116500,Low CC,22,1
2017,ford,f350 lariat 4x4 diesel,Excellent,Manual,8,diesel,127686,Low CC,27,1
2018,chevrolet,silverado z71 lt 4x4,Excellent,Manual,8,gas,21000,Low CC,20,1
2016,ford,super duty f-250,Excellent,Automatic,8,diesel,106096,Low CC,19,1
2016,chevrolet,silverado 1500,Excellent,Automatic,8,gas,30311,Low CC,40,1
2015,gmc,sierra 1500 denali,Excellent,Manual,8,gas,101101,Low CC,16,1
2018,ford,f150,Excellent,Manual,6,gas,12966,Low CC,25,1
2015,cadillac,escalade esv,Excellent,Manual,8,gas,60000,Low CC,43,1
2012,ram,2500,Excellent,Manual,6,diesel,130142,Low CC,31,1
2016,ford,explorer,Excellent,Automatic,4,gas,47162,Low CC,21,1
2015,chevrolet,silverado 3500hd,Excellent,Automatic,8,diesel,76260,Low CC,49,1
2015,ford,f-150,Excellent,Automatic,6,gas,44151,Low CC,38,1
2018,ram,2500 laramie,Excellent,Automatic,8,diesel,11257,Low CC,5,2
2012,dodge,3500,Excellent,Automatic,6,gas,125778,Low CC,38,1
2017,gmc,sierra 1500,Excellent,Manual,8,gas,33952,Low CC,38,1
2015,ram,3500,Excellent,Manual,6,diesel,96502,Low CC,32,1
2015,ford,f-150,Excellent,Automatic,6,gas,38702,Low CC,17,1
2009,chevrolet,hd2500 silverado ltz,Excellent,Automatic,8,diesel,50000,Low CC,27,1
2019,ford,f-150,Excellent,Automatic,6,gas,2259,Low CC,42,1
2017,ford,super duty f-250 srw,Excellent,Automatic,8,diesel,123271,Low CC,43,2
2014,ford,f-550 flatbed,Excellent,Manual,8,diesel,193300,Low CC,48,1
2019,ford,transit-350,Excellent,Automatic,6,gas,4254,Low CC,35,1
2015,gmc,yukon,Excellent,Automatic,8,gas,121451,Low CC,11,1
2011,ford,f250,Excellent,Manual,8,diesel,108444,Low CC,43,1
2017,chevrolet,silverado 3500,Excellent,Manual,8,gas,29576,Low CC,8,1
2011,ford,f-350,Excellent,Automatic,8,diesel,93345,Low CC,16,1
2016,ram,1500 quad cab,Excellent,Automatic,6,diesel,29000,Low CC,9,1
2015,gmc,sierra 1500,Excellent,Manual,8,gas,26027,Low CC,45,1
2015,jeep,wrangler,Excellent,Automatic,6,gas,49050,Low CC,19,1
2012,ford,mustang,Excellent,Automatic,8,gas,13135,Low CC,10,1
2018,mercedes-benz,gla,Excellent,Manual,4,gas,28906,Low CC,44,1
2015,toyota,tundra 4wd truck,Excellent,Manual,8,gas,47199,Low CC,15,1
2016,rover,supercharged hse,Excellent,Automatic,6,gas,35000,Low CC,32,2
2014,nissan,titan,Excellent,Manual,8,gas,24750,Low CC,7,1
2018,mercedes-benz,glc300 coupe,Excellent,Automatic,4,gas,14400,Low CC,26,1
1969,chevrolet,cst 20,Excellent,Automatic,8,gas,21000,Low CC,37,1
2018,chevrolet,silverado 2500 hd,Excellent,Manual,6,gas,11500,Low CC,44,2
2012,ford,f-350 super duty king ranc,Excellent,Automatic,8,diesel,65096,Low CC,12,1
2018,ford,f150 supercrew cab,Excellent,Manual,8,gas,20000,Low CC,31,1
2017,kia,sorento sx,Excellent,Automatic,6,gas,50000,Low CC,9,1
2016,ford,explorer,Excellent,Manual,6,gas,36206,Low CC,43,1
2017,chevrolet,silverado,Excellent,Automatic,8,gas,38140,Low CC,29,1
2017,ford,transit,Excellent,Automatic,6,gas,17528,Low CC,16,2
2016,ford,transit,Excellent,Automatic,6,gas,2324,Low CC,11,1
2015,jaguar,xj,Excellent,Automatic,6,gas,71797,Low CC,12,1
1967,chevrolet,chevelle,Excellent,Automatic,8,gas,39057,Low CC,37,1
2016,ram,2500,Excellent,Automatic,6,diesel,108761,Low CC,11,1
2017,ford,f-150,Excellent,Manual,8,gas,84150,Low CC,48,1
2014,ram,3500,Excellent,Automatic,6,diesel,57400,Low CC,27,1
2016,toyota,tacoma,Excellent,Manual,6,gas,62000,Low CC,15,1
2008,ford,f350,Excellent,Manual,8,diesel,86466,Low CC,11,1
2006,gmc,c4c042,Excellent,Automatic,6,diesel,43119,Low CC,50,1
2015,ford,f-150,Excellent,Automatic,6,gas,63457,Low CC,45,1
2011,ford,f-350 sd,Excellent,Manual,8,diesel,168425,Low CC,35,1
2013,ford,f 150,Excellent,Manual,8,gas,90490,Low CC,5,1
2016,ford,explorer platinum,Excellent,Manual,6,gas,25531,Low CC,37,1
2018,ford,transit,Excellent,Automatic,6,gas,16692,Low CC,6,1
2010,chevrolet,silverado lt,Excellent,Manual,8,diesel,149987,Low CC,24,1
2016,ford,transit,Excellent,Automatic,6,gas,105575,Low CC,31,1
2015,chevrolet,tahoe,Excellent,Automatic,8,gas,103972,Low CC,17,1
2015,gmc,sierra 1500,Excellent,Automatic,8,gas,44047,Low CC,26,1
2012,gmc,sierra denali 1500,Excellent,Automatic,8,gas,57794,Low CC,6,1
2014,ford,f-250 sd,Excellent,Manual,8,gas,74566,Low CC,19,1
2019,ford,transit 250 ec cargo van,Excellent,Manual,6,gas,15582,Low CC,42,1
2015,dodge,challenger,Excellent,Manual,8,gas,41900,Low CC,16,1
2018,nissan,titan,Excellent,Manual,8,gas,5902,Low CC,37,1
2016,dodge,charger,Excellent,Automatic,8,gas,7745,Low CC,32,2
2018,chevrolet,conversion van,Excellent,Automatic,6,gas,21500,Low CC,8,2
2015,hyundai,genesis,Excellent,Automatic,6,gas,12000,Low CC,22,1
2017,jeep,wrangler unlimited,Excellent,Manual,6,gas,25000,Low CC,25,1
2015,ford,f-350 crew cab,Excellent,Automatic,8,gas,48844,Low CC,19,1
2015,chevrolet,silverado 1500,Excellent,Automatic,8,diesel,71496,Low CC,44,1
2013,ford,superduty,Excellent,Automatic,8,diesel,75727,Low CC,47,1
2016,ford,transit wagon,Excellent,Automatic,6,gas,79000,Low CC,15,1
2015,chevrolet,tahoe,Excellent,Automatic,8,gas,103498,Low CC,8,1
2015,ford,mustang gt,Excellent,Automatic,8,gas,21500,Low CC,16,1
2017,ford,super duty f-250 srw,Excellent,Manual,8,diesel,79711,Low CC,35,1
2017,ford,transit,Excellent,Automatic,6,gas,60795,Low CC,50,1
2014,chevrolet,silverado 3500hd,Excellent,Automatic,8,gas,51361,Low CC,9,1
2013,bmw,535i,Excellent,Manual,6,gas,60000,Low CC,26,1
2016,ford,mustang gt,Excellent,Manual,8,gas,8944,Low CC,11,1
2016,ford,super duty f-250,Excellent,Manual,8,diesel,106096,Low CC,35,1
2015,chevrolet,suburban,Excellent,Manual,8,gas,99394,Low CC,36,1
1967,chevrolet,corvette,Excellent,Automatic,8,gas,68188,Low CC,11,2
2007,ford,shelby,Excellent,Automatic,8,gas,10606,Low CC,32,1
2017,gmc,sierra 1500,Excellent,Manual,8,gas,21152,Low CC,41,1
2014,toyota,tundra,Excellent,Automatic,8,gas,82000,Low CC,44,1
2011,ford,f-350,Excellent,Manual,8,diesel,93345,Low CC,44,1
2011,gmc,sierra 2500hd,Excellent,Automatic,8,diesel,154775,Low CC,36,1
2012,ram,5500 4x4 cummins,Excellent,Automatic,6,diesel,214173,Low CC,6,1
2012,ford,f350,Excellent,Manual,8,diesel,119008,Low CC,48,1
2014,ram,1500 rt,Excellent,Manual,8,gas,42009,Low CC,12,1
2017,jeep,wrangler,Excellent,Automatic,6,gas,31658,Low CC,41,1
2018,ford,edge,Excellent,Automatic,6,gas,10642,Low CC,6,1
2017,dodge,challenger srt,Excellent,Manual,8,gas,11032,Low CC,50,2
2015,ford,f-150,Excellent,Manual,6,gas,70000,Low CC,49,1
2016,ram,4500,Excellent,Manual,6,diesel,12015,Low CC,27,1
2012,chevrolet,silverado 2500 hd,Excellent,Automatic,8,diesel,158303,Low CC,43,1
2014,ram,2500,Excellent,Manual,6,diesel,150050,Low CC,32,1
2016,ram,1500,Excellent,Automatic,8,gas,75000,Low CC,25,1
2017,ford,transit,Excellent,Automatic,6,gas,51406,Low CC,34,1
2016,toyota,tundra,Excellent,Manual,8,gas,49391,Low CC,39,1
2015,cadillac,escalade esv,Excellent,Automatic,8,gas,60000,Low CC,29,1
2018,ford,f150 lifted 4wd supercrew,Excellent,Manual,6,gas,20553,Low CC,25,1
2016,dodge,challenger r/t shaker,Excellent,Automatic,8,gas,19000,Low CC,30,1
2018,ram,1500,Excellent,Manual,8,gas,16000,Low CC,24,1
2015,ford,f150,Excellent,Automatic,8,gas,63355,Low CC,5,1
2014,ford,raptor,Excellent,Manual,8,gas,135800,Low CC,39,1
2014,toyota,4runner,Excellent,Automatic,6,gas,60325,Low CC,47,1
2013,ford,f-150,Excellent,Automatic,8,gas,120973,Low CC,41,1
2013,ford,f-350 sd,Excellent,Automatic,8,diesel,159090,Low CC,24,1
2006,ram,2500,Excellent,Automatic,6,diesel,106633,Low CC,30,1
2015,toyota,highlander,Excellent,Manual,6,gas,39688,Low CC,41,1
2012,ram,3500 cummins,Excellent,Automatic,6,diesel,12553,Low CC,30,1
2012,ram,2500,Excellent,Automatic,6,diesel,66000,Low CC,21,1
2016,ford,mustang gt350,Excellent,Manual,8,gas,5674,Low CC,37,1
2011,gmc,acadia,Excellent,Automatic,6,gas,86670,Low CC,34,2
2017,ford,f-750,Excellent,Manual,8,diesel,147562,Low CC,41,1
2018,ford,f150,Excellent,Manual,6,gas,15359,Low CC,34,1
2016,jeep,wrangler unlimited,Excellent,Automatic,6,gas,49500,Low CC,10,1
2017,ford,f350 dually kr 4x4 diesel,Excellent,Automatic,8,diesel,152955,Low CC,20,1
2012,ram,2500,Excellent,Automatic,6,diesel,66000,Low CC,18,1
2013,ram,2500,Excellent,Manual,6,diesel,67000,Low CC,48,1
2011,ford,f-350 sd,Excellent,Manual,8,diesel,86786,Low CC,12,1
2017,ram,3500 big horn,Excellent,Manual,8,diesel,4700,Low CC,19,2
2019,ram,1500 classic,Excellent,Automatic,8,gas,13280,Low CC,49,1
2016,jaguar,f-type r,Excellent,Automatic,8,gas,32000,Low CC,24,2
2016,dodge,grand caravan,Excellent,Automatic,6,gas,25700,Low CC,35,1
2009,chevrolet,3500hd 4x4,Excellent,Automatic,8,gas,148800,Low CC,30,1
2012,ford,f350,Excellent,Automatic,8,diesel,119008,Low CC,34,1
2016,rover,lr4 hse,Excellent,Automatic,6,gas,28615,Low CC,42,1
2016,rover,sport hse,Excellent,Automatic,6,gas,44878,Low CC,27,1
2011,ford,f-350 sd,Excellent,Automatic,8,diesel,168425,Low CC,49,1
2017,mercedes-benz,sprinter,Excellent,Manual,6,diesel,400,Low CC,21,2
2016,ford,f-150,Excellent,Manual,6,gas,26649,Low CC,27,1
2012,ram,3500 laramie diesel truck 4,Excellent,Manual,6,diesel,86144,Low CC,21,1
2011,ford,f350,Excellent,Automatic,8,diesel,112000,Low CC,22,1
2012,jeep,wrangler unlimited rubicon,Excellent,Automatic,6,gas,96927,Low CC,13,1
2011,ford,e-350,Excellent,Automatic,8,gas,34498,Low CC,31,1
1958,ford,fairlane 500 skyliner,Excellent,Automatic,8,gas,24738,Low CC,25,1
2017,ram,3500,Excellent,Automatic,8,gas,41781,Low CC,13,1
2013,rover,sport,Excellent,Automatic,8,gas,65570,Low CC,14,1
2008,ford,f450,Excellent,Manual,8,diesel,41442,Low CC,11,1
1996,bmw,m3,Excellent,Automatic,6,gas,20000,Low CC,19,1
2016,ram,2500,Excellent,Manual,6,diesel,38129,Low CC,42,1
2018,ram,2500,Excellent,Manual,8,gas,12912,Low CC,18,1
2016,gmc,yukon,Excellent,Manual,8,gas,83821,Low CC,31,1
2015,ford,f-150,Excellent,Automatic,6,gas,102991,Low CC,46,1
2018,ford,transit-250,Excellent,Manual,6,gas,23069,Low CC,45,1
2014,bmw,4 series 435 i,Excellent,Manual,6,gas,44526,Low CC,15,1
2017,ford,f150,Excellent,Automatic,6,gas,49010,Low CC,21,1
2015,toyota,tacoma,Excellent,Manual,6,gas,49735,Low CC,44,1
2015,mercedes-benz,sprinter cargo vans,Excellent,Manual,4,diesel,13337,Low CC,40,1
2019,chevrolet,silverado 1500 ld,Excellent,Automatic,8,gas,3703,Low CC,5,1
2012,ram,5500,Excellent,Manual,6,diesel,80123,Low CC,45,1
2015,ford,f-250 sd,Excellent,Manual,8,diesel,124000,Low CC,8,1
2016,gmc,sierra 1500,Excellent,Manual,8,gas,44300,Low CC,21,1
2015,ford,mustang gt premium,Excellent,Manual,8,gas,20500,Low CC,6,1
2007,gmc,sierra 3500 diesel,Excellent,Automatic,8,diesel,71000,Low CC,6,1
2014,gmc,acadia,Excellent,Automatic,6,gas,17599,Low CC,49,1
2015,ford,f350,Excellent,Manual,8,diesel,217552,Low CC,10,1
2018,jeep,wrangler 4wd unlimited,Excellent,Manual,6,gas,9700,Low CC,35,1
2010,ford,explorer,Excellent,Automatic,6,gas,78330,Low CC,43,2
2014,ram,3/4 t crew tradesman 4x4,Excellent,Automatic,6,diesel,58996,Low CC,27,1
1973,buick,rivera,Excellent,Manual,8,gas,1013,Low CC,33,1
2013,jeep,wrangler unlimited,Excellent,Automatic,6,gas,64849,Low CC,43,1
2017,dodge,grand caravan sxt,Excellent,Automatic,6,gas,50050,Low CC,11,1
2015,gmc,sierra 2500hd,Excellent,Automatic,8,diesel,188096,Low CC,27,1
2009,chevrolet,silverado 3500 hd,Excellent,Automatic,8,diesel,110000,Low CC,19,1
2017,ram,3500,Excellent,Automatic,8,gas,41781,Low CC,40,1
2018,ford,f-150 f150 raptor,Excellent,Manual,6,gas,31000,Low CC,45,2
1931,ford,model a roadster,Excellent,Automatic,8,gas,1600,Low CC,28,2
2017,jeep,cherokee summit,Excellent,Automatic,8,gas,22950,Low CC,26,1
2012,ford,f250,Excellent,Automatic,8,diesel,198566,Low CC,6,1
2017,toyota,sienna,Excellent,Manual,6,gas,33600,Low CC,10,1
2019,subaru,ascent,Excellent,Automatic,4,gas,3805,Low CC,48,1
2012,gmc,sierra denali crew cab 3500,Excellent,Manual,8,diesel,93971,Low CC,26,1
2018,chevrolet,conversion van,Excellent,Automatic,6,gas,21500,Low CC,13,2
2016,subaru,outback,Excellent,Manual,4,gas,20377,Low CC,33,1
2015,ford,f-150,Excellent,Automatic,6,gas,81787,Low CC,44,1
2013,ram,3500,Excellent,Manual,6,diesel,99371,Low CC,20,1
2013,chevrolet,silverado 2500hd,Excellent,Automatic,8,gas,121437,Low CC,50,1
2015,bmw,m5,Excellent,Manual,8,gas,36287,Low CC,21,1
2018,mazda,cx-5 cx5 grand touring,Excellent,Automatic,4,gas,7004,Low CC,19,1
2016,audi,s3,Excellent,Automatic,4,gas,41000,Low CC,15,1
2013,lexus,ls,Excellent,Manual,8,gas,79185,Low CC,21,1
2017,dodge,2500,Excellent,Automatic,6,diesel,83630,Low CC,20,1
2015,ram,2500,Excellent,Automatic,8,gas,38986,Low CC,49,1
2014,toyota,4runner sr5 premium,Excellent,Manual,6,gas,78500,Low CC,39,1
2016,toyota,4runner,Excellent,Manual,6,gas,27779,Low CC,42,1
2013,jeep,wrangler unlimited sahara,Excellent,Manual,6,gas,88398,Low CC,44,1
2014,ram,3500,Excellent,Automatic,6,diesel,193989,Low CC,33,1
2006,ford,f 350,Excellent,Manual,6,diesel,177000,Low CC,27,1
2017,chevrolet,silverado 1500,Excellent,Automatic,8,gas,28110,Low CC,17,1
2015,ford,f-150 lariat,Excellent,Automatic,6,gas,27144,Low CC,34,1
2016,toyota,highlander,Excellent,Automatic,6,gas,36170,Low CC,47,1
2014,ram,1500,Excellent,Automatic,8,gas,62714,Low CC,18,1
2019,volkswagen,beetle,Excellent,Automatic,4,gas,2787,Low CC,19,1
2007,jeep,wrangler unlimited x,Excellent,Automatic,6,gas,112000,Low CC,17,1
2018,volkswagen,golf r,Excellent,Automatic,4,gas,19400,Low CC,28,1
2012,ford,f-150,Excellent,Automatic,8,gas,104007,Low CC,50,1
2007,chevrolet,silverado 3500hd,Excellent,Automatic,8,diesel,74894,Low CC,22,1
2015,toyota,highlander,Excellent,Automatic,6,gas,39688,Low CC,38,1
2017,ram,1500,Excellent,Manual,8,gas,41110,Low CC,14,1
2019,infiniti,q50,Excellent,Manual,6,gas,6761,Low CC,28,1
2016,chevrolet,corvette z06,Excellent,Automatic,8,gas,7456,Low CC,6,2
2007,chevrolet,silverado 3500hd,Excellent,Automatic,8,diesel,74894,Low CC,23,1
2018,gmc,savana 2500 cargo van,Excellent,Automatic,8,gas,6806,Low CC,10,1
2019,chevrolet,silverado 1500,Excellent,Manual,8,gas,4172,Low CC,12,1
2015,gmc,sierra 2500,Excellent,Automatic,8,gas,91650,Low CC,47,1
2013,ford,f-150,Excellent,Manual,8,gas,68015,Low CC,11,1
1977,ford,bronco,Excellent,Automatic,8,gas,65661,Low CC,33,2
2017,ram,2500,Excellent,Automatic,6,diesel,34123,Low CC,9,1
2011,chevrolet,silverado 2500hd,Excellent,Automatic,8,diesel,153400,Low CC,21,1
2018,subaru,wrx sti,Excellent,Automatic,4,gas,5336,Low CC,33,1
2012,ram,5500,Excellent,Automatic,6,diesel,83924,Low CC,49,1
2012,ram,3500 long bed diesel truck,Excellent,Automatic,6,diesel,133821,Low CC,19,1
2013,jeep,wrangler jk,Excellent,Manual,6,gas,50000,Low CC,17,1
2019,chevrolet,tahoe,Excellent,Manual,8,gas,15544,Low CC,13,1
2014,gmc,sierra 1500,Excellent,Manual,8,gas,76428,Low CC,31,1
2016,gmc,yukon xl,Excellent,Manual,8,gas,77553,Low CC,50,1
2015,chevrolet,silverado 1500,Excellent,Automatic,8,gas,33964,Low CC,28,1
2015,ram,1500 laramie,Excellent,Automatic,8,gas,98184,Low CC,45,1
2014,ram,2500,Excellent,Automatic,6,diesel,108722,Low CC,6,1
2014,jeep,wrangler,Excellent,Manual,6,gas,79644,Low CC,39,1
2014,ram,diesel cummins 2500,Excellent,Automatic,6,diesel,80958,Low CC,8,1
2015,chevrolet,silverado 2500hd high country deleted new tires,Excellent,Automatic,8,diesel,70218,Low CC,18,1
2016,ford,transit wagon,Excellent,Automatic,6,gas,79000,Low CC,5,1
2013,ford,f150 fx4 4x4,Excellent,Automatic,6,gas,83382,Low CC,9,1
2015,ram,2500,Excellent,Automatic,6,diesel,84520,Low CC,37,1
2017,chevrolet,express,Excellent,Automatic,8,gas,36712,Low CC,22,1
2015,gmc,2500hd double cab,Excellent,Manual,8,gas,28016,Low CC,35,1
2013,ram,2500,Excellent,Automatic,6,diesel,67000,Low CC,33,1
2018,dodge,2500 4x4,Excellent,Automatic,8,gas,2300,Low CC,19,1
2019,ram,1500,Excellent,Automatic,8,gas,1400,Low CC,39,1
2016,chevrolet,silverado 3500,Excellent,Manual,8,diesel,90180,Low CC,29,1
2015,toyota,tacoma trd,Excellent,Automatic,6,gas,45000,Low CC,15,1
2015,ram,2500,Excellent,Automatic,6,diesel,68634,Low CC,16,2
2015,ford,f-150 xlt,Excellent,Automatic,6,gas,37685,Low CC,7,1
2007,chevrolet,silverado 2500hd,Excellent,Automatic,8,diesel,98184,Low CC,45,1
2013,mercedes-benz,benz c63 amg,Excellent,Manual,8,gas,62600,Low CC,39,1
2013,ford,f150 fx4 4x4,Excellent,Manual,6,gas,83382,Low CC,38,1
2014,mercedes-benz,e350,Excellent,Automatic,6,gas,28097,Low CC,41,1
2018,ford,transit 350 passenger van,Excellent,Automatic,6,gas,19485,Low CC,24,1
2013,chevrolet,silverado 2500hd,Excellent,Automatic,8,diesel,138069,Low CC,38,1
2016,chevrolet,2500hd crew cab,Excellent,Automatic,8,diesel,96915,Low CC,28,1
2014,chevrolet,tahoe,Excellent,Manual,8,gas,124417,Low CC,45,1
2018,ford,transit-250,Excellent,Automatic,6,gas,23069,Low CC,29,1
2015,chevrolet,silverado 3500hd,Excellent,Automatic,8,diesel,92500,Low CC,49,1
2015,jaguar,xj,Excellent,Automatic,6,gas,48052,Low CC,40,1
2015,ram,3500,Excellent,Manual,6,diesel,27500,Low CC,7,1
2014,toyota,tacoma 4x4,Excellent,Manual,6,gas,38800,Low CC,48,1
2017,ford,f350 lariat dually diesel,Excellent,Automatic,8,diesel,127686,Low CC,48,1
2012,ford,f-350,Excellent,Manual,8,diesel,65096,Low CC,43,1
2015,gmc,yukon,Excellent,Automatic,8,gas,123142,Low CC,25,1
2018,gmc,sierra 1500,Excellent,Automatic,8,gas,19898,Low CC,7,1
2013,ram,2500 tradesman,Excellent,Manual,8,gas,109100,Low CC,37,1
2016,toyota,4runner,Excellent,Automatic,6,gas,98000,Low CC,37,1
2013,ram,2500,Excellent,Automatic,6,gas,66469,Low CC,25,1
2018,honda,crv exl,Excellent,Automatic,4,gas,3400,Low CC,45,1
2015,chevrolet,suburban,Excellent,Manual,8,gas,102618,Low CC,37,1
2016,subaru,wrx sti,Excellent,Automatic,4,gas,95516,Low CC,48,1
2014,chevrolet,silverado 1500,Excellent,Manual,8,gas,67114,Low CC,43,1
2015,ford,super duty f-250,Excellent,Automatic,8,diesel,125616,Low CC,50,1
2015,gmc,sierra 3500hd,Excellent,Automatic,8,diesel,50000,Low CC,44,1
2015,lexus,gs 350 f-sport,Excellent,Automatic,6,gas,44983,Low CC,31,1
2015,ram,3500,Excellent,Automatic,6,diesel,22590,Low CC,20,1
2015,ford,super duty f-350 drw,Excellent,Automatic,8,diesel,87000,Low CC,42,1
1968,chevrolet,corvette,Excellent,Automatic,8,gas,88000,Low CC,30,1
2017,ram,1500,Excellent,Manual,6,gas,34702,Low CC,7,1
2011,ford,raptor 4x4,Excellent,Manual,8,gas,111192,Low CC,21,1
2016,subaru,wrx sti,Excellent,Automatic,4,gas,27909,Low CC,50,1
2016,chevrolet,silverado 1500 ltz,Excellent,Manual,8,gas,116207,Low CC,11,1
2015,chevrolet,silverado 2500hd,Excellent,Automatic,8,gas,96638,Low CC,5,1
2018,ford,f-150,Excellent,Manual,6,gas,31474,Low CC,39,1
2016,audi,allroad,Excellent,Manual,4,gas,16610,Low CC,7,1
2011,ford,f-250 sd,Excellent,Automatic,8,diesel,221048,Low CC,48,1
2011,ford,f-350 sd,Excellent,Manual,8,diesel,157754,Low CC,34,1
2017,chevrolet,silverado 1500,Excellent,Automatic,6,gas,31535,Low CC,19,1
2014,audi,s4,Excellent,Automatic,6,gas,50500,Low CC,39,1
2012,ram,3500 laramie diesel truck 4,Excellent,Automatic,6,diesel,86144,Low CC,22,1
2008,chevrolet,silverado 2500 hd,Excellent,Automatic,8,diesel,145000,Low CC,22,1
2012,ram,5500,Excellent,Automatic,6,diesel,80123,Low CC,36,1
2016,ford,transit,Excellent,Manual,6,gas,105575,Low CC,32,1
2013,ford,f350,Excellent,Manual,8,gas,105500,Low CC,30,1
2017,nissan,titan,Excellent,Automatic,8,gas,12940,Low CC,30,1
2011,ford,f-350 sd,Excellent,Manual,8,diesel,162217,Low CC,30,1
2016,ford,f-150 fx4,Excellent,Automatic,6,gas,43651,Low CC,15,1
2017,lincoln,continental,Excellent,Automatic,6,gas,20000,Low CC,19,1
2014,chrysler,300,Excellent,Automatic,6,gas,85000,Low CC,46,1
2011,gmc,sierra 2500hd,Excellent,Manual,8,diesel,154775,Low CC,32,1
1995,chevrolet,corvette,Excellent,Automatic,8,gas,77011,Low CC,37,1
2019,chevrolet,silverado 2500hd,Excellent,Manual,8,diesel,3989,Low CC,45,2
2008,chevrolet,corvette convertible,Excellent,Automatic,8,gas,21877,Low CC,20,1
2015,chevrolet,suburban lt,Excellent,Automatic,8,gas,45321,Low CC,32,1
2017,ram,2500 diesel,Excellent,Automatic,6,diesel,18975,Low CC,11,1
2020,jeep,gladiator,Excellent,Manual,6,gas,11,Low CC,15,2
2018,mazda,cx-9,Excellent,Manual,4,gas,13019,Low CC,5,1
2017,toyota,tacoma,Excellent,Automatic,6,gas,50841,Low CC,22,1
2012,toyota,tacoma,Excellent,Automatic,6,gas,91357,Low CC,14,1
2016,ford,transit wagon,Excellent,Automatic,6,gas,79000,Low CC,18,1
2016,ford,econoline,Excellent,Automatic,8,gas,47213,Low CC,31,1
2015,ram,2500,Excellent,Automatic,6,diesel,144634,Low CC,24,1
2009,ford,f-550,Excellent,Automatic,8,diesel,98912,Low CC,41,1
2019,ram,1500,Excellent,Manual,8,gas,13058,Low CC,20,1
2014,ram,2500,Excellent,Automatic,8,gas,121437,Low CC,18,1
2011,ford,f-350 sd,Excellent,Automatic,8,diesel,147105,Low CC,26,1
2016,ford,f-150,Excellent,Automatic,6,gas,82020,Low CC,32,1
2018,jeep,grand cherokee,Excellent,Automatic,6,gas,15149,Low CC,27,1
2018,ford,transit t250,Excellent,Automatic,6,gas,21464,Low CC,35,1
2015,jeep,wrangler,Excellent,Automatic,6,gas,36098,Low CC,7,1
2018,dodge,challenger rt 392,Excellent,Automatic,8,gas,1000,Low CC,30,1
2015,cadillac,escalade,Excellent,Manual,8,gas,28092,Low CC,9,2
2018,chevrolet,colorado,Excellent,Manual,6,gas,18354,Low CC,36,1
2014,rover,sport hse,Excellent,Manual,6,gas,93000,Low CC,43,1
2018,ford,f-150,Excellent,Manual,6,gas,29996,Low CC,46,1
2016,ford,f150,Excellent,Manual,6,gas,37560,Low CC,42,1
2012,ford,mustang,Excellent,Automatic,8,gas,28853,Low CC,22,1
1955,ford,#NAME?,Excellent,Manual,8,gas,62492,Low CC,25,1
2014,chevrolet,corvette,Excellent,Manual,8,gas,19233,Low CC,11,1
2014,ram,1500,Excellent,Automatic,8,gas,118161,Low CC,40,1
2018,ford,edge titanium awd,Excellent,Manual,6,gas,22000,Low CC,18,1
2012,ford,f250 king ranch,Excellent,Manual,8,diesel,140486,Low CC,13,1
2016,ram,2500,Excellent,Manual,6,diesel,108761,Low CC,12,1
2012,ford,e350 econoline van,Excellent,Automatic,8,gas,155000,Low CC,18,1
2016,audi,tt/s,Excellent,Automatic,4,gas,23500,Low CC,33,1
2016,subaru,outback limited 3.6l,Excellent,Manual,6,gas,43376,Low CC,37,1
2015,chevrolet,silverado 1500,Excellent,Manual,8,gas,53156,Low CC,5,1
1972,chevrolet,blazer,Excellent,Automatic,8,gas,10000,Low CC,6,1
2019,nissan,pathfinder,Excellent,Manual,6,gas,9637,Low CC,20,1
2012,jeep,wrangler unlimited sahara,Excellent,Automatic,6,gas,69840,Low CC,50,1
2017,dodge,2500,Excellent,Automatic,6,diesel,83630,Low CC,5,1
2008,chevrolet,corvette,Excellent,Manual,8,gas,10049,Low CC,24,1
2018,chevrolet,camaro,Excellent,Automatic,8,gas,11310,Low CC,25,2
2015,gmc,sierra 1500,Excellent,Manual,8,gas,26027,Low CC,44,1
2013,chevrolet,silverado,Excellent,Manual,8,diesel,97520,Low CC,40,1
1959,chevrolet,carry all,Excellent,Manual,8,gas,72000,Low CC,9,2
2009,ford,f-550,Excellent,Automatic,8,diesel,98912,Low CC,9,1
2011,ford,f250 powerstroke,Excellent,Automatic,8,diesel,149430,Low CC,9,1
2016,chevrolet,silverado 1500 lt,Excellent,Manual,8,gas,13135,Low CC,17,1
2014,ford,f-150 lariat 4x4,Excellent,Manual,6,gas,90590,Low CC,40,1
2017,ford,f-150,Excellent,Automatic,8,gas,12362,Low CC,6,1
2019,chevrolet,express 2500,Excellent,Manual,6,gas,13500,Low CC,36,1
2014,ram,3500,Excellent,Automatic,6,diesel,90000,Low CC,29,1
2015,gmc,3500,Excellent,Manual,8,diesel,164260,Low CC,11,1
2016,chevrolet,silverado 1500,Excellent,Manual,8,gas,30311,Low CC,42,1
2011,ram,2500,Excellent,Automatic,6,diesel,113599,Low CC,48,1
2005,ford,excursion,Excellent,Automatic,8,diesel,82024,Low CC,21,1
2011,ford,f-250 diesel 4wd,Excellent,Automatic,8,diesel,97000,Low CC,49,1
2014,toyota,tacoma,Excellent,Manual,6,gas,73629,Low CC,43,1
2011,ram,2500 big horn,Excellent,Automatic,6,diesel,122000,Low CC,32,1
2016,ford,f-150,Excellent,Automatic,6,gas,30525,Low CC,32,1
2018,jeep,wrangler sahara,Excellent,Automatic,6,gas,15000,Low CC,24,1
2013,mercedes-benz,s550,Excellent,Automatic,8,gas,68000,Low CC,41,1
2018,gmc,canyon,Excellent,Automatic,6,gas,29577,Low CC,12,1
2018,chevrolet,silverado lt 4x4,Excellent,Automatic,8,gas,25440,Low CC,19,1
2019,ford,explorer,Excellent,Manual,6,gas,2032,Low CC,26,1
2019,chevrolet,colorado,Excellent,Automatic,6,gas,16752,Low CC,11,1
2016,ford,f-150,Excellent,Manual,6,gas,30525,Low CC,46,1
2014,honda,ridgeline,Excellent,Manual,6,gas,25444,Low CC,23,1
2016,subaru,wrx sti,Excellent,Automatic,4,gas,29380,Low CC,44,1
2018,chevrolet,2500 crew 4x4 ltz dmax,Excellent,Automatic,8,diesel,77234,Low CC,21,1
2008,ram,2500,Excellent,Manual,6,diesel,66810,Low CC,30,1
2015,toyota,tacoma,Excellent,Manual,6,gas,34500,Low CC,49,1
2016,ford,transit wagon,Excellent,Manual,6,gas,79000,Low CC,24,1
2012,jeep,grand cherokee,Excellent,Automatic,8,gas,50200,Low CC,45,1
2015,chevrolet,3500hd,Excellent,Manual,8,diesel,124218,Low CC,29,1
2014,ram,2500,Excellent,Automatic,6,diesel,88227,Low CC,44,1
2017,toyota,tacoma,Excellent,Manual,6,gas,27435,Low CC,30,1
2017,ram,1500 crew cab,Excellent,Manual,8,gas,21141,Low CC,46,1
2016,gmc,sierra 1500,Excellent,Automatic,8,gas,30361,Low CC,37,1
2011,ford,f250,Excellent,Automatic,8,diesel,108444,Low CC,10,1
2017,rover,discovery sport hse,Excellent,Automatic,4,gas,15000,Low CC,25,1
2010,ram,2500,Excellent,Automatic,6,diesel,160000,Low CC,18,1
2012,ford,f-250 sd,Excellent,Automatic,8,diesel,146506,Low CC,24,1
2015,gmc,sierra 2500hd,Excellent,Manual,8,diesel,188096,Low CC,39,1
2012,dodge,challenger,Excellent,Manual,8,gas,44500,Low CC,27,1
2007,ford,f750 dump truck,Excellent,Automatic,8,diesel,27057,Low CC,39,1
2014,toyota,tacoma,Excellent,Manual,6,gas,55433,Low CC,40,1
2015,toyota,sienna xle,Excellent,Automatic,6,gas,33000,Low CC,13,1
2013,ford,f350 pickup,Excellent,Automatic,8,gas,105500,Low CC,37,1
2007,ram,2500,Excellent,Manual,6,diesel,119373,Low CC,13,1
2018,chevrolet,silverado,Excellent,Manual,8,gas,10600,Low CC,40,1
2017,ram,1500,Excellent,Manual,8,gas,21948,Low CC,28,1
2018,volvo,xc90,Excellent,Automatic,4,gas,26193,Low CC,40,1
2015,toyota,tacoma,Excellent,Manual,6,gas,73949,Low CC,38,1
2008,chevrolet,silverado 2500,Excellent,Automatic,6,diesel,97523,Low CC,30,1
2017,ford,super duty f-250 srw,Excellent,Manual,8,diesel,51731,Low CC,10,1
2017,ford,mustang,Excellent,Manual,8,gas,35415,Low CC,23,1
2014,ram,1500 hemi,Excellent,Automatic,8,gas,89075,Low CC,25,1
2013,ford,f150 fx4 supercrew,Excellent,Automatic,6,gas,51084,Low CC,36,1
2016,toyota,4runner limited,Excellent,Manual,6,gas,84288,Low CC,10,1
2018,chrysler,300,Excellent,Automatic,6,gas,11288,Low CC,33,2
2013,ford,f-150,Excellent,Manual,6,gas,69713,Low CC,34,1
2014,gmc,sierra sle,Excellent,Automatic,6,gas,75675,Low CC,25,1
2016,ram,2500,Excellent,Automatic,6,diesel,15734,Low CC,44,2
2013,ford,f350 4x4 dually diesel,Excellent,Automatic,8,diesel,78400,Low CC,45,1
2019,chevrolet,silverado 1500,Excellent,Automatic,8,gas,3485,Low CC,12,1
2013,ford,f-450 sd,Excellent,Manual,8,diesel,85025,Low CC,12,1
2017,chevrolet,silverado 1500,Excellent,Manual,8,gas,26686,Low CC,14,1
2016,chrysler,town & country limited,Excellent,Automatic,6,gas,25531,Low CC,15,1
2011,ram,2500 laramie longhorn diese,Excellent,Manual,6,diesel,104484,Low CC,7,1
2019,ford,f-150,Excellent,Manual,6,gas,4600,Low CC,38,1
2017,ford,explorer,Excellent,Manual,6,gas,30402,Low CC,37,1
2013,ford,f-150,Excellent,Automatic,8,gas,129491,Low CC,26,1
2011,ford,f350,Excellent,Automatic,8,diesel,182028,Low CC,37,1
2016,chevrolet,silverado 1500,Excellent,Manual,8,gas,23300,Low CC,36,1
2016,gmc,sierra 3500,Excellent,Automatic,8,diesel,132562,Low CC,39,1
2016,ford,transit,Excellent,Manual,6,gas,105575,Low CC,32,1
2017,audi,a3,Excellent,Automatic,4,gas,25931,Low CC,11,1
2016,chevrolet,silverado,Excellent,Manual,8,gas,30735,Low CC,11,1
2016,chevrolet,silverado 1500,Excellent,Automatic,8,gas,34392,Low CC,33,1
2013,ford,super duty f-550 drw,Excellent,Automatic,8,diesel,57157,Low CC,16,1
2011,ford,f-250 sd,Excellent,Manual,8,diesel,221048,Low CC,13,1
2018,gmc,acadia,Excellent,Automatic,6,gas,12,Low CC,25,1
2014,gmc,denali,Excellent,Automatic,8,gas,50646,Low CC,17,1
2015,ford,super duty f-350 drw,Excellent,Automatic,8,diesel,87000,Low CC,9,1
2017,chevrolet,tahoe premier,Excellent,Manual,8,gas,36195,Low CC,45,2
2019,ram,1500 truck,Excellent,Manual,8,gas,70,Low CC,41,1
2016,toyota,tundra,Excellent,Manual,8,gas,29569,Low CC,32,1
2017,jeep,wrangler unlimited,Excellent,Manual,6,gas,25000,Low CC,49,1
2014,chevrolet,explorer conversion,Excellent,Manual,8,gas,47625,Low CC,27,1
2016,ford,expedition,Excellent,Manual,6,gas,79628,Low CC,39,1
2015,chevrolet,1500 silverado,Excellent,Manual,8,gas,31000,Low CC,13,1
2015,ford,f-150,Excellent,Manual,6,gas,59874,Low CC,26,1
2015,toyota,tacoma,Excellent,Automatic,6,gas,49800,Low CC,17,1
2014,ram,2500,Excellent,Automatic,6,diesel,179041,Low CC,25,1
2017,ram,2500,Excellent,Manual,6,diesel,62596,Low CC,30,1
2015,ford,f-150,Excellent,Manual,6,gas,114342,Low CC,34,1
2015,ford,f-250 super duty srw,Excellent,Automatic,8,diesel,178000,Low CC,43,1
2018,jeep,wrangler unlimited sport,Excellent,Automatic,6,gas,4907,Low CC,25,1
2016,gmc,yukon,Excellent,Automatic,8,gas,65231,Low CC,37,1
2013,mercedes-benz,benz gl 550,Excellent,Manual,8,gas,86750,Low CC,19,1
2014,bmw,650i gran coupe,Excellent,Manual,8,gas,50515,Low CC,15,1
2014,chevrolet,tahoe ltz,Excellent,Manual,8,gas,86312,Low CC,31,1
2016,ford,econoline,Excellent,Automatic,8,gas,47213,Low CC,14,1
2018,ford,super duty f-250,Excellent,Automatic,8,diesel,29202,Low CC,16,1
2016,chevrolet,suburban 4x4,Excellent,Automatic,8,gas,98000,Low CC,41,1
2016,ford,f-350,Excellent,Manual,8,diesel,107873,Low CC,23,1
2017,toyota,tundra,Excellent,Automatic,8,gas,38000,Low CC,33,1
2017,bmw,x3,Excellent,Automatic,4,gas,41000,Low CC,10,1
2011,ram,2500 crew cab,Excellent,Manual,6,diesel,114467,Low CC,38,1
2011,ford,f-350 sd,Excellent,Automatic,8,gas,46391,Low CC,23,1
2016,ford,f-150,Excellent,Automatic,6,gas,9417,Low CC,21,1
2012,ram,3500,Excellent,Automatic,6,diesel,116000,Low CC,39,1
2016,ford,f-150,Excellent,Automatic,6,gas,26684,Low CC,7,1
2018,ford,f150,Excellent,Automatic,8,gas,21219,Low CC,19,2
1968,jaguar,xke 1.5 series,Excellent,Automatic,6,gas,51234,Low CC,37,2
2016,chevrolet,silverado 1500 ltz,Excellent,Manual,8,gas,116207,Low CC,37,1
2011,ram,2500,Excellent,Automatic,6,diesel,152076,Low CC,37,1
2014,ram,dually,Excellent,Automatic,6,diesel,83895,Low CC,30,1
1963,chevrolet,nova ss,Excellent,Manual,8,gas,1400,Low CC,42,1
1991,rover,defender,Excellent,Automatic,4,diesel,74800,Low CC,29,2
2014,mercedes-benz,benz ml350,Excellent,Automatic,6,gas,39206,Low CC,16,1
2015,toyota,tundra,Excellent,Automatic,8,gas,138732,Low CC,31,1
2019,ford,f-150,Excellent,Automatic,6,gas,2367,Low CC,14,1
2008,mitsubishi,lancer,Excellent,Automatic,4,gas,43354,Low CC,22,1
1965,ford,mustang,Excellent,Manual,8,gas,55000,Low CC,32,1
2017,chevrolet,silverado 1500,Excellent,Automatic,8,gas,26686,Low CC,21,1
2014,gmc,sierra 1500,Excellent,Manual,8,gas,95716,Low CC,42,1
2015,toyota,tacoma,Excellent,Manual,6,gas,49735,Low CC,46,1
2013,bmw,m6,Excellent,Automatic,8,gas,51611,Low CC,47,1
2016,ford,transit,Excellent,Manual,6,gas,105575,Low CC,31,1
2015,ford,f-350 xlt,Excellent,Automatic,8,diesel,94244,Low CC,38,1
2015,mercedes-benz,benz glk 350,Excellent,Automatic,6,gas,35806,Low CC,27,1
2009,pontiac,g8 gxp,Excellent,Automatic,8,gas,12210,Low CC,36,1
2016,ram,2500,Excellent,Manual,6,diesel,103915,Low CC,49,1
2016,gmc,yukon xl,Excellent,Manual,8,gas,51808,Low CC,31,1
2015,toyota,sienna le,Excellent,Automatic,6,gas,43437,Low CC,38,1
2012,mercedes-benz,cl63 amg performance package,Excellent,Automatic,8,gas,64000,Low CC,5,1
2018,chevrolet,express,Excellent,Automatic,8,gas,12612,Low CC,13,1
2014,chevrolet,silverado 2500hd,Excellent,Automatic,8,diesel,130055,Low CC,17,1
2015,toyota,highlander,Excellent,Automatic,6,gas,39688,Low CC,15,1
2018,chevrolet,express wagon rwd,Excellent,Manual,6,gas,25813,Low CC,24,1
2017,chevrolet,silverado,Excellent,Manual,8,gas,4773,Low CC,25,1
2012,chevrolet,2500 crew ltz 4x4 dmax,Excellent,Automatic,8,diesel,88339,Low CC,16,1
2015,chevrolet,silverado 1500,Excellent,Automatic,8,gas,91309,Low CC,42,1
2018,ford,transit 350 xlt,Excellent,Automatic,6,gas,17500,Low CC,17,1
2011,ford,f-350,Excellent,Automatic,8,diesel,93345,Low CC,13,1
2016,toyota,tundra lifted,Excellent,Manual,8,gas,26148,Low CC,25,1
2013,ford,f-150,Excellent,Automatic,8,gas,97000,Low CC,5,1
2007,ford,f-550,Excellent,Automatic,8,diesel,95000,Low CC,20,1
2019,chevrolet,silverado,Excellent,Manual,8,gas,13287,Low CC,8,1
2015,ram,3500,Excellent,Automatic,6,diesel,37470,Low CC,43,2
2016,chevrolet,corvette,Excellent,Automatic,8,gas,13325,Low CC,20,1
2016,chevrolet,silverado 3500hd,Excellent,Automatic,8,diesel,47847,Low CC,34,1
2015,gmc,sierra 2500,Excellent,Automatic,8,gas,91650,Low CC,13,1
2016,toyota,tundra,Excellent,Automatic,8,gas,84405,Low CC,43,1
2012,ram,3500 cummins 4x4,Excellent,Manual,6,diesel,125553,Low CC,5,1
2015,gmc,sierra 2500hd,Excellent,Manual,8,diesel,143233,Low CC,26,1
2006,chevrolet,silverado 3500,Excellent,Automatic,8,diesel,82740,Low CC,7,1
2013,ram,2500,Excellent,Manual,6,diesel,175454,Low CC,36,1
2015,ford,super duty f-250,Excellent,Automatic,8,diesel,125616,Low CC,35,1
2012,gmc,sierra 2500hd,Excellent,Automatic,8,diesel,176120,Low CC,26,1
2012,ram,3500,Excellent,Automatic,6,diesel,189750,Low CC,18,1
2015,ford,f-350,Excellent,Automatic,8,diesel,129529,Low CC,47,1
2015,chevrolet,suburban,Excellent,Automatic,8,gas,83313,Low CC,25,1
2014,chevrolet,g4500 eldorado,Excellent,Automatic,8,gas,88028,Low CC,11,1
1964,chevrolet,corvette convertible,Excellent,Manual,8,gas,64076,Low CC,10,1
1991,chevrolet,k blazer,Excellent,Automatic,8,gas,31800,Low CC,45,1
2018,ford,super duty f-250,Excellent,Automatic,8,diesel,29202,Low CC,12,1
2016,ford,f-150,Excellent,Automatic,6,gas,44495,Low CC,45,1
2017,dodge,challenger,Excellent,Automatic,8,gas,1072,Low CC,33,2
2006,ram,2500 megacab 4x4,Excellent,Automatic,6,diesel,150220,Low CC,44,1
2016,jeep,wrangler unlimited,Excellent,Automatic,6,gas,30901,Low CC,39,1
2011,ford,f-350,Excellent,Manual,8,gas,12090,Low CC,37,1
2014,chevrolet,silverado 1500,Excellent,Manual,8,gas,47000,Low CC,35,1
2018,ford,transit,Excellent,Automatic,6,gas,25900,Low CC,18,1
2016,ford,transit,Excellent,Manual,6,gas,105575,Low CC,14,1
2013,ram,1500,Excellent,Manual,8,gas,51000,Low CC,18,1
2018,gmc,acadia,Excellent,Automatic,6,gas,29070,Low CC,23,1
2015,infiniti,qx70s,Excellent,Manual,6,gas,31555,Low CC,18,1
2016,ford,f350,Excellent,Automatic,8,gas,87690,Low CC,28,1
1961,lincoln,continental convertable,Excellent,Automatic,8,gas,28496,Low CC,8,1
2015,ram,1500,Excellent,Manual,6,gas,61181,Low CC,32,1
2016,gmc,yukon,Excellent,Automatic,8,gas,47110,Low CC,43,1
2016,toyota,tacoma limited,Excellent,Manual,6,gas,62616,Low CC,9,1
2014,lincoln,navigator,Excellent,Automatic,8,gas,22871,Low CC,19,1
2008,mercedes-benz,cl63 amg,Excellent,Manual,8,gas,17000,Low CC,35,1
2016,ford,explorer,Excellent,Automatic,6,gas,47145,Low CC,24,1
2015,chevrolet,tahoe,Excellent,Manual,8,gas,105918,Low CC,15,1
2012,ram,2500,Excellent,Automatic,6,diesel,120000,Low CC,48,1
2019,ram,1500 limited 4x4,Excellent,Automatic,8,gas,5687,Low CC,29,2
2017,chevrolet,silverado,Excellent,Automatic,8,diesel,81767,Low CC,39,1
2018,nissan,titan,Excellent,Automatic,8,gas,5902,Low CC,45,1
2017,nissan,titan,Excellent,Manual,8,gas,26005,Low CC,42,1
2013,ford,f-150,Excellent,Automatic,8,gas,61060,Low CC,31,1
1966,chevrolet,chevelle ss,Excellent,Automatic,8,gas,61200,Low CC,13,1
2016,chevrolet,silverado 1500,Excellent,Automatic,8,gas,36034,Low CC,47,1
2018,chevrolet,silverado 1500,Excellent,Automatic,8,gas,12974,Low CC,12,1
2016,ford,explorer,Excellent,Automatic,6,gas,36206,Low CC,9,1
2019,chevrolet,silverado 1500 ld,Excellent,Manual,8,gas,3703,Low CC,13,1
2014,ram,2500,Excellent,Manual,6,diesel,71616,Low CC,42,1
2012,mercedes-benz,benz e63 amg,Excellent,Automatic,8,gas,100796,Low CC,28,1
2014,ram,1500 hemi,Excellent,Automatic,8,gas,89075,Low CC,9,1
2015,dodge,challenger rt,Excellent,Automatic,8,gas,16495,Low CC,14,1
2008,gmc,sierra 1500 sle,Excellent,Automatic,8,diesel,111743,Low CC,40,1
2016,toyota,tacoma,Excellent,Manual,6,gas,44610,Low CC,33,1
2017,ford,f-150,Excellent,Automatic,6,gas,24697,Low CC,37,1
2013,ford,f-150,Excellent,Manual,8,gas,67522,Low CC,14,1
2016,ram,3500,Excellent,Manual,6,diesel,51800,Low CC,25,1
2012,ram,3500,Excellent,Manual,6,diesel,87341,Low CC,31,1
2018,ram,2500,Excellent,Automatic,8,gas,12912,Low CC,31,1
2015,bmw,428i coupe,Excellent,Manual,4,gas,9000,Low CC,8,1
2012,ford,mustang gt,Excellent,Manual,8,gas,14500,Low CC,45,1
2018,ford,f150,Excellent,Automatic,6,gas,22535,Low CC,30,1
2010,ford,super duty f-350 srw,Excellent,Automatic,8,gas,139712,Low CC,18,1
2016,ford,super duty f-350 srw,Excellent,Manual,8,diesel,122183,Low CC,7,1
2013,ram,2500,Excellent,Manual,6,diesel,78350,Low CC,49,1
2016,ram,3500,Excellent,Manual,6,diesel,53000,Low CC,18,1
2014,ford,mustang gt,Excellent,Automatic,8,gas,13485,Low CC,24,1
2016,ram,3500 4x4 flatbed,Excellent,Automatic,8,gas,36485,Low CC,33,1
2016,ford,f-150 xlt,Excellent,Manual,8,gas,35000,Low CC,5,1
1968,chevrolet,corvette,Excellent,Automatic,8,gas,63928,Low CC,26,1
2012,rover,lr4 hse suv,Excellent,Automatic,8,gas,47850,Low CC,40,1
2017,infiniti,qx50,Excellent,Manual,6,gas,27687,Low CC,35,1
2013,chevrolet,silverado 2500hd,Excellent,Automatic,8,gas,84944,Low CC,15,1
2011,ram,1500,Excellent,Automatic,8,gas,88837,Low CC,28,1
2013,gmc,sierra sle crew cab 4wd,Excellent,Manual,8,gas,54787,Low CC,27,1
2014,chevrolet,silverado 1500,Excellent,Manual,8,gas,102802,Low CC,27,1
2015,chevrolet,silverado 1500,Excellent,Automatic,8,gas,78790,Low CC,10,1
2016,chevrolet,2500hd crewcab duramax 4x4,Excellent,Automatic,8,diesel,27600,Low CC,10,2
2014,ford,f250,Excellent,Automatic,8,diesel,140012,Low CC,9,1
2015,ram,2500 4wd cummins diesel super lift,Excellent,Automatic,6,diesel,30893,Low CC,14,1
1957,ford,fairlane 500,Excellent,Automatic,8,gas,300,Low CC,44,1
2005,ford,excursion,Excellent,Manual,8,diesel,82024,Low CC,23,1
2017,acura,rdx awd,Excellent,Manual,6,gas,25209,Low CC,21,1
2019,nissan,pathfinder sv 4wd,Excellent,Automatic,6,gas,10000,Low CC,45,1
2011,ford,f250,Excellent,Automatic,8,diesel,170571,Low CC,17,1
2016,ford,f-150 xlt,Excellent,Automatic,6,gas,25695,Low CC,21,1
2018,chevrolet,express,Excellent,Automatic,8,gas,3000,Low CC,11,1
2015,jeep,wrangler,Excellent,Automatic,6,gas,49355,Low CC,13,1
2018,ford,transit,Excellent,Automatic,6,gas,9049,Low CC,31,1
2017,infiniti,q70,Excellent,Manual,6,gas,28339,Low CC,43,1
2016,bmw,m3 coupe,Excellent,Automatic,6,gas,18005,Low CC,7,1
2018,ford,f-150 4x4 supercrew,Excellent,Automatic,6,gas,283,Low CC,8,1
2016,ram,1500,Excellent,Manual,8,gas,77350,Low CC,41,1
2018,ford,f-250sd,Excellent,Automatic,8,diesel,4440,Low CC,6,2
2012,gmc,sierra 2500hd,Excellent,Manual,8,gas,73255,Low CC,46,1
2014,jeep,wrangler,Excellent,Automatic,6,gas,34141,Low CC,27,1
2016,honda,odyssey,Excellent,Automatic,6,gas,66314,Low CC,9,1
2018,ford,transit,Excellent,Automatic,6,gas,9049,Low CC,12,1
2010,gmc,sierra,Excellent,Automatic,8,gas,29000,Low CC,40,1
2005,ram,3500 1ton diesel 4x4,Excellent,Manual,6,diesel,32791,Low CC,9,1
2017,ram,3500,Excellent,Manual,8,gas,41781,Low CC,12,1
2016,cadillac,escalade,Excellent,Automatic,8,gas,22587,Low CC,49,2
2018,chevrolet,tahoe premier,Excellent,Automatic,8,gas,24183,Low CC,40,2
2015,gmc,sierra 1500,Excellent,Automatic,8,gas,88202,Low CC,45,1
2016,rover,discovery sport,Excellent,Manual,4,gas,18447,Low CC,45,1
2012,ram,2500,Excellent,Automatic,6,diesel,66000,Low CC,20,1
2014,ford,f-150,Excellent,Manual,6,gas,72889,Low CC,19,1
2015,gmc,yukon,Excellent,Automatic,8,gas,73847,Low CC,6,1
2013,chevrolet,silverado 2500hd,Excellent,Manual,8,diesel,51398,Low CC,31,1
1969,chevrolet,camaro ss,Excellent,Automatic,8,gas,76000,Low CC,8,1
2016,ram,1500,Excellent,Automatic,8,gas,30102,Low CC,30,1
2017,jeep,wrangler unlimited,Excellent,Automatic,6,gas,43410,Low CC,36,1
2018,nissan,armada,Excellent,Automatic,8,gas,39110,Low CC,47,1
2015,chevrolet,3500hd duramax,Excellent,Automatic,8,diesel,119056,Low CC,5,1
2014,toyota,4runner,Excellent,Automatic,6,gas,111930,Low CC,9,1
2018,ford,flex,Excellent,Manual,6,gas,25896,Low CC,47,1
2017,jeep,grand cherokee trail hawk,Excellent,Automatic,6,gas,19500,Low CC,17,1
2014,ford,f-350 sd,Excellent,Automatic,8,gas,167061,Low CC,36,1
2018,gmc,sierra 1500,Excellent,Automatic,8,gas,7623,Low CC,19,1
2013,bmw,550i,Excellent,Automatic,8,gas,144042,Low CC,11,1
2015,ford,f-150 lariat,Excellent,Automatic,6,gas,27144,Low CC,21,1
2013,chevrolet,silverado 2500,Excellent,Manual,8,gas,109454,Low CC,37,1
2015,lincoln,navigator base,Excellent,Manual,6,gas,80166,Low CC,11,1
2016,toyota,4runner sr5,Excellent,Automatic,6,gas,46308,Low CC,41,1
2015,chevrolet,silverado 1500,Excellent,Automatic,8,gas,33964,Low CC,10,1
2018,bmw,x2,Excellent,Manual,4,gas,13641,Low CC,43,1
2017,audi,q7,Excellent,Automatic,6,gas,34900,Low CC,42,1
2013,ford,f-150,Excellent,Automatic,6,gas,42419,Low CC,21,1
2013,ram,1500 laramie,Excellent,Manual,8,gas,29573,Low CC,25,1
2015,chevrolet,suburban,Excellent,Manual,8,gas,83313,Low CC,11,1
2018,toyota,4runner,Excellent,Automatic,6,gas,4600,Low CC,44,1
2014,chevrolet,silverado 1500,Excellent,Manual,8,gas,102802,Low CC,39,1
2006,gmc,c4c042,Excellent,Manual,6,diesel,43119,Low CC,13,1
2012,ford,super duty f-350 srw,Excellent,Automatic,8,diesel,86798,Low CC,37,1
2016,ford,edge sel awd,Excellent,Manual,6,gas,14779,Low CC,9,1
2016,ford,econoline,Excellent,Automatic,8,gas,47213,Low CC,49,1
2016,bmw,228i xdrive,Excellent,Automatic,4,gas,17648,Low CC,26,1
2015,jeep,grand cherokee,Excellent,Automatic,6,gas,64273,Low CC,35,1
2013,bmw,m5,Excellent,Manual,8,gas,64000,Low CC,38,1
2012,ford,f550 ser utility,Excellent,Automatic,8,diesel,167489,Low CC,34,1
2017,ram,2500 st,Excellent,Automatic,8,gas,8607,Low CC,49,1
2018,dodge,caravan,Excellent,Automatic,6,gas,28920,Low CC,30,1
2016,jaguar,xf r sport,Excellent,Automatic,6,gas,40315,Low CC,48,1
2018,ford,f-150,Excellent,Automatic,6,gas,4955,Low CC,44,1
2010,chevrolet,silverado lt,Excellent,Automatic,8,diesel,149987,Low CC,35,1
2015,toyota,tacoma,Excellent,Automatic,6,gas,49735,Low CC,29,1
2014,gmc,sierra 1500,Excellent,Automatic,8,gas,52743,Low CC,42,1
2014,ram,3500,Excellent,Automatic,6,diesel,193989,Low CC,36,1
2018,chevrolet,silverado 2500,Excellent,Automatic,8,diesel,13500,Low CC,15,2
2015,jeep,wrangler,Excellent,Automatic,6,gas,36098,Low CC,23,1
2015,toyota,highlander,Excellent,Automatic,6,gas,39688,Low CC,6,1
2016,toyota,tundra platinum,Excellent,Automatic,8,gas,81216,Low CC,21,1
2017,gmc,acadia,Excellent,Manual,6,gas,27877,Low CC,36,1
2017,cadillac,escalade,Excellent,Manual,6,gas,61000,Low CC,25,2
2016,toyota,tundra lifted,Excellent,Automatic,8,gas,26148,Low CC,37,1
2015,chevrolet,silverado 1500 ltz,Excellent,Manual,8,gas,74126,Low CC,50,1
2011,ram,3500,Excellent,Automatic,8,gas,49537,Low CC,11,1
1941,ford,super deluxe,Excellent,Manual,8,gas,91115,Low CC,27,1
2016,toyota,tundra sr5 lifted,Excellent,Automatic,8,gas,31249,Low CC,15,1
2018,nissan,maxima,Excellent,Manual,6,gas,10272,Low CC,24,1
2017,ford,f-350,Excellent,Automatic,8,diesel,31700,Low CC,15,1
2011,ford,f-250,Excellent,Manual,8,diesel,133472,Low CC,8,1
2015,ram,2500,Excellent,Automatic,6,diesel,144634,Low CC,12,1
2007,chevrolet,silverado 3500hd,Excellent,Automatic,8,diesel,74894,Low CC,44,1
2016,ford,f-150 platinum,Excellent,Manual,8,gas,97590,Low CC,32,1
2008,ford,f-350 sd,Excellent,Manual,8,gas,46327,Low CC,46,1
2015,lincoln,navigator,Excellent,Automatic,6,gas,92108,Low CC,15,1
2015,ram,2500,Excellent,Manual,8,gas,38986,Low CC,47,1
2011,ford,f-250 super duty,Excellent,Automatic,8,gas,33000,Low CC,30,1
2017,ram,1500 slt,Excellent,Manual,8,gas,37471,Low CC,27,1
2019,ram,1500,Excellent,Manual,8,gas,8758,Low CC,11,1
2017,gmc,sierra 1500,Excellent,Automatic,8,gas,129487,Low CC,10,1
2017,honda,pilot ex-l,Excellent,Automatic,6,gas,25000,Low CC,32,1
2007,chevrolet,silverado 3500hd,Excellent,Manual,8,diesel,74894,Low CC,44,1
1929,buick,marquette,Excellent,Manual,6,gas,34294,Low CC,31,1
2017,ford,explorer,Excellent,Manual,4,gas,23559,Low CC,34,1
2015,jeep,wrangler sahara unlimited,Excellent,Manual,6,gas,51500,Low CC,13,1
2015,chevrolet,silverado 2500hd,Excellent,Automatic,8,gas,96638,Low CC,49,1
2019,chevrolet,silverado 1500,Excellent,Automatic,8,gas,4433,Low CC,48,1
2018,nissan,murano,Excellent,Manual,6,gas,7994,Low CC,45,1
2018,jeep,grand cherokee,Excellent,Manual,6,gas,11413,Low CC,11,1
2017,ford,transit,Excellent,Automatic,6,gas,51406,Low CC,20,1
1940,ford,panel,Excellent,Manual,8,gas,17000,Low CC,20,1
2007,toyota,fj cruiser,Excellent,Automatic,6,gas,39500,Low CC,50,1
1959,cadillac,series 62 convertible,Excellent,Manual,8,gas,0,Low CC,23,2
2016,ford,transit-350,Excellent,Manual,6,gas,33844,Low CC,12,1
2016,ford,super duty,Excellent,Manual,8,diesel,103432,Low CC,34,1
2013,ram,2500,Excellent,Manual,6,diesel,63963,Low CC,42,1
2011,ram,4500,Excellent,Automatic,6,diesel,161600,Low CC,34,1
2014,ford,f350 lariat,Excellent,Automatic,8,diesel,165681,Low CC,40,1
2018,jeep,grand cherokee,Excellent,Manual,6,gas,16812,Low CC,8,1
1951,ford,custom,Excellent,Automatic,8,gas,21360,Low CC,30,1
2015,chevrolet,silverado 3500hd,Excellent,Automatic,8,diesel,117726,Low CC,42,1
2016,chevrolet,silverado 3500,Excellent,Manual,8,diesel,123346,Low CC,36,1
2018,subaru,outback,Excellent,Automatic,4,gas,5446,Low CC,41,1
2012,ford,f-250 sd,Excellent,Automatic,8,diesel,146506,Low CC,39,1
2018,ford,f150 supercrew cab,Excellent,Automatic,8,gas,20000,Low CC,30,1
2015,ford,f-150,Excellent,Automatic,6,gas,63000,Low CC,27,1
2015,bmw,2 series,Excellent,Automatic,6,gas,54099,Low CC,15,1
2013,ford,f150,Excellent,Automatic,8,gas,92804,Low CC,46,1
2014,gmc,sierra 1500,Excellent,Automatic,8,gas,44261,Low CC,18,1
2005,jeep,wrangler unlimited lj,Excellent,Automatic,6,gas,51552,Low CC,43,1
2018,ford,transit passenger wagon,Excellent,Manual,6,gas,25184,Low CC,34,1
2017,chevrolet,silverado 1500,Excellent,Manual,8,gas,25573,Low CC,8,1
2015,mercedes-benz,sprinter cargo van,Excellent,Manual,4,diesel,34718,Low CC,49,1
2018,chevrolet,camaro zl1,Excellent,Automatic,8,gas,1243,Low CC,11,2
2016,chevrolet,silverado 1500,Excellent,Automatic,8,gas,32937,Low CC,23,1
2007,ram,2500,Excellent,Manual,6,diesel,79367,Low CC,14,1
2015,gmc,2500,Excellent,Manual,8,gas,77352,Low CC,18,1
2014,ram,2500,Excellent,Automatic,8,gas,89351,Low CC,6,1
2016,toyota,tacoma,Excellent,Automatic,6,gas,32448,Low CC,24,1
2012,ford,f250,Excellent,Automatic,8,diesel,83146,Low CC,39,1
2016,toyota,highlander,Excellent,Automatic,6,gas,36170,Low CC,24,1
1968,ford,mustang,Excellent,Manual,8,gas,96652,Low CC,17,1
2006,mitsubishi,lancer evolution,Excellent,Manual,4,gas,32000,Low CC,22,1
2015,chevrolet,express diesel van,Excellent,Automatic,8,diesel,63830,Low CC,45,1
2014,jeep,wrangler unlimited sahara,Excellent,Automatic,6,gas,64900,Low CC,13,1
2014,gmc,sierra 1500,Excellent,Automatic,8,gas,95716,Low CC,42,1
2017,ram,1500,Excellent,Automatic,8,gas,41110,Low CC,14,1
2015,chevrolet,silverado 1500,Excellent,Manual,8,gas,122671,Low CC,28,1
2019,ram,1500,Excellent,Manual,8,gas,13664,Low CC,44,1
2020,jeep,gladiator,Excellent,Manual,6,gas,11,Low CC,27,2
2012,ram,3500,Excellent,Manual,6,diesel,87341,Low CC,29,1
2014,ram,2500 cummins,Excellent,Automatic,6,diesel,68000,Low CC,48,1
2018,ford,f-150 stx,Excellent,Manual,6,gas,11215,Low CC,18,1
2016,chevrolet,silverado,Excellent,Automatic,8,diesel,104960,Low CC,32,1
2015,ram,2500,Excellent,Manual,6,diesel,73630,Low CC,7,1
2018,chevrolet,tahoe,Excellent,Automatic,8,gas,21991,Low CC,37,1
2017,jaguar,xf,Excellent,Automatic,6,gas,4318,Low CC,13,1
2019,mercedes-benz,sprinter 2500 170 4x4,Excellent,Automatic,6,diesel,0,Low CC,29,2
2018,toyota,tundra,Excellent,Automatic,8,gas,4991,Low CC,24,1
2016,jaguar,xf r sport,Excellent,Automatic,6,gas,40315,Low CC,31,1
2017,subaru,outback,Excellent,Automatic,6,gas,27000,Low CC,38,1
2012,ram,3500,Excellent,Automatic,6,diesel,160496,Low CC,8,1
2015,ford,mustang gt,Excellent,Automatic,8,gas,28535,Low CC,21,1
2015,audi,a3,Excellent,Automatic,4,gas,47000,Low CC,30,1
2018,ram,express1500,Excellent,Automatic,8,gas,23754,Low CC,39,1
2018,dodge,caravan,Excellent,Manual,6,gas,28920,Low CC,23,1
2011,ford,f-350 super duty lariat li,Excellent,Manual,8,diesel,94844,Low CC,31,1
2017,ford,f-150,Excellent,Manual,6,gas,28000,Low CC,22,1
2015,ford,f-250sd,Excellent,Manual,8,diesel,85633,Low CC,39,1
2013,ford,f-150,Excellent,Automatic,8,gas,61060,Low CC,24,1
2008,ford,f-450 super cab,Excellent,Manual,8,diesel,135049,Low CC,42,1
2008,chevrolet,silverado 2500 hd ltz,Excellent,Manual,8,diesel,68600,Low CC,9,1
2012,ford,f-250 sd,Excellent,Automatic,8,diesel,115228,Low CC,20,1
2017,gmc,sierra 1500,Excellent,Automatic,8,gas,59434,Low CC,46,1
2013,ford,f-150,Excellent,Automatic,8,gas,56044,Low CC,6,1
2014,ram,3500,Excellent,Manual,6,diesel,190487,Low CC,36,1
2014,jeep,wrangler unlimited sahara,Excellent,Manual,6,gas,58931,Low CC,18,1
2016,chevrolet,silverado lt,Excellent,Automatic,8,gas,62000,Low CC,10,1
2010,chevrolet,camaro,Excellent,Automatic,8,gas,5996,Low CC,26,1
1955,lincoln,capri,Excellent,Manual,8,gas,2400,Low CC,5,1
2012,ram,3500,Excellent,Manual,6,diesel,160496,Low CC,49,1
2010,ram,2500 laramie diesel t,Excellent,Automatic,6,diesel,124472,Low CC,30,1
2011,gmc,sierra 3500 denali,Excellent,Automatic,8,diesel,98200,Low CC,21,1
2013,jeep,grand cherokee srt8,Excellent,Automatic,8,gas,20000,Low CC,21,1
2017,ford,focus rs,Excellent,Manual,4,gas,8000,Low CC,45,1
2015,jeep,wrangler,Excellent,Automatic,6,gas,17317,Low CC,47,1
2018,ram,3500,Excellent,Manual,6,diesel,20399,Low CC,31,1
2015,gmc,2500,Excellent,Manual,8,gas,77352,Low CC,10,1
2014,ford,f350 platinum,Excellent,Automatic,8,diesel,61556,Low CC,30,1
2015,audi,a8l,Excellent,Automatic,8,gas,48714,Low CC,8,1
2016,chevrolet,colorado,Excellent,Automatic,6,gas,15535,Low CC,5,1
2017,gmc,yukon xl denali,Excellent,Automatic,8,gas,87314,Low CC,8,1
2016,ford,super duty f-350 srw,Excellent,Automatic,8,diesel,128587,Low CC,35,1
2017,chevrolet,suburban premier,Excellent,Automatic,8,gas,57558,Low CC,10,1
2016,chevrolet,silverado 1500,Excellent,Manual,8,gas,30311,Low CC,8,1
2014,chevrolet,corvette,Excellent,Automatic,8,gas,13500,Low CC,39,1
2011,ford,mustang,Excellent,Manual,8,gas,58734,Low CC,11,1
2016,chevrolet,silverado lt 1500,Excellent,Automatic,8,gas,42553,Low CC,17,1
2015,ford,f150,Excellent,Automatic,6,gas,51000,Low CC,26,1
2006,chevrolet,c5500,Excellent,Manual,8,diesel,276000,Low CC,6,1
2018,ford,transit,Excellent,Automatic,6,gas,9049,Low CC,33,1
2015,bmw,m4 convertible,Excellent,Automatic,6,gas,43000,Low CC,43,1
2014,ford,f-250sd,Excellent,Manual,8,diesel,89023,Low CC,11,1
2018,dodge,caravan,Excellent,Automatic,6,gas,28920,Low CC,26,1
2015,gmc,sierra denali 3500 dually,Excellent,Automatic,8,diesel,90000,Low CC,9,1
2018,ford,f-150,Excellent,Manual,6,gas,23857,Low CC,23,1
2015,cadillac,escalade,Excellent,Manual,8,gas,28092,Low CC,24,2
2016,ram,5262500,Excellent,Manual,6,diesel,96135,Low CC,5,1
2018,chevrolet,tahoe premier,Excellent,Automatic,8,gas,24183,Low CC,33,2
2015,chevrolet,silverado,Excellent,Automatic,8,diesel,170781,Low CC,41,1
2016,gmc,yukon,Excellent,Automatic,8,gas,47110,Low CC,32,1
2016,chevrolet,silverado 1500,Excellent,Manual,8,gas,19000,Low CC,25,1
2012,gmc,sierra slt 2500hd,Excellent,Automatic,8,diesel,117000,Low CC,42,1
2015,chevrolet,silverado,Excellent,Manual,8,diesel,170781,Low CC,10,1
2013,ford,f150 fx4 4x4,Excellent,Automatic,6,gas,83382,Low CC,37,1
2018,toyota,camry xse,Excellent,Automatic,4,gas,17300,Low CC,14,1
2019,chevrolet,tahoe,Excellent,Automatic,8,gas,4638,Low CC,50,2
2005,cadillac,xlr,Excellent,Automatic,8,gas,57400,Low CC,30,1
2016,toyota,highlander xle,Excellent,Manual,6,gas,39750,Low CC,50,1
2008,ford,mustang shelby gt500m,Excellent,Automatic,8,gas,2962,Low CC,6,1
2013,ram,1500 laramie,Excellent,Automatic,8,gas,66654,Low CC,10,1
2016,toyota,tundra,Excellent,Automatic,8,gas,41820,Low CC,12,1
2012,ram,2500,Excellent,Manual,6,gas,112064,Low CC,20,1
2016,lexus,rx 350,Excellent,Automatic,6,gas,28850,Low CC,26,1
2016,chevrolet,silverado 1500,Excellent,Automatic,8,gas,12458,Low CC,14,1
2017,hyundai,santa fe,Excellent,Manual,6,gas,35991,Low CC,5,1
2016,subaru,wrx sti,Excellent,Manual,4,gas,95516,Low CC,33,1
2016,ford,super duty f-350 srw,Excellent,Automatic,8,diesel,126196,Low CC,21,1
2014,ford,f450,Excellent,Automatic,8,diesel,25025,Low CC,44,2
2004,chevrolet,silverado 2500hd,Excellent,Automatic,8,diesel,53661,Low CC,10,1
2018,gmc,acadia,Excellent,Manual,6,gas,29070,Low CC,29,1
2016,toyota,4runner,Excellent,Automatic,6,gas,59000,Low CC,15,1
2016,ford,transit,Excellent,Manual,6,gas,105575,Low CC,37,1
2017,lincoln,mkz,Excellent,Automatic,4,gas,27000,Low CC,50,1
2017,ford,f-750,Excellent,Automatic,8,diesel,147562,Low CC,44,1
2013,ram,3500,Excellent,Automatic,8,gas,122757,Low CC,27,1
2014,toyota,tundra,Excellent,Manual,8,gas,58054,Low CC,24,1
2017,ram,2500,Excellent,Manual,6,diesel,58064,Low CC,50,1
2013,chevrolet,silverado 2500hd,Excellent,Manual,8,gas,84944,Low CC,30,1
2017,chevrolet,g4500 ambulance,Excellent,Manual,8,gas,86745,Low CC,24,2
2019,chrysler,300 touring,Excellent,Automatic,6,gas,3369,Low CC,6,1
2017,chevrolet,silverado 1500,Excellent,Automatic,8,gas,33164,Low CC,18,1
2011,cadillac,ctsv,Excellent,Automatic,8,gas,78000,Low CC,45,1
2014,ram,2500,Excellent,Automatic,8,gas,121437,Low CC,11,1
2015,chevrolet,silverado 2500hd,Excellent,Manual,8,diesel,155885,Low CC,14,1
2017,ram,2500,Excellent,Manual,6,diesel,34123,Low CC,30,1
2013,ford,f-150,Excellent,Automatic,8,gas,97000,Low CC,8,1
2016,rover,discovery sport,Excellent,Automatic,4,gas,18447,Low CC,11,1
2019,dodge,grand caravan gt,Excellent,Manual,6,gas,11516,Low CC,49,1
2012,toyota,tundra,Excellent,Automatic,8,gas,75644,Low CC,14,1
2018,gmc,yukon,Excellent,Automatic,8,gas,40220,Low CC,11,1
2007,ford,mustang,Excellent,Automatic,8,gas,9763,Low CC,32,1
2015,chevrolet,suburban,Excellent,Automatic,8,gas,59000,Low CC,16,1
2016,gmc,yukon,Excellent,Automatic,8,gas,47110,Low CC,22,1
2017,jeep,grand cherokee limited,Excellent,Manual,6,gas,38574,Low CC,42,1
2015,ford,f-150,Excellent,Automatic,6,gas,63840,Low CC,24,1
2018,ford,transit-250,Excellent,Manual,6,gas,14568,Low CC,48,1
1929,ford,model a,Excellent,Manual,8,gas,200,Low CC,10,1
2018,toyota,tundra,Excellent,Manual,8,gas,30795,Low CC,8,1
2008,chevrolet,c5500 bus,Excellent,Manual,8,diesel,37566,Low CC,12,1
2018,gmc,yukon,Excellent,Automatic,8,gas,36843,Low CC,12,1
2017,chevrolet,express 3500,Excellent,Automatic,8,diesel,6100,Low CC,32,1
2018,ford,f-150,Excellent,Manual,6,gas,31474,Low CC,24,1
2015,toyota,highlander xle,Excellent,Automatic,6,gas,70608,Low CC,18,1
2013,ford,mustang,Excellent,Automatic,8,gas,12749,Low CC,42,1
2015,gmc,sierra 3500hd,Excellent,Manual,8,diesel,134380,Low CC,38,1
2013,jeep,wrangler unlimited,Excellent,Automatic,6,gas,20411,Low CC,25,1
2015,chevrolet,silverado 3500hd,Excellent,Manual,8,diesel,94590,Low CC,27,1
2011,ford,f-150,Excellent,Automatic,8,gas,99570,Low CC,39,1
2014,chevrolet,silverado 1500,Excellent,Manual,8,gas,102802,Low CC,16,1
2015,ram,2500,Excellent,Automatic,6,diesel,101365,Low CC,35,1
2016,gmc,sierra sle 4x4 crew,Excellent,Manual,8,gas,16767,Low CC,45,1
2014,ram,1500,Excellent,Manual,8,gas,118161,Low CC,37,1
2016,chevrolet,silverado,Excellent,Automatic,8,gas,42856,Low CC,6,1
2014,gmc,3500,Excellent,Automatic,8,diesel,96149,Low CC,5,1
2013,ram,2500,Excellent,Manual,6,diesel,117541,Low CC,7,1
2018,subaru,wrx premium,Excellent,Automatic,4,gas,6205,Low CC,45,1
2014,chevrolet,3500 silverado,Excellent,Manual,8,diesel,147651,Low CC,26,1
2017,ram,laramie crewcab 4x4,Excellent,Manual,6,diesel,6000,Low CC,13,2
2016,ford,f-350,Excellent,Manual,8,diesel,135000,Low CC,47,1
2019,infiniti,q50,Excellent,Manual,6,gas,6761,Low CC,34,1
2011,ford,f-350 super duty,Excellent,Automatic,8,diesel,160785,Low CC,50,1
2016,bmw,x5,Excellent,Automatic,6,gas,19317,Low CC,18,1
2017,ford,f-150,Excellent,Automatic,6,gas,15016,Low CC,49,1
2014,chevrolet,silverado 1500,Excellent,Manual,8,gas,102802,Low CC,49,1
2019,ford,f-150,Excellent,Manual,6,gas,2289,Low CC,6,1
2016,ford,f-350,Excellent,Automatic,8,diesel,135000,Low CC,10,1
2015,chevrolet,tahoe,Excellent,Automatic,8,gas,85382,Low CC,44,1
2017,rover,evoque,Excellent,Manual,4,gas,12352,Low CC,39,1
2013,ford,f150 fx4 4x4,Excellent,Automatic,6,gas,83382,Low CC,36,1
2014,bmw,640i,Excellent,Automatic,6,gas,46978,Low CC,5,1
2017,jeep,wrangler sahara unlimited,Excellent,Automatic,6,gas,30371,Low CC,11,1
2012,ram,2500,Excellent,Automatic,6,diesel,120000,Low CC,17,1
2014,jeep,grand cherokee srt8,Excellent,Manual,8,gas,89019,Low CC,9,1
2016,chevrolet,silverado,Excellent,Manual,8,diesel,104960,Low CC,28,1
2008,bmw,m6,Excellent,Manual,8,gas,22000,Low CC,31,1
2018,chevrolet,colorado,Excellent,Automatic,6,gas,18354,Low CC,36,1
2016,gmc,sierra 2500hd,Excellent,Manual,8,diesel,67000,Low CC,16,1
2017,ford,f350,Excellent,Automatic,8,gas,35024,Low CC,11,1
2011,ram,4500,Excellent,Automatic,6,diesel,180245,Low CC,6,1
2016,ram,2500,Excellent,Automatic,6,diesel,112352,Low CC,24,1
2013,ram,2500,Excellent,Manual,6,diesel,125538,Low CC,35,1
2010,ram,3500 laramie diesel,Excellent,Manual,6,diesel,183000,Low CC,15,1
2017,chevrolet,camaro ss,Excellent,Automatic,8,gas,57605,Low CC,19,1
2016,chevrolet,silverado 1500,Excellent,Manual,8,gas,34392,Low CC,38,1
2018,gmc,sierra 1500 denali,Excellent,Automatic,8,gas,12457,Low CC,40,1
2018,ford,transit,Excellent,Automatic,6,gas,9049,Low CC,20,1
2013,gmc,2500 hd,Excellent,Automatic,8,diesel,63000,Low CC,44,1
2016,jeep,wrangler,Excellent,Automatic,6,gas,12515,Low CC,40,1
2015,mercedes-benz,sprinter cargo vans,Excellent,Manual,4,diesel,13337,Low CC,21,1
2015,chevrolet,suburban,Excellent,Automatic,8,gas,83313,Low CC,35,1
2012,mercedes-benz,benz e63,Excellent,Automatic,8,gas,100796,Low CC,24,1
2010,ram,2500,Excellent,Automatic,6,diesel,155565,Low CC,33,1
2016,ford,f-150,Excellent,Manual,6,gas,26000,Low CC,46,1
2015,mercedes-benz,"benz, gl550 4matic",Excellent,Automatic,8,gas,54750,Low CC,46,1
2017,chrysler,pacifica limited,Excellent,Manual,6,gas,27476,Low CC,12,1
2018,ram,2500,Excellent,Automatic,6,gas,12000,Low CC,23,2
2016,ford,explorer sport,Excellent,Manual,6,gas,59340,Low CC,25,1
2015,ram,big horn,Excellent,Automatic,6,diesel,52303,Low CC,20,1
2016,ford,transit wagon,Excellent,Automatic,6,gas,79000,Low CC,38,1
2014,ram,1500 longhorn,Excellent,Automatic,8,gas,75396,Low CC,32,1
2016,chevrolet,silverado 2500 lifted,Excellent,Automatic,8,gas,63871,Low CC,21,1
2018,ford,transit-250,Excellent,Manual,6,gas,28614,Low CC,5,1
2017,toyota,tacoma trd sprt 4wd,Excellent,Automatic,6,gas,29930,Low CC,40,1
2017,ford,transit,Excellent,Automatic,6,gas,60795,Low CC,41,1
2014,ford,f-150,Excellent,Automatic,8,gas,56673,Low CC,32,1
2012,ram,5500 4x4 cummins,Excellent,Automatic,6,diesel,214173,Low CC,19,1
2016,ford,explorer,Excellent,Manual,4,gas,47162,Low CC,33,1
1930,ford,model a sedan,Excellent,Automatic,8,gas,12200,Low CC,16,1
2017,gmc,seirra 1500 crew cab,Excellent,Automatic,8,gas,24532,Low CC,32,1
2013,ford,f-350 diesel,Excellent,Automatic,8,diesel,25700,Low CC,13,1
2015,gmc,sierra 2500hd,Excellent,Automatic,8,diesel,104817,Low CC,19,1
2017,chevrolet,tahoe premier,Excellent,Manual,8,gas,46299,Low CC,18,1
2015,mercedes-benz,benz,Excellent,Automatic,4,diesel,94108,Low CC,16,1
2011,chevrolet,silverado 3500 duramax,Excellent,Manual,8,gas,130086,Low CC,16,1
2014,chevrolet,corvette stingray,Excellent,Automatic,8,gas,13690,Low CC,21,1
2016,chevrolet,silverado 1500,Excellent,Manual,8,gas,36034,Low CC,14,1
2017,ford,f-150,Excellent,Automatic,8,gas,84150,Low CC,38,1
2013,lexus,ls,Excellent,Automatic,8,gas,79185,Low CC,45,1
2012,chevrolet,express 4500,Excellent,Automatic,8,diesel,116893,Low CC,8,1
2012,ram,2500,Excellent,Automatic,6,diesel,100817,Low CC,38,1
2013,toyota,tundra,Excellent,Manual,8,gas,50175,Low CC,41,1
2009,ford,f-550,Excellent,Automatic,8,diesel,98912,Low CC,19,1
2016,ford,f-150,Excellent,Automatic,6,gas,30525,Low CC,6,1
2014,lincoln,navigator,Excellent,Automatic,8,gas,71000,Low CC,19,1
2012,ford,f-250 sd,Excellent,Manual,8,diesel,146506,Low CC,9,1
2017,gmc,acadia,Excellent,Manual,6,gas,42207,Low CC,31,1
2016,ram,2500 4x4,Excellent,Automatic,6,diesel,35000,Low CC,20,1
2016,ram,1500,Excellent,Automatic,8,gas,75000,Low CC,19,1
1939,ford,wagon woody,Excellent,Automatic,8,gas,56455,Low CC,38,1
2018,ford,f350 platinum,Excellent,Automatic,8,diesel,11739,Low CC,40,2
2008,ford,f-350 sd,Excellent,Manual,8,gas,46327,Low CC,18,1
2001,bmw,m5,Excellent,Manual,8,gas,75390,Low CC,42,1
2017,gmc,sierra 3500hd,Excellent,Manual,8,diesel,104227,Low CC,41,1
2017,toyota,l long cut fr conversion,Excellent,Automatic,6,gas,62000,Low CC,18,1
2013,ford,f-450 sd,Excellent,Automatic,8,diesel,85025,Low CC,18,1
2012,ram,1 t crew cab slt lb 4x4,Excellent,Automatic,6,diesel,114294,Low CC,17,1
2016,ford,f-150 platinum,Excellent,Automatic,8,gas,97590,Low CC,48,1
2014,ram,1500 laramie longhorn,Excellent,Automatic,8,gas,77124,Low CC,38,1
2014,ram,2500,Excellent,Automatic,6,diesel,113172,Low CC,22,1
2014,ford,f-150,Excellent,Manual,8,gas,84580,Low CC,28,1
2015,gmc,sierra,Excellent,Automatic,8,gas,93920,Low CC,19,1
2015,chevrolet,silverado 3500hd,Excellent,Manual,8,diesel,100672,Low CC,14,1
2017,chevrolet,camaro,Excellent,Manual,8,gas,45843,Low CC,32,1
2015,jeep,wrangler sahara,Excellent,Automatic,6,gas,28000,Low CC,30,1
2015,gmc,sierra 1500,Excellent,Automatic,8,gas,69954,Low CC,11,1
2016,lexus,rx 350,Excellent,Manual,6,gas,25273,Low CC,45,1
2016,ford,f150 platinum,Excellent,Manual,6,gas,34775,Low CC,34,1
1970,ford,mustang mach 1,Excellent,Manual,8,gas,44600,Low CC,9,1
2018,ford,f-150 xlt 4x4,Excellent,Automatic,6,gas,21227,Low CC,49,1
2015,lexus,570 lx,Excellent,Automatic,8,gas,54800,Low CC,17,1
2016,gmc,sierra,Excellent,Manual,8,gas,33075,Low CC,10,1
2015,jaguar,xj,Excellent,Automatic,6,gas,48052,Low CC,33,1
2018,ford,f350 platinum,Excellent,Manual,8,diesel,11739,Low CC,40,2
2016,ram,2500,Excellent,Automatic,8,gas,68000,Low CC,27,1
2017,ram,1500 crew cab,Excellent,Automatic,8,gas,15651,Low CC,44,1
2017,toyota,tacoma 4x4,Excellent,Manual,6,gas,52000,Low CC,10,1
2016,chevrolet,corvette,Excellent,Manual,8,gas,13325,Low CC,18,1
2016,chevrolet,silverado 1500,Excellent,Manual,8,gas,99050,Low CC,16,1
2018,ford,transit-250,Excellent,Automatic,6,gas,28614,Low CC,26,1
2018,chevrolet,4wd silverado 1500 crewcab z71,Excellent,Automatic,8,gas,7469,Low CC,23,1
2018,cadillac,xt5,Excellent,Manual,6,gas,10578,Low CC,44,1
2015,mercedes-benz,cls 400,Excellent,Automatic,6,gas,59627,Low CC,16,1
2016,ford,expedition platinum,Excellent,Automatic,6,gas,50000,Low CC,8,1
2016,rover,lr4 hse,Excellent,Automatic,6,gas,68333,Low CC,49,1
2016,toyota,4runner,Excellent,Automatic,6,gas,64814,Low CC,34,1
2013,cadillac,escalade esv,Excellent,Automatic,8,gas,97204,Low CC,14,1
2017,toyota,tundra,Excellent,Manual,8,gas,18921,Low CC,27,1
2011,ford,f250,Excellent,Automatic,8,diesel,108444,Low CC,43,1
1950,chevrolet,2 dr deluxe,Excellent,Automatic,8,gas,1400,Low CC,42,1
2017,ford,transit t-350 passenger,Excellent,Manual,6,gas,6673,Low CC,32,1
2010,ram,2500 mega cab,Excellent,Automatic,8,diesel,172139,Low CC,30,1
2017,ram,1500 4x4 express,Excellent,Manual,8,gas,29700,Low CC,24,1
2017,ram,1500 laramie,Excellent,Manual,8,gas,80382,Low CC,42,1
2019,ram,1500 classic,Excellent,Automatic,8,gas,13424,Low CC,34,1
2016,mercedes-benz,c450amg,Excellent,Manual,6,gas,49500,Low CC,47,1
2003,ferrari,360,Excellent,Manual,8,gas,12275,Low CC,46,2
2019,ford,transit connect xlt,Excellent,Automatic,4,gas,20,Low CC,43,1
2012,ford,f-250 f250,Excellent,Automatic,8,gas,148000,Low CC,23,1
2015,chevrolet,silverado 3500hd,Excellent,Manual,8,diesel,76260,Low CC,18,1
2013,infiniti,qx56,Excellent,Automatic,8,gas,50000,Low CC,13,1
2018,rover,velar,Excellent,Automatic,6,gas,10814,Low CC,10,2
2018,ram,1500,Excellent,Automatic,8,gas,29031,Low CC,50,1
2013,ford,f-250 sd,Excellent,Manual,8,diesel,98156,Low CC,12,1
2014,ram,2500,Excellent,Manual,6,diesel,151483,Low CC,32,1
2012,ram,2500 laramie diesel truck 4,Excellent,Automatic,6,diesel,79732,Low CC,46,1
2017,ram,3500,Excellent,Automatic,8,gas,41781,Low CC,19,1
2010,ram,2500 laramie diesel t,Excellent,Automatic,6,diesel,124472,Low CC,21,1
2015,chevrolet,tahoe,Excellent,Manual,8,gas,118439,Low CC,13,1
2016,ford,transit wagon,Excellent,Automatic,6,gas,79000,Low CC,30,1
2019,ram,1500,Excellent,Automatic,8,gas,13664,Low CC,46,1
2015,chevrolet,silverado 3500hd,Excellent,Manual,8,diesel,100672,Low CC,31,1
2015,ford,expedition,Excellent,Manual,6,gas,94000,Low CC,23,1
2014,chevrolet,silverado 1500,Excellent,Automatic,8,gas,57411,Low CC,24,1
2017,ford,f-250 sd,Excellent,Automatic,8,diesel,57297,Low CC,8,1
2014,gmc,sierra,Excellent,Manual,8,gas,80638,Low CC,33,1
2014,ram,2500 cummins,Excellent,Manual,6,diesel,68000,Low CC,8,1
2014,gmc,sierra 2500hd,Excellent,Manual,8,diesel,87374,Low CC,31,1
2016,ford,f150 super crew,Excellent,Automatic,8,gas,49211,Low CC,34,1
2019,chevrolet,silverado 1500,Excellent,Manual,8,gas,3636,Low CC,33,1
2006,gmc,c4c042,Excellent,Manual,6,diesel,43119,Low CC,23,1
2012,ford,f250,Excellent,Manual,8,diesel,83146,Low CC,10,1
2017,ram,3500 tradesman,Excellent,Automatic,6,diesel,35836,Low CC,5,1
2011,chevrolet,silverado,Excellent,Automatic,8,gas,101200,Low CC,9,1
2016,audi,a6,Excellent,Automatic,6,gas,35722,Low CC,7,1
2009,jaguar,xj l series,Excellent,Automatic,8,gas,63659,Low CC,36,1
2016,ford,f150,Excellent,Automatic,6,gas,43904,Low CC,33,1
2013,ford,f-250 sd,Excellent,Automatic,8,diesel,83341,Low CC,46,1
2015,chevrolet,silverado 3500hd,Excellent,Automatic,8,diesel,76260,Low CC,36,1
2015,gmc,sierra 1500,Excellent,Manual,8,gas,74416,Low CC,39,1
2016,chevrolet,silverado,Excellent,Automatic,8,diesel,104960,Low CC,14,1
2013,ford,f-250 crew cab,Excellent,Automatic,8,diesel,124464,Low CC,6,1
2017,chevrolet,silverado 1500,Excellent,Automatic,8,gas,75365,Low CC,6,1
2018,ford,f-250 xlt,Excellent,Manual,8,diesel,15000,Low CC,22,2
2015,toyota,4runner limited,Excellent,Automatic,6,gas,59472,Low CC,9,1
2011,ford,f-350 sd,Excellent,Automatic,8,gas,45035,Low CC,49,1
2016,ford,f-350 sd,Excellent,Manual,8,diesel,90060,Low CC,48,1
2013,ram,3500,Excellent,Manual,6,diesel,97785,Low CC,48,1
2019,ford,explorer,Excellent,Automatic,6,gas,2027,Low CC,27,1
2011,gmc,sierra 3500hd denali,Excellent,Manual,8,diesel,93603,Low CC,13,1
2016,ford,super duty f-250,Excellent,Manual,8,diesel,106096,Low CC,35,1
1967,chevrolet,camaro,Excellent,Manual,8,gas,1231,Low CC,32,1
2018,ford,mustang ecoboost premium,Excellent,Manual,4,gas,4505,Low CC,48,1
2016,gmc,sierra 2500hd,Excellent,Automatic,8,diesel,120034,Low CC,44,1
2016,nissan,370z,Excellent,Manual,6,gas,35175,Low CC,6,1
2014,chevrolet,silverado 3500hd,Excellent,Automatic,8,gas,51361,Low CC,28,1
2017,ford,transit,Excellent,Automatic,6,gas,17528,Low CC,29,2
2014,chrysler,300,Excellent,Automatic,6,gas,85000,Low CC,25,1
2018,honda,cr-v,Excellent,Manual,4,gas,18500,Low CC,34,1
2012,ram,5500,Excellent,Automatic,6,diesel,80123,Low CC,50,1
2010,ford,super-duty f-350,Excellent,Automatic,8,diesel,84550,Low CC,36,1
2015,chevrolet,silverado 2500hd,Excellent,Manual,8,diesel,155885,Low CC,50,1
2017,cadillac,xt5 platinum,Excellent,Manual,6,gas,47300,Low CC,25,1
2016,ford,transit,Excellent,Manual,6,gas,105575,Low CC,17,1
2012,chevrolet,silverado 3500hd,Excellent,Manual,8,gas,72686,Low CC,32,1
2016,ram,3500,Excellent,Manual,6,diesel,99000,Low CC,29,1
2015,ram,2500,Excellent,Manual,8,gas,38505,Low CC,38,1
2016,ford,econoline,Excellent,Automatic,8,gas,47213,Low CC,46,1
2016,toyota,tundra,Excellent,Automatic,8,gas,25546,Low CC,46,1
2019,chevrolet,silverado 1500,Excellent,Manual,8,gas,3530,Low CC,15,1
2015,audi,q5 quattro premium plus tdi,Excellent,Automatic,6,diesel,43885,Low CC,34,1
2016,ford,f-350 sd,Excellent,Automatic,8,diesel,41065,Low CC,10,1
2014,jeep,wrangler unlimited sahara,Excellent,Manual,6,gas,58931,Low CC,16,1
2017,ford,f150,Excellent,Automatic,6,gas,49010,Low CC,19,1
2015,ford,f-150 lariat,Excellent,Automatic,8,gas,40188,Low CC,9,1
2015,mercedes-benz,sprinter,Excellent,Automatic,4,diesel,34718,Low CC,24,1
2012,volvo,vnl64t,Excellent,Manual,6,diesel,462409,Low CC,25,1
2011,chevrolet,silverado 3500hd,Excellent,Automatic,8,gas,44433,Low CC,33,1
2014,chevrolet,silverado 2500 hd,Excellent,Automatic,8,gas,80891,Low CC,33,1
2013,ford,f-150,Excellent,Automatic,8,gas,97000,Low CC,44,1
2018,chevrolet,silverado lt 4x4,Excellent,Automatic,8,gas,43345,Low CC,32,1
2013,mercedes-benz,s550,Excellent,Automatic,8,gas,22871,Low CC,29,1
2014,toyota,tundra,Excellent,Automatic,8,gas,58054,Low CC,46,1
2015,gmc,sierra 2500hd,Excellent,Automatic,8,diesel,110800,Low CC,34,1
2012,chevrolet,silverado 3500hd,Excellent,Manual,8,gas,72686,Low CC,35,1
2016,jeep,grand cherokee,Excellent,Automatic,6,diesel,26178,Low CC,28,1
2012,ram,3500 long bed diesel truck,Excellent,Manual,6,diesel,80504,Low CC,45,1
2018,gmc,sierra 2500hd,Excellent,Manual,8,diesel,31200,Low CC,33,2
2011,ram,2500,Excellent,Automatic,6,diesel,176000,Low CC,46,1
2016,lexus,is200t is 200t is200 200,Excellent,Manual,4,gas,30201,Low CC,14,1
2016,ford,f-150 platinum,Excellent,Manual,8,gas,97590,Low CC,28,1
2006,gmc,c4c042,Excellent,Manual,6,diesel,43119,Low CC,45,1
2014,ford,f150 fx4,Excellent,Automatic,6,gas,71000,Low CC,12,1
2017,chevrolet,silverado 1500,Excellent,Automatic,8,gas,20992,Low CC,23,1
2015,gmc,sierra,Excellent,Automatic,8,gas,60000,Low CC,39,1
2014,bmw,428i convertible,Excellent,Automatic,4,gas,24555,Low CC,41,1
2016,ram,3500,Excellent,Automatic,6,diesel,77231,Low CC,10,1
2016,chevrolet,silverado 2500hd,Excellent,Automatic,8,gas,78001,Low CC,11,1
2019,ford,expedition,Excellent,Manual,6,gas,2264,Low CC,26,2
2014,chevrolet,silverado 1500,Excellent,Automatic,8,gas,68262,Low CC,28,1
2008,ford,f-350 sd,Excellent,Manual,8,gas,46327,Low CC,6,1
2018,ford,f150,Excellent,Automatic,6,gas,10006,Low CC,7,1
2017,nissan,maxima,Excellent,Automatic,6,gas,32000,Low CC,27,1
2012,lexus,ls 460 4 dr sedan,Excellent,Automatic,8,gas,13846,Low CC,36,1
2016,ford,f-550,Excellent,Manual,8,diesel,126000,Low CC,32,1
2015,cadillac,escalade,Excellent,Automatic,8,gas,56500,Low CC,46,1
2018,chevrolet,silverado z71 lt 4x4,Excellent,Automatic,8,gas,21000,Low CC,20,1
2017,chevrolet,express,Excellent,Manual,8,gas,35228,Low CC,32,1
2015,cadillac,escalade,Excellent,Manual,8,gas,28092,Low CC,32,2
2015,toyota,tacoma,Excellent,Automatic,6,gas,49735,Low CC,36,1
2012,ram,2500,Excellent,Manual,6,diesel,181390,Low CC,21,1
2013,ram,1500,Excellent,Manual,6,gas,92721,Low CC,30,1
2017,ford,mustang gt,Excellent,Automatic,8,gas,9000,Low CC,10,1
2015,gmc,sierra 1500,Excellent,Automatic,8,gas,26027,Low CC,29,1
2014,ram,1500 hemi,Excellent,Manual,8,gas,89075,Low CC,13,1
2016,chevrolet,silverado 3500hd,Excellent,Automatic,8,diesel,47847,Low CC,25,1
2016,dodge,challenger r/t,Excellent,Automatic,8,gas,24570,Low CC,19,1
2017,dodge,grand caravan,Excellent,Automatic,6,gas,41250,Low CC,40,1
2018,chevrolet,silverado,Excellent,Automatic,8,gas,29845,Low CC,29,1
2017,kia,sorento sxl,Excellent,Automatic,6,gas,44200,Low CC,47,1
2013,cadillac,cts-v,Excellent,Automatic,8,gas,68500,Low CC,20,1
2016,ram,1500,Excellent,Automatic,8,gas,22167,Low CC,10,1
1986,rover,defender 90,Excellent,Automatic,4,diesel,50915,Low CC,31,2
2011,ram,3500 laramie 4x4 drw,Excellent,Automatic,6,diesel,169900,Low CC,12,1
1969,chevrolet,camaro z/28,Excellent,Automatic,8,gas,65709,Low CC,38,2
2013,ford,f-450 sd,Excellent,Automatic,8,diesel,85025,Low CC,50,1
2012,ford,f-250 sd,Excellent,Automatic,8,diesel,121274,Low CC,32,1
2008,ford,f-350 sd,Excellent,Automatic,8,gas,46327,Low CC,43,1
1990,subaru,westfalia syncro,Excellent,Automatic,4,gas,135021,Low CC,43,1
2014,chevrolet,silverado 1500,Excellent,Manual,8,gas,129360,Low CC,13,1
1971,chevrolet,blazer k5,Excellent,Manual,8,gas,98765,Low CC,5,1
2009,ford,f-350,Excellent,Manual,8,gas,85323,Low CC,24,1
2016,toyota,tacoma,Excellent,Manual,6,gas,28619,Low CC,41,1
2012,chevrolet,silverado 2500hd,Excellent,Automatic,8,diesel,104533,Low CC,21,1
2015,toyota,tundra crewmax 5.7 clean,Excellent,Automatic,8,gas,119545,Low CC,14,1
2017,volvo,xc60 t5 fwd inscription,Excellent,Automatic,4,gas,16500,Low CC,19,1
2017,chevrolet,silverado 1500,Excellent,Manual,8,gas,25573,Low CC,16,1
2016,toyota,highlander,Excellent,Manual,6,gas,34060,Low CC,35,1
2017,cadillac,xt5 premium luxury,Excellent,Automatic,6,gas,61517,Low CC,39,1
2017,ford,f-250 f250,Excellent,Automatic,8,gas,26000,Low CC,27,2
2016,mercedes-benz,c-class,Excellent,Automatic,6,gas,23557,Low CC,44,1
2017,chevrolet,silverado,Excellent,Automatic,8,gas,39206,Low CC,32,1
2018,lexus,rx350l,Excellent,Manual,6,gas,5479,Low CC,14,1
2012,mercedes-benz,sprinter 2500,Excellent,Automatic,6,diesel,62321,Low CC,32,1
2015,toyota,tundra limited,Excellent,Automatic,8,gas,82000,Low CC,39,1
2017,ford,f150,Excellent,Manual,8,gas,12358,Low CC,16,1
1969,chevrolet,camaro convertible,Excellent,Automatic,8,gas,82000,Low CC,32,1
2016,ford,f-150,Excellent,Manual,6,gas,30115,Low CC,31,1
2011,ford,f-450sd,Excellent,Manual,8,diesel,195044,Low CC,17,1
2015,ford,f-150,Excellent,Automatic,6,gas,81787,Low CC,15,1
2016,chevrolet,colorado z71 lifted,Excellent,Automatic,6,gas,51028,Low CC,49,1
2007,dodge,megacab 2500,Excellent,Automatic,6,diesel,180000,Low CC,23,1
1970,dodge,challenger,Excellent,Automatic,8,gas,958,Low CC,16,2
2016,ford,transit wagon,Excellent,Automatic,6,gas,79000,Low CC,6,1
2016,audi,a5 quattro,Excellent,Manual,4,gas,39000,Low CC,31,1
2015,ram,2500,Excellent,Manual,8,gas,67228,Low CC,27,1
2015,chevrolet,tahoe,Excellent,Manual,8,gas,91000,Low CC,32,1
2016,chevrolet,silverado,Excellent,Automatic,8,gas,42420,Low CC,22,1
2015,jeep,wrangler unlimited,Excellent,Automatic,6,gas,46895,Low CC,19,1
2012,ford,f-250 sd,Excellent,Manual,8,diesel,115228,Low CC,34,1
2018,gmc,conyon all terrain,Excellent,Automatic,6,gas,9600,Low CC,48,1
2014,mercedes-benz,cls-class,Excellent,Automatic,8,gas,37330,Low CC,37,1
2013,gmc,sierra 2500hd,Excellent,Automatic,8,diesel,64440,Low CC,47,1
1932,ford,highboy,Excellent,Automatic,8,gas,7400,Low CC,26,1
2017,nissan,maxima platinum,Excellent,Automatic,6,gas,27263,Low CC,38,1
2015,chevrolet,suburban,Excellent,Manual,8,gas,83313,Low CC,26,1
2015,ram,2500,Excellent,Automatic,6,diesel,42000,Low CC,23,1
2018,bmw,430i convertible,Excellent,Automatic,4,gas,27432,Low CC,46,1
2015,ram,1500 laramie longhorn 4wd,Excellent,Manual,8,gas,82042,Low CC,19,1
2016,ford,explorer sport,Excellent,Automatic,6,gas,68000,Low CC,22,1
1999,ford,f-350 xlt,Excellent,Automatic,8,diesel,30598,Low CC,47,1
2012,ram,2500 laramie diesel truck 4,Excellent,Automatic,6,diesel,79732,Low CC,20,1
2016,ford,f-150,Excellent,Manual,8,gas,53252,Low CC,33,1
2019,chevrolet,colorado,Excellent,Automatic,6,gas,5085,Low CC,37,1
1990,chevrolet,c/k 1500,Excellent,Manual,8,gas,1,Low CC,20,1
2018,chevrolet,silverado lt 4x4,Excellent,Manual,8,gas,31224,Low CC,39,1
2016,bmw,m6 / b6 alpina,Excellent,Manual,8,gas,21821,Low CC,23,2
2015,gmc,sierra 1500,Excellent,Automatic,8,gas,97023,Low CC,10,1
2018,chevrolet,silverado 1500,Excellent,Manual,6,gas,20349,Low CC,34,1
2017,gmc,sierra denali 2500 hd,Excellent,Automatic,8,diesel,47226,Low CC,43,2
2012,ford,f-350,Excellent,Automatic,8,diesel,67000,Low CC,44,1
2017,ford,f-350,Excellent,Automatic,8,diesel,34000,Low CC,16,1
2018,ford,f-150 xlt,Excellent,Manual,6,gas,33737,Low CC,6,1
2012,chevrolet,silverado 3500hd,Excellent,Automatic,8,gas,72686,Low CC,49,1
2013,chevrolet,silverado 2500hd,Excellent,Automatic,8,diesel,100570,Low CC,37,1
2018,chevrolet,silverado lt 4x4,Excellent,Automatic,8,gas,30030,Low CC,23,1
2015,chevrolet,tahoe,Excellent,Manual,8,gas,78000,Low CC,26,1
2018,ford,f-150,Excellent,Manual,6,gas,30290,Low CC,23,1
2017,ford,transit,Excellent,Manual,6,gas,51406,Low CC,35,1
2011,ram,3500,Excellent,Manual,6,diesel,177378,Low CC,26,1
2012,ram,2500,Excellent,Automatic,6,diesel,76737,Low CC,24,1
2018,chevrolet,silverado 2500hd,Excellent,Automatic,8,diesel,23986,Low CC,36,2
2014,audi,a7 quattro prestige,Excellent,Automatic,6,gas,42500,Low CC,25,1
2012,ram,5500,Excellent,Automatic,6,diesel,169202,Low CC,9,2
2015,bmw,"550i m-sport, 5 series",Excellent,Automatic,8,gas,63500,Low CC,8,1
2011,ford,f-350 sd,Excellent,Automatic,8,gas,170359,Low CC,34,1
2012,chevrolet,silverado 3500hd,Excellent,Automatic,8,gas,72686,Low CC,35,1
2019,chevrolet,silverado,Excellent,Manual,8,gas,13287,Low CC,35,1
2015,toyota,tundra,Excellent,Automatic,8,gas,77500,Low CC,23,1
2016,chevrolet,silverado 3500,Excellent,Automatic,8,diesel,90180,Low CC,18,1
2009,chevrolet,silverado 3500hd,Excellent,Automatic,8,diesel,79407,Low CC,10,1
2011,chevrolet,"silverado, 2500hd duramax",Excellent,Automatic,8,diesel,131000,Low CC,15,1
2017,cadillac,escalade,Excellent,Automatic,8,gas,72234,Low CC,12,1
2017,chevrolet,tahoe lt,Excellent,Automatic,8,gas,9738,Low CC,8,1
2016,ford,f-150 xlt,Excellent,Automatic,6,gas,70557,Low CC,18,1
2013,ford,f-350 sd,Excellent,Automatic,8,diesel,159090,Low CC,16,1
2014,ford,f-250 sd,Excellent,Manual,8,diesel,116674,Low CC,28,1
2016,chevrolet,silverado 3500,Excellent,Manual,8,diesel,90180,Low CC,12,1
2015,gmc,sierra,Excellent,Automatic,8,gas,65286,Low CC,15,1
2016,rover,sport,Excellent,Automatic,6,diesel,71840,Low CC,7,1
2003,chevrolet,corvette,Excellent,Automatic,8,gas,11481,Low CC,45,1
2018,chevrolet,tahoe premier,Excellent,Automatic,8,gas,24183,Low CC,23,2
2016,ford,explorer,Excellent,Manual,6,gas,73795,Low CC,31,1
2015,ford,explorer,Excellent,Automatic,6,gas,83219,Low CC,29,1
2014,jeep,wrangler unlimited sahara,Excellent,Automatic,6,gas,58931,Low CC,29,1
2018,ram,1500 sport,Excellent,Automatic,8,gas,24662,Low CC,7,1
2019,nissan,z,Excellent,Automatic,6,gas,3503,Low CC,48,1
2016,ford,transit 350 xlt 15 pass,Excellent,Manual,6,gas,24313,Low CC,14,1
2015,chevrolet,silverado high country,Excellent,Manual,8,gas,108000,Low CC,28,1
2014,infiniti,qx80,Excellent,Automatic,8,gas,85167,Low CC,21,1
2018,chevrolet,traverse lt 3rd row,Excellent,Automatic,6,gas,12581,Low CC,24,1
2018,ford,super duty f-250,Excellent,Automatic,8,diesel,29202,Low CC,24,1
2017,subaru,outback 3.6r limited awd,Excellent,Manual,6,gas,40275,Low CC,13,1
2009,ford,shelby gt 500,Excellent,Manual,8,gas,9323,Low CC,6,1
2017,cadillac,escalade esv sport,Excellent,Automatic,8,gas,87083,Low CC,34,1
2010,gmc,sierra 2500hd,Excellent,Automatic,8,diesel,147842,Low CC,43,1
2015,ford,f-150,Excellent,Manual,6,gas,24144,Low CC,22,1
2016,chevrolet,silverado 1500,Excellent,Automatic,8,gas,83690,Low CC,5,1
2011,ford,f-350 sd,Excellent,Automatic,8,diesel,147105,Low CC,48,1
2016,chevrolet,silverado 1500,Excellent,Manual,6,gas,19581,Low CC,48,1
2016,honda,odyssey,Excellent,Manual,6,gas,66314,Low CC,39,1
2013,ram,2500,Excellent,Manual,6,diesel,66469,Low CC,17,1
2019,toyota,tacoma,Excellent,Automatic,6,gas,1700,Low CC,28,1
2018,acura,mdx,Excellent,Automatic,6,gas,31000,Low CC,8,1
2017,ford,transit,Excellent,Automatic,6,gas,24337,Low CC,37,1
2018,ford,super duty f-250 srw,Excellent,Manual,8,diesel,39467,Low CC,37,1
2012,ram,3500,Excellent,Automatic,6,diesel,160496,Low CC,26,1
2015,chevrolet,silverado,Excellent,Automatic,8,gas,80722,Low CC,26,1
2013,chevrolet,silverado 3500 hd,Excellent,Manual,8,diesel,76000,Low CC,9,1
1956,chevrolet,3100 pickup,Excellent,Manual,8,gas,3000,Low CC,12,1
2012,bmw,650 xi convertible,Excellent,Manual,8,gas,62000,Low CC,19,1
2014,ford,f-150,Excellent,Automatic,8,gas,69207,Low CC,43,1
1967,chevrolet,corvette,Excellent,Automatic,8,gas,75150,Low CC,15,2
2015,chevrolet,silverado,Excellent,Automatic,8,gas,46600,Low CC,6,1
2015,chevrolet,silverado 2500hd,Excellent,Manual,8,diesel,99224,Low CC,19,1
2015,chevrolet,silverado crewcab,Excellent,Automatic,8,gas,45200,Low CC,29,1
2011,ram,3500,Excellent,Manual,6,diesel,132520,Low CC,27,1
2013,ford,f150 super crew fx4,Excellent,Manual,8,gas,76525,Low CC,25,1
2017,ford,f-550,Excellent,Manual,8,diesel,7132,Low CC,38,2
2018,ford,f-150,Excellent,Automatic,6,gas,9300,Low CC,21,1
2016,chevrolet,suburban ltz,Excellent,Automatic,8,gas,36890,Low CC,37,1
2011,ford,f-350 super duty lariat li,Excellent,Manual,8,diesel,94844,Low CC,44,1
2017,chevrolet,silverado 1500,Excellent,Manual,8,gas,59510,Low CC,9,1
2014,chevrolet,silverado 1500,Excellent,Automatic,8,gas,121736,Low CC,41,1
1991,bmw,m5,Excellent,Manual,6,gas,120116,Low CC,41,1
2016,ford,f-150,Excellent,Automatic,8,gas,102513,Low CC,40,1
2015,ram,3500,Excellent,Automatic,6,diesel,96502,Low CC,27,1
2012,gmc,denali diesel,Excellent,Manual,4,diesel,67000,Low CC,35,1
2017,dodge,grand caravan sxt,Excellent,Manual,6,gas,50050,Low CC,15,1
2016,ford,f-150 supercrew,Excellent,Automatic,6,gas,36000,Low CC,6,1
2017,gmc,sierra 1500,Excellent,Manual,8,gas,39793,Low CC,25,1
2012,ram,5500,Excellent,Manual,8,diesel,149927,Low CC,31,1
2016,dodge,grand caravan,Excellent,Manual,6,gas,60000,Low CC,28,1
2014,mercedes-benz,e 350,Excellent,Manual,6,gas,28554,Low CC,47,1
2018,gmc,canyon 4x4,Excellent,Automatic,6,gas,9600,Low CC,22,1
2014,ram,2500,Excellent,Manual,6,diesel,87836,Low CC,20,1
2018,chevrolet,silverado lt 4x4,Excellent,Automatic,8,gas,44278,Low CC,37,1
2015,ford,edge,Excellent,Manual,6,gas,36712,Low CC,48,1
2017,toyota,tundra,Excellent,Automatic,8,gas,16388,Low CC,31,1
2016,chevrolet,silverado 2500,Excellent,Automatic,8,diesel,104960,Low CC,16,1
1972,chevrolet,corvette stingray,Excellent,Manual,8,gas,98300,Low CC,12,1
2014,ram,1500,Excellent,Automatic,8,gas,68489,Low CC,21,1
2011,gmc,2500 denali,Excellent,Manual,8,diesel,193552,Low CC,11,1
2015,jeep,grand cherokee sport 4x4,Excellent,Automatic,6,gas,57423,Low CC,11,1
2018,ford,f-150 fx4,Excellent,Automatic,8,gas,13000,Low CC,44,1
2014,chevrolet,silverado 1500,Excellent,Automatic,8,gas,47000,Low CC,22,1
2008,gmc,sierra 2500hd,Excellent,Automatic,8,diesel,87933,Low CC,5,1
2011,ford,f-250 sd,Excellent,Automatic,8,diesel,183450,Low CC,17,1
2015,hyundai,equus signature,Excellent,Automatic,8,gas,4105,Low CC,17,1
2016,chevrolet,silverado,Excellent,Manual,8,gas,60000,Low CC,24,1
2018,ford,f-150 xlt 4x4,Excellent,Automatic,6,gas,22713,Low CC,50,1
2018,jeep,wrangler unlimited,Excellent,Manual,6,gas,18800,Low CC,19,1
2012,ram,2500,Excellent,Manual,6,diesel,130142,Low CC,35,1
2014,ram,3500 tradesman,Excellent,Manual,8,gas,34430,Low CC,19,1
2014,toyota,tundra,Excellent,Manual,8,gas,93165,Low CC,14,1
2018,toyota,tacoma 4x4 v6,Excellent,Automatic,6,gas,20700,Low CC,16,1
2013,ford,f350 platinum 4x4,Excellent,Automatic,8,diesel,155000,Low CC,29,1
2010,toyota,tacoma,Excellent,Automatic,6,gas,67315,Low CC,36,1
2018,nissan,armada,Excellent,Manual,8,gas,43608,Low CC,5,1
2015,ford,f-150,Excellent,Automatic,8,gas,31430,Low CC,33,1
2015,chevrolet,silverado,Excellent,Automatic,8,gas,79812,Low CC,10,1
2014,mercedes-benz,benz sprinter 2500,Excellent,Automatic,6,diesel,123836,Low CC,11,1
2017,toyota,tacoma,Excellent,Manual,6,gas,27435,Low CC,5,1
2013,infiniti,qx56,Excellent,Manual,8,gas,93269,Low CC,26,1
2016,bmw,x3,Excellent,Manual,4,gas,42911,Low CC,13,1
2018,toyota,tacoma,Excellent,Automatic,6,gas,5861,Low CC,45,1
2010,mercedes-benz,g550,Excellent,Automatic,8,gas,136449,Low CC,14,1
2012,chevrolet,silverado 3500hd,Excellent,Manual,8,gas,72686,Low CC,21,1
2013,ram,2500,Excellent,Automatic,8,gas,59268,Low CC,16,1
2017,gmc,sierra 1500,Excellent,Automatic,8,gas,72717,Low CC,36,1
2015,ford,f-150 supercrew xlt sport,Excellent,Automatic,6,gas,53004,Low CC,38,1
2017,ram,1500,Excellent,Automatic,8,gas,13000,Low CC,50,1
2018,chevrolet,silverado lt 4x4,Excellent,Automatic,8,gas,30030,Low CC,24,1
2016,chevrolet,suburban 1500,Excellent,Manual,8,gas,119803,Low CC,27,1
2016,ram,2500,Excellent,Automatic,6,diesel,103915,Low CC,39,1
2013,ram,1500,Excellent,Manual,8,gas,51000,Low CC,32,1
2018,mercedes-benz,gla,Excellent,Automatic,4,gas,28906,Low CC,6,1
2015,gmc,2500hd double cab,Excellent,Manual,8,gas,28016,Low CC,29,1
2015,gmc,sierra 1500,Excellent,Manual,8,gas,135874,Low CC,39,1
2008,ford,f-350 sd,Excellent,Automatic,8,gas,46327,Low CC,40,1
2014,ford,f150,Excellent,Automatic,6,gas,58480,Low CC,45,1
2014,chevrolet,silverado,Excellent,Automatic,8,gas,47048,Low CC,28,1
2018,ford,super duty f-250,Excellent,Automatic,8,diesel,64886,Low CC,46,1
2010,ford,f150 svt raptor,Excellent,Manual,8,gas,87986,Low CC,42,1
2013,ford,f-450 sd,Excellent,Manual,8,diesel,85025,Low CC,47,1
2018,ford,transit-250,Excellent,Automatic,6,gas,23069,Low CC,11,1
2016,ram,2500 crew cab,Excellent,Automatic,6,diesel,51279,Low CC,19,1
2016,chevrolet,silverado 1500,Excellent,Manual,8,gas,34493,Low CC,38,1
2017,toyota,tacoma,Excellent,Automatic,6,gas,25859,Low CC,20,1
2017,ram,2500 diesel,Excellent,Manual,6,diesel,75754,Low CC,15,1
2016,jeep,lifted wrangler unlimited,Excellent,Manual,6,gas,37400,Low CC,6,1
2015,ford,f-150,Excellent,Manual,6,gas,112324,Low CC,48,1
2015,gmc,sierra 1500,Excellent,Automatic,8,gas,130493,Low CC,44,1
2016,gmc,yukon,Excellent,Automatic,8,gas,47110,Low CC,38,1
2007,jeep,wrangler unlimited x,Excellent,Automatic,6,gas,112000,Low CC,29,1
2017,ford,f150 super crew,Excellent,Automatic,8,gas,7256,Low CC,16,1
2014,ram,2500,Excellent,Manual,8,gas,121437,Low CC,34,1
2016,ford,f-550,Excellent,Manual,8,diesel,126000,Low CC,36,1
2011,ford,f250,Excellent,Manual,8,diesel,108444,Low CC,35,1
2013,ford,f150 fx4 4x4,Excellent,Automatic,6,gas,83382,Low CC,7,1
2018,ford,f-250,Excellent,Manual,8,diesel,23607,Low CC,42,2
2010,ford,super duty f-350 drw lariat,Excellent,Automatic,8,diesel,110478,Low CC,15,1
2017,bmw,m2 base coupe 2-door,Excellent,Manual,8,gas,27800,Low CC,45,1
2016,jeep,wrngler rubicon,Excellent,Manual,6,gas,32900,Low CC,13,1
2012,ram,3500,Excellent,Automatic,6,diesel,96974,Low CC,21,1
2012,mercedes-benz,cls 550,Excellent,Manual,8,gas,53594,Low CC,29,1
2015,chevrolet,suburban,Excellent,Automatic,8,gas,52250,Low CC,29,1
2012,chrysler,srt8,Excellent,Manual,8,gas,51264,Low CC,23,1
2015,chevrolet,silverado 1500,Excellent,Manual,8,gas,80604,Low CC,44,1
2016,jeep,wrangler,Excellent,Manual,6,gas,24650,Low CC,21,1
2015,chevrolet,tahoe,Excellent,Automatic,8,gas,57678,Low CC,26,1
2015,gmc,2500,Excellent,Automatic,8,gas,77352,Low CC,33,1
2013,ford,f-150,Excellent,Automatic,6,gas,73900,Low CC,22,1
2016,chevrolet,silverado,Excellent,Manual,6,gas,36500,Low CC,5,1
2012,ford,super duty f-350 drw,Excellent,Automatic,8,diesel,84310,Low CC,16,1
2016,ram,2500,Excellent,Manual,6,diesel,63000,Low CC,31,1
2012,gmc,sierra 2500hd,Excellent,Automatic,8,diesel,129543,Low CC,47,1
2013,ford,f150 fx4 4x4,Excellent,Automatic,6,gas,83382,Low CC,50,1
2012,chevrolet,silverado 2500hd,Excellent,Manual,8,gas,79000,Low CC,39,1
2015,dodge,charger,Excellent,Manual,8,gas,9568,Low CC,15,1
2015,gmc,sierra 3500hd crew cab,Excellent,Automatic,8,diesel,78556,Low CC,47,1
2015,cadillac,escalade,Excellent,Automatic,8,gas,77164,Low CC,12,1
2015,cadillac,escalade esv,Excellent,Automatic,6,gas,55000,Low CC,35,1
2018,honda,pilot exl,Excellent,Automatic,6,gas,4,Low CC,13,2
2013,mercedes-benz,gl 450,Excellent,Automatic,8,gas,35774,Low CC,26,1
2014,ram,2500,Excellent,Automatic,6,diesel,116107,Low CC,11,1
2016,ram,1500,Excellent,Automatic,8,gas,15149,Low CC,37,1
2015,ram,3500,Excellent,Manual,6,diesel,22590,Low CC,24,1
2019,ford,f-150,Excellent,Manual,6,gas,4600,Low CC,7,2
2015,mitsubishi,evolution gsr,Excellent,Automatic,4,gas,27000,Low CC,28,1
2018,gmc,acadia,Excellent,Automatic,6,gas,29070,Low CC,17,1
2018,ford,f-150,Excellent,Manual,6,gas,10200,Low CC,41,1
2017,toyota,tundra,Excellent,Manual,8,gas,54167,Low CC,22,1
2006,chevrolet,silverado 3500,Excellent,Automatic,8,diesel,82740,Low CC,48,1
2015,gmc,sierra slt all terrain 1500,Excellent,Automatic,8,gas,59300,Low CC,27,1
2016,toyota,tundra,Excellent,Manual,8,gas,45446,Low CC,22,1
2015,chevrolet,silverado 3500hd,Excellent,Automatic,8,diesel,236534,Low CC,47,1
2011,ram,3500,Excellent,Manual,8,gas,49537,Low CC,8,1
2017,ram,1500,Excellent,Manual,8,gas,27276,Low CC,12,1
2014,chevrolet,corvette stingray,Excellent,Automatic,8,gas,13690,Low CC,27,1
2015,chevrolet,silverado,Excellent,Automatic,8,gas,32020,Low CC,21,1
2013,lexus,gx 460,Excellent,Manual,8,gas,49022,Low CC,50,1
2014,ford,f-350,Excellent,Automatic,8,diesel,112165,Low CC,15,1
2018,audi,s6,Excellent,Automatic,8,gas,13380,Low CC,37,2
2015,ford,edge sport,Excellent,Manual,4,gas,41462,Low CC,26,1
2016,jeep,wrangler sport,Excellent,Manual,6,gas,26000,Low CC,18,1
2014,toyota,sequoia,Excellent,Manual,8,gas,65597,Low CC,34,1
2015,bmw,m4,Excellent,Automatic,6,gas,10442,Low CC,36,1
2017,dodge,charger,Excellent,Automatic,8,gas,54488,Low CC,39,1
2014,chevrolet,silverado 1500,Excellent,Automatic,8,gas,47000,Low CC,35,1
2016,ford,transit wagon,Excellent,Automatic,6,gas,79000,Low CC,25,1
2011,ford,f-250 sd,Excellent,Automatic,8,diesel,106585,Low CC,33,1
2012,ford,f-250 sd,Excellent,Automatic,8,diesel,152781,Low CC,32,1
2016,gmc,sierra z71,Excellent,Automatic,8,gas,42000,Low CC,43,1
2015,ram,2500,Excellent,Automatic,6,diesel,148105,Low CC,7,1
2014,ram,2500 cummins,Excellent,Automatic,6,diesel,68000,Low CC,14,1
2016,ford,f-350 sd,Excellent,Automatic,8,gas,68763,Low CC,26,1
2015,chevrolet,silverado,Excellent,Manual,8,gas,70396,Low CC,18,1
2019,chevrolet,silverado 1500,Excellent,Manual,8,gas,4390,Low CC,34,2
2006,gmc,c4c042,Excellent,Manual,6,diesel,43119,Low CC,43,1
2016,jeep,wrangler unlimited,Excellent,Manual,6,gas,22699,Low CC,37,1
2015,dodge,charger,Excellent,Automatic,8,gas,23560,Low CC,29,1
2013,chevrolet,tahoe ltz,Excellent,Manual,8,gas,102686,Low CC,22,1
2006,ford,f-350 sd xl 4wd,Excellent,Automatic,8,diesel,57000,Low CC,27,1
2018,cadillac,xt5,Excellent,Manual,6,gas,22132,Low CC,9,1
2017,toyota,highlander,Excellent,Automatic,6,gas,35891,Low CC,44,1
2016,ram,2500 laramie limited,Excellent,Automatic,6,diesel,33181,Low CC,38,2
2018,ford,f-150 king ranch fx4,Excellent,Manual,6,gas,24913,Low CC,36,2
2018,dodge,durango,Excellent,Manual,8,gas,9939,Low CC,13,1
2017,ram,1500,Excellent,Automatic,8,gas,27276,Low CC,50,1
2016,toyota,highlander,Excellent,Automatic,6,gas,36170,Low CC,18,1
2012,gmc,sierra 2500hd,Excellent,Automatic,8,diesel,138807,Low CC,49,1
2018,chevrolet,2500 crew 4x4 ltz dmax,Excellent,Manual,8,diesel,77234,Low CC,49,1
2014,ford,f-150,Excellent,Automatic,6,gas,44802,Low CC,9,1
2010,chevrolet,silverado lt,Excellent,Automatic,8,diesel,149987,Low CC,9,1
2012,ram,3500,Excellent,Automatic,6,diesel,97000,Low CC,30,1
2017,ford,transit,Excellent,Automatic,6,gas,24337,Low CC,24,1
2016,ford,transit wagon,Excellent,Automatic,6,gas,79000,Low CC,19,1
2017,toyota,tacoma,Excellent,Automatic,6,gas,62962,Low CC,44,1
2009,ford,super duty f-450 drw,Excellent,Automatic,8,diesel,114605,Low CC,32,1
2018,ram,2500,Excellent,Automatic,8,gas,28124,Low CC,38,1
2015,chevrolet,suburban,Excellent,Manual,8,gas,112453,Low CC,47,1
2016,ram,2500 laramie 4x4,Excellent,Manual,6,diesel,104170,Low CC,23,1
2015,gmc,sierra 1500,Excellent,Automatic,8,gas,41499,Low CC,10,1
2016,ford,f-350 sd,Excellent,Manual,8,diesel,90060,Low CC,32,1
2015,ford,f150 lariat,Excellent,Automatic,6,gas,59000,Low CC,30,1
2012,gmc,sierra 2500hd crew cab slt,Excellent,Automatic,8,diesel,117000,Low CC,11,1
2015,audi,a8l,Excellent,Automatic,8,gas,48714,Low CC,25,1
2014,toyota,tacoma,Excellent,Automatic,6,gas,111385,Low CC,46,1
2015,gmc,sierra 3500hd,Excellent,Automatic,8,diesel,148598,Low CC,15,1
2011,ford,f250,Excellent,Manual,8,diesel,180608,Low CC,19,1
2010,ford,super duty f-350 srw,Excellent,Automatic,8,diesel,87000,Low CC,30,1
2016,ford,f-150 platinum,Excellent,Automatic,8,gas,97590,Low CC,38,1
2019,ram,1500 4x4,Excellent,Automatic,8,gas,8584,Low CC,23,2
2019,ford,f-150,Excellent,Automatic,6,gas,4876,Low CC,41,1
2016,ram,3500,Excellent,Manual,6,diesel,53000,Low CC,44,1
2013,infiniti,qx56,Excellent,Manual,8,gas,93269,Low CC,18,1
2014,chevrolet,silverado 1500,Excellent,Automatic,8,gas,68262,Low CC,6,1
2015,chevrolet,suburban,Excellent,Manual,8,gas,52250,Low CC,43,1
2015,chevrolet,tahoe,Excellent,Automatic,8,gas,105918,Low CC,48,1
2016,ford,f-150,Excellent,Automatic,6,gas,19453,Low CC,29,1
2017,jeep,wrangler unlimited,Excellent,Automatic,6,gas,43410,Low CC,28,1
2015,gmc,sierra 2500hd,Excellent,Automatic,8,diesel,110800,Low CC,39,1
2018,gmc,canyon 4x4,Excellent,Automatic,6,gas,9600,Low CC,41,1
2010,chevrolet,corvette,Excellent,Manual,8,gas,32500,Low CC,33,1
1956,ford,f100,Excellent,Automatic,8,gas,1000,Low CC,25,1
2011,jaguar,xk convertible,Excellent,Automatic,8,gas,44300,Low CC,6,1
2009,ford,f-550,Excellent,Manual,8,diesel,98912,Low CC,6,1
2015,gmc,sierra 2500hd,Excellent,Manual,8,diesel,188096,Low CC,13,1
2015,mercedes-benz,benz,Excellent,Automatic,6,gas,32700,Low CC,12,1
2002,ford,f350,Excellent,Automatic,8,diesel,35157,Low CC,9,1
1978,ford,bronco,Excellent,Automatic,8,gas,14825,Low CC,23,1
2016,ram,2500,Excellent,Manual,6,diesel,99646,Low CC,19,1
2017,ram,2500 st,Excellent,Manual,8,gas,8607,Low CC,20,1
2018,toyota,tundra,Excellent,Automatic,8,gas,4991,Low CC,6,1
1931,ford,model a tudor sedan,Excellent,Automatic,8,gas,12404,Low CC,26,1
2016,bmw,7 series,Excellent,Automatic,8,gas,45662,Low CC,39,1
2012,chevrolet,2500,Excellent,Automatic,8,diesel,136701,Low CC,12,1
2015,chevrolet,silverado 1500,Excellent,Automatic,8,gas,33964,Low CC,14,1
2008,ram,4500,Excellent,Automatic,6,diesel,65264,Low CC,19,1
2008,chevrolet,silverado 2500 ltz di,Excellent,Automatic,8,diesel,97523,Low CC,13,1
2012,ram,2500,Excellent,Manual,8,diesel,88220,Low CC,24,1
2015,ford,f450,Excellent,Manual,8,diesel,53803,Low CC,9,1
2013,nissan,maxima,Excellent,Automatic,6,gas,115503,Low CC,29,2
2016,ram,2500,Excellent,Manual,6,diesel,74508,Low CC,19,1
1978,jeep,cj,Excellent,Automatic,8,gas,29058,Low CC,37,1
2015,chevrolet,tahoe,Excellent,Automatic,8,gas,103498,Low CC,7,1
2017,ford,superduty f-350 on american forces deleted,Excellent,Automatic,8,diesel,38149,Low CC,38,2
2013,gmc,sierra 2500hd,Excellent,Automatic,8,diesel,64440,Low CC,13,1
2019,ram,1500,Excellent,Manual,8,gas,9682,Low CC,39,1
2015,gmc,sierra 1500,Excellent,Manual,8,gas,26027,Low CC,17,1
2016,toyota,tundra sr5 lifted,Excellent,Manual,8,gas,31249,Low CC,37,1
2014,ram,3500,Excellent,Manual,8,gas,45901,Low CC,21,1
2014,jeep,grand cherokee summit,Excellent,Automatic,6,gas,51450,Low CC,8,1
2015,lexus,nx 200t,Excellent,Automatic,4,gas,38151,Low CC,9,1
2015,gmc,3500,Excellent,Automatic,8,diesel,164260,Low CC,21,1
1983,audi,quattro,Excellent,Automatic,5,gas,38860,Low CC,49,1
2017,ford,expedition xlt 4x4,Excellent,Automatic,6,gas,60476,Low CC,45,1
2019,chevrolet,silverado 2500hd,Excellent,Automatic,8,diesel,2,Low CC,10,2
2014,audi,s4,Excellent,Manual,6,gas,46443,Low CC,39,1
2016,ford,transit wagon,Excellent,Manual,6,gas,79000,Low CC,7,1
2008,chevrolet,silverado 2500 ltz di,Excellent,Automatic,8,diesel,97523,Low CC,20,1
1944,chevrolet,serial bg626923,Excellent,Manual,6,gas,51540,Low CC,33,1
2017,ford,mustang,Excellent,Manual,8,gas,45000,Low CC,7,1
2017,jeep,grand cherokee limited,Excellent,Manual,6,gas,38574,Low CC,42,1
2017,ford,explorer,Excellent,Automatic,6,gas,7684,Low CC,16,1
2013,ford,f250sd,Excellent,Automatic,8,diesel,111317,Low CC,29,1
2016,chevrolet,350 4x4 passenger van,Excellent,Manual,8,gas,21800,Low CC,8,1
2013,audi,quattro prestige,Excellent,Automatic,8,gas,32000,Low CC,32,1
2015,chevrolet,tahoe,Excellent,Manual,8,gas,61612,Low CC,6,1
2016,ford,explorer,Excellent,Automatic,4,gas,43669,Low CC,41,1
2013,ford,f-450 sd,Excellent,Manual,8,diesel,85025,Low CC,27,1
2011,ford,f-150,Excellent,Automatic,8,gas,99570,Low CC,23,1
2015,chevrolet,silverado ltz,Excellent,Manual,8,gas,12713,Low CC,20,1
2017,cadillac,escalade,Excellent,Manual,8,gas,72234,Low CC,6,1
2015,chevrolet,lt,Excellent,Automatic,6,gas,12794,Low CC,35,1
2004,ram,3500,Excellent,Manual,6,diesel,60965,Low CC,20,1
2018,chevrolet,silverado lt 4x4,Excellent,Automatic,8,gas,19201,Low CC,40,1
2009,ram,2500,Excellent,Automatic,6,diesel,88000,Low CC,5,1
2010,ford,e350,Excellent,Automatic,8,gas,108776,Low CC,14,1
2009,chevrolet,silverado 3500hd,Excellent,Manual,8,diesel,79407,Low CC,29,1
2019,chevrolet,silverado 1500,Excellent,Automatic,8,gas,3345,Low CC,38,1
2018,ford,t250 130 wb cargo,Excellent,Automatic,6,gas,11350,Low CC,8,1
2014,chevrolet,silverado,Excellent,Manual,8,diesel,52243,Low CC,20,1
2017,ford,f250,Excellent,Manual,8,diesel,24615,Low CC,37,1
2015,ram,2500,Excellent,Manual,8,gas,112000,Low CC,44,1
2016,bmw,2 series,Excellent,Automatic,6,gas,70024,Low CC,47,1
2014,rover,sport,Excellent,Automatic,8,gas,48000,Low CC,34,1
2016,jaguar,f-type s,Excellent,Automatic,6,gas,32708,Low CC,38,1
2015,ford,f-250 sd,Excellent,Automatic,8,diesel,171585,Low CC,18,1
2014,ford,mustang gt/cs,Excellent,Manual,8,gas,19577,Low CC,18,1
2018,jeep,grand cherokee,Excellent,Manual,6,gas,16812,Low CC,36,1
2016,chevrolet,silverado 1500,Excellent,Automatic,8,gas,29139,Low CC,16,1
2012,dodge,alt 2500,Excellent,Automatic,6,diesel,79790,Low CC,12,1
2016,chevrolet,silverado hd,Excellent,Automatic,8,diesel,33000,Low CC,22,1
2018,chevrolet,suburban,Excellent,Automatic,8,gas,45399,Low CC,33,1
2018,rover,evoque,Excellent,Automatic,4,gas,30879,Low CC,12,1
2016,ford,focus rs,Excellent,Automatic,4,gas,13300,Low CC,49,1
2011,ford,super duty f-250 srw,Excellent,Automatic,8,diesel,0,Low CC,29,1
2009,ford,f-550,Excellent,Manual,8,diesel,98912,Low CC,45,1
2011,ford,f-250 powerstroke,Excellent,Automatic,8,diesel,89230,Low CC,26,1
2019,nissan,z,Excellent,Automatic,6,gas,3503,Low CC,11,1
2009,pontiac,g8 gxp,Excellent,Automatic,8,gas,2550,Low CC,34,1
2015,gmc,1500,Excellent,Manual,8,gas,22920,Low CC,25,1
2014,chevrolet,silverado,Excellent,Automatic,8,gas,143804,Low CC,47,1
2017,nissan,gtr,Excellent,Automatic,6,gas,19000,Low CC,10,2
2018,ford,transit 150 cargo van,Excellent,Automatic,6,gas,35104,Low CC,48,1
2013,ford,pick up,Excellent,Automatic,8,gas,105500,Low CC,15,1
2020,jeep,gladiator,Excellent,Manual,6,gas,13,Low CC,25,2
2017,toyota,tacoma,Excellent,Manual,6,gas,62962,Low CC,10,1
2017,ram,1500,Excellent,Manual,8,gas,21948,Low CC,30,1
2015,ford,f350,Excellent,Automatic,8,diesel,53853,Low CC,23,1
2016,gmc,sierra 2500hd,Excellent,Automatic,8,gas,35302,Low CC,47,1
2014,ram,3500,Excellent,Manual,6,diesel,76179,Low CC,24,1
2016,ford,f-150,Excellent,Automatic,6,gas,66158,Low CC,13,1
2018,chevrolet,express 2500,Excellent,Manual,6,gas,1525,Low CC,32,1
2012,chevrolet,1500 crew cab,Excellent,Automatic,8,gas,86575,Low CC,48,1
1957,chevrolet,3800,Excellent,Manual,8,gas,21930,Low CC,14,2
2015,ford,f150 xlt 4x4 crew,Excellent,Automatic,6,gas,43487,Low CC,24,1
2015,chevrolet,tahoe,Excellent,Automatic,8,gas,91000,Low CC,15,1
2015,ford,f-150,Excellent,Manual,6,gas,41559,Low CC,48,1
2017,chevrolet,silverado z71,Excellent,Manual,8,gas,46200,Low CC,42,1
1948,chevrolet,loadmaster,Excellent,Automatic,8,gas,1,Low CC,49,1
2015,gmc,sierra,Excellent,Manual,8,gas,26674,Low CC,18,1
2015,gmc,2500hd duramax denali,Excellent,Automatic,8,diesel,99511,Low CC,21,1
2018,ram,2500,Excellent,Manual,6,diesel,7643,Low CC,42,1
1965,ford,mustang convertible,Excellent,Manual,8,gas,96140,Low CC,22,1
2014,dodge,2500,Excellent,Manual,6,diesel,42000,Low CC,28,1
2018,honda,crv ex,Excellent,Manual,4,gas,6230,Low CC,34,1
1937,dodge,brothers,Excellent,Automatic,8,gas,76000,Low CC,10,1
2016,ford,transit,Excellent,Automatic,6,gas,105575,Low CC,15,1
2015,ram,1500,Excellent,Manual,8,gas,56114,Low CC,35,1
2017,ford,f-350 sd,Excellent,Manual,8,diesel,34895,Low CC,37,2
2017,nissan,titan,Excellent,Manual,8,gas,12940,Low CC,23,1
2016,gmc,sierra 1500,Excellent,Manual,8,gas,44300,Low CC,24,1
2015,dodge,challenger hellcat,Excellent,Automatic,8,gas,7400,Low CC,44,1
2016,gmc,sierra,Excellent,Manual,8,gas,72884,Low CC,47,1
2017,toyota,highlander,Excellent,Automatic,6,gas,17600,Low CC,42,1
2017,lincoln,mkx,Excellent,Automatic,6,gas,39000,Low CC,35,1
2015,chevrolet,2500hd crew cab,Excellent,Manual,8,gas,69628,Low CC,39,1
2005,ford,f-450 sd,Excellent,Manual,8,diesel,193200,Low CC,24,1
2014,chevrolet,silverado ltz,Excellent,Manual,8,gas,107000,Low CC,43,1
2016,chevrolet,silverado 2500,Excellent,Manual,8,gas,84325,Low CC,27,1
2017,chrysler,pacifica touring l van,Excellent,Automatic,6,gas,15965,Low CC,26,1
2017,ford,explorer,Excellent,Automatic,6,gas,32606,Low CC,12,1
2013,chevrolet,1/2 t crew cab ltz 4x4,Excellent,Automatic,8,gas,83037,Low CC,13,1
2006,ram,2500,Excellent,Automatic,6,diesel,129796,Low CC,30,1
2014,ford,f-350,Excellent,Automatic,8,diesel,112165,Low CC,17,1
2010,ram,3500,Excellent,Manual,6,diesel,106160,Low CC,32,1
2018,ram,2500,Excellent,Automatic,8,gas,9930,Low CC,33,1
2018,ford,explorer limited,Excellent,Manual,6,gas,20273,Low CC,39,1
2015,chevrolet,silverado 3500hd,Excellent,Manual,8,diesel,88011,Low CC,19,1
2019,ford,f-150,Excellent,Manual,6,gas,2096,Low CC,25,1
2016,toyota,4runner limited suv,Excellent,Automatic,6,gas,38477,Low CC,8,1
2017,chevrolet,traverse,Excellent,Automatic,6,gas,24556,Low CC,18,1
2016,ford,f-150 xlt,Excellent,Automatic,6,gas,22656,Low CC,27,1
2013,ford,f 150,Excellent,Automatic,8,gas,90490,Low CC,40,1
2012,bmw,x5m,Excellent,Automatic,8,gas,76000,Low CC,38,1
2015,ford,f-150,Excellent,Manual,8,gas,51065,Low CC,47,1
2014,ram,diesel cummins 2500,Excellent,Manual,6,diesel,80958,Low CC,36,1
2016,cadillac,srx,Excellent,Automatic,6,gas,31409,Low CC,13,1
2017,ford,transit,Excellent,Automatic,6,gas,30704,Low CC,19,1
2016,mercedes-benz,c300,Excellent,Automatic,4,gas,30500,Low CC,35,1
2016,toyota,4runner trail edition,Excellent,Automatic,6,gas,58300,Low CC,22,1
2015,gmc,1500,Excellent,Manual,8,gas,22920,Low CC,34,1
2015,ford,f-150,Excellent,Manual,6,gas,94392,Low CC,24,1
2016,ford,transit,Excellent,Manual,6,gas,2324,Low CC,41,1
2016,ford,explorer,Excellent,Manual,4,gas,25491,Low CC,26,1
2016,ford,f-150 platinum,Excellent,Automatic,8,gas,97590,Low CC,20,1
2017,buick,enclave,Excellent,Manual,6,gas,20012,Low CC,17,1
2015,chevrolet,silverado 2500hd,Excellent,Manual,8,diesel,84863,Low CC,25,1
2015,ford,f-150,Excellent,Automatic,8,gas,83357,Low CC,14,1
2014,ford,f150 eco boost,Excellent,Automatic,6,gas,57623,Low CC,30,1
2012,ram,3500 long bed diesel truck,Excellent,Manual,6,diesel,133821,Low CC,44,1
2011,gmc,sierra 3500hd,Excellent,Manual,8,diesel,138415,Low CC,29,1
2008,ram,4500,Excellent,Manual,6,diesel,65264,Low CC,11,1
2014,ford,f-150,Excellent,Automatic,8,gas,83248,Low CC,8,1
2016,chevrolet,silverado 1500 lt,Excellent,Automatic,8,gas,13000,Low CC,21,1
2019,ford,mustang,Excellent,Automatic,8,gas,1706,Low CC,5,1
2013,ford,f150 fx4 4x4,Excellent,Manual,6,gas,83382,Low CC,22,1
2014,ford,f250,Excellent,Manual,8,diesel,140012,Low CC,40,1
2016,ram,1500,Excellent,Automatic,8,gas,77350,Low CC,25,1
2008,ram,2500,Excellent,Automatic,6,diesel,66810,Low CC,45,1
2015,ford,f-350,Excellent,Manual,8,diesel,129997,Low CC,50,1
2012,jeep,wrangler unlimited,Excellent,Automatic,6,gas,39265,Low CC,20,1
2016,ford,econoline,Excellent,Manual,8,gas,47213,Low CC,41,1
2016,toyota,highlander limited awd,Excellent,Automatic,6,gas,49400,Low CC,34,1
2016,audi,s3,Excellent,Manual,4,gas,41000,Low CC,30,1
2013,chevrolet,corvette,Excellent,Manual,8,gas,34665,Low CC,26,1
2010,ram,3500,Excellent,Manual,6,diesel,115332,Low CC,43,1
1949,chevrolet,3100,Excellent,Automatic,8,gas,26461,Low CC,12,1
2009,ford,f-550,Excellent,Manual,8,diesel,98912,Low CC,15,1
2015,gmc,sierra slt,Excellent,Manual,8,gas,80000,Low CC,16,1
2015,ford,f150 crew,Excellent,Automatic,6,gas,43487,Low CC,12,1
2017,ram,2500 st pick up,Excellent,Automatic,8,gas,8607,Low CC,13,1
2013,ram,1500 laramie,Excellent,Manual,8,gas,29573,Low CC,29,1
2002,volkswagen,eurovan,Excellent,Automatic,6,gas,172580,Low CC,21,1
2017,chevrolet,silverado 1500 crew cab,Excellent,Automatic,8,gas,80480,Low CC,9,1
2017,dodge,grand caravan se,Excellent,Automatic,6,gas,19,Low CC,27,1
2014,ram,diesel cummins 2500,Excellent,Manual,6,diesel,80958,Low CC,47,1
2016,gmc,canyon,Excellent,Manual,6,gas,13500,Low CC,19,1
2016,ford,f150 super crew xlt fx4,Excellent,Automatic,6,gas,115666,Low CC,17,1
2017,dodge,charger,Excellent,Manual,8,gas,19949,Low CC,37,1
2012,jeep,wrangler,Excellent,Automatic,6,gas,62000,Low CC,20,1
2014,gmc,sierra 1500,Excellent,Manual,8,gas,52743,Low CC,7,1
2017,ford,super duty f-350 srw,Excellent,Automatic,8,diesel,100689,Low CC,8,1
2017,audi,q7,Excellent,Manual,4,gas,33700,Low CC,46,1
2017,ford,transit t-350 mr,Excellent,Automatic,6,gas,17528,Low CC,38,2
2011,gmc,sierra 3500hd,Excellent,Manual,8,diesel,138415,Low CC,35,1
2015,mercedes-benz,benz,Excellent,Manual,4,diesel,94108,Low CC,20,1
1964,chevrolet,c10,Excellent,Manual,8,gas,1300,Low CC,39,1
2012,ford,f-350,Excellent,Manual,4,diesel,65096,Low CC,42,1
2011,ford,f350,Excellent,Automatic,8,diesel,182028,Low CC,15,1
2017,ford,f-150,Excellent,Automatic,8,gas,25311,Low CC,9,1
2014,rover,lr4,Excellent,Automatic,6,gas,50000,Low CC,45,1
2017,ford,f150 crew,Excellent,Automatic,6,gas,31301,Low CC,36,1
2018,volkswagen,atlas,Excellent,Automatic,6,gas,22300,Low CC,49,1
2012,chevrolet,silverado 1500,Excellent,Manual,8,gas,74332,Low CC,35,1
2016,chevrolet,silverado 2500,Excellent,Automatic,8,gas,94361,Low CC,5,1
2016,nissan,frontier,Excellent,Automatic,6,gas,37185,Low CC,19,1
2015,ford,explorer sport,Excellent,Manual,6,gas,44000,Low CC,16,1
2007,chevrolet,silverado 3500hd,Excellent,Automatic,8,diesel,74894,Low CC,40,1
2015,ram,3500,Excellent,Automatic,6,diesel,140142,Low CC,15,1
2015,jeep,wrangler,Excellent,Automatic,6,gas,36098,Low CC,29,1
2016,ford,transit,Excellent,Manual,6,gas,2324,Low CC,12,1
2017,ford,transit,Excellent,Manual,6,gas,24337,Low CC,20,1
2014,jeep,wrangler unlimited sahara,Excellent,Manual,6,gas,58931,Low CC,40,1
2014,ram,2500 slt,Excellent,Automatic,6,diesel,35000,Low CC,6,1
2018,ram,5500,Excellent,Automatic,6,diesel,32174,Low CC,41,1
2018,ram,1500 slt 4x4,Excellent,Automatic,6,gas,13459,Low CC,37,1
2013,gmc,sierra 2500hd,Excellent,Manual,8,gas,80344,Low CC,25,1
2015,ram,3500,Excellent,Automatic,6,diesel,22590,Low CC,15,1
2012,chevrolet,silverado 3500hd,Excellent,Manual,8,gas,72686,Low CC,47,1
2012,chevrolet,silverado 2500 hd ltz,Excellent,Automatic,8,gas,119863,Low CC,11,1
2014,nissan,titan,Excellent,Automatic,8,gas,67030,Low CC,27,1
2018,infiniti,q70,Excellent,Manual,6,gas,37609,Low CC,41,1
2016,chevrolet,corvette,Excellent,Automatic,8,gas,13325,Low CC,36,1
2016,ford,f250 super duty,Excellent,Manual,8,diesel,138,Low CC,10,1
2016,chevrolet,silverado 1500,Excellent,Manual,6,gas,37903,Low CC,49,1
2011,ford,f-350 sd,Excellent,Manual,8,diesel,147105,Low CC,35,1
2017,gmc,sierra denali,Excellent,Manual,8,gas,43328,Low CC,50,1
2011,ford,f-150,Excellent,Automatic,8,gas,33950,Low CC,23,1
2015,ford,super duty f-250,Excellent,Manual,8,diesel,0,Low CC,32,1
2018,gmc,yukon,Excellent,Automatic,8,gas,27917,Low CC,34,1
2013,ford,f-150,Excellent,Automatic,8,gas,68015,Low CC,5,1
2016,gmc,sierra,Excellent,Automatic,8,gas,33075,Low CC,25,1
2015,ford,f-250 sd,Excellent,Automatic,8,diesel,125221,Low CC,28,1
2014,mercedes-benz,e350,Excellent,Manual,6,gas,28097,Low CC,6,1
2008,chevrolet,silverado 2500 ltz di,Excellent,Automatic,8,diesel,97523,Low CC,17,1
2006,ford,f-350 sd xl 4wd,Excellent,Automatic,8,diesel,57000,Low CC,35,1
2017,jeep,wrangler rubicon recon,Excellent,Manual,6,gas,16191,Low CC,16,1
2017,ford,f-150,Excellent,Manual,6,gas,31400,Low CC,34,1
2015,cadillac,escalade,Excellent,Automatic,8,gas,85166,Low CC,48,1
2016,mercedes-benz,benz c300 awd,Excellent,Manual,6,gas,24909,Low CC,12,1
2015,ford,f-150 lariat,Excellent,Manual,8,gas,40188,Low CC,30,1
2016,ford,f-350,Excellent,Manual,8,diesel,135000,Low CC,29,1
1949,chevrolet,3100,Excellent,Manual,8,gas,26461,Low CC,13,1
2012,ram,2500,Excellent,Manual,6,gas,112064,Low CC,27,1
2016,subaru,wrx sti,Excellent,Automatic,4,gas,27909,Low CC,37,1
2015,ford,f-250 sd,Excellent,Automatic,8,diesel,125226,Low CC,7,1
2015,toyota,tacoma,Excellent,Manual,6,gas,96550,Low CC,22,1
2015,chevrolet,high country,Excellent,Automatic,8,gas,73000,Low CC,43,1
2017,cadillac,xt5,Excellent,Manual,6,gas,19821,Low CC,32,1
2019,ford,f350,Excellent,Manual,8,diesel,3,Low CC,29,1
2018,ford,super duty f-350,Excellent,Manual,8,diesel,8213,Low CC,5,2
2013,ford,f-150 supercrew fx4,Excellent,Automatic,8,gas,74374,Low CC,37,1
2014,ford,f-150 raptor,Excellent,Automatic,8,gas,71836,Low CC,35,1
2015,chevrolet,tahoe ltz,Excellent,Automatic,8,gas,93848,Low CC,41,1
2013,chevrolet,tahoe,Excellent,Manual,8,gas,66557,Low CC,43,1
2015,ram,2500 gas,Excellent,Automatic,8,gas,141498,Low CC,7,1
2015,gmc,sierra,Excellent,Automatic,8,gas,26674,Low CC,48,1
2019,chevrolet,silverado 1500,Excellent,Automatic,8,gas,3490,Low CC,33,1
2016,ford,f-150 platinum,Excellent,Manual,8,gas,97590,Low CC,16,1
2016,jeep,wrangler unlimited sahara,Excellent,Manual,6,gas,56000,Low CC,27,1
2018,ford,f-250sd lifted,Excellent,Manual,8,diesel,26079,Low CC,6,1
2017,ford,f450,Excellent,Manual,8,diesel,35305,Low CC,22,1
2014,gmc,sierra 2500hd diesel duramax,Excellent,Automatic,8,diesel,115000,Low CC,14,1
2016,ram,2500 diesel,Excellent,Automatic,6,diesel,73230,Low CC,33,1
2016,lexus,nx200 t,Excellent,Manual,4,gas,56700,Low CC,40,1
2015,ford,f-150,Excellent,Automatic,6,gas,79002,Low CC,50,1
2015,chrysler,300,Excellent,Manual,8,gas,42333,Low CC,37,1
2019,mitsubishi,eclipse cross,Excellent,Automatic,4,gas,1,Low CC,13,1
2017,nissan,titan,Excellent,Automatic,8,gas,26005,Low CC,49,1
2013,chevrolet,silverado 3500hd,Excellent,Automatic,8,diesel,197943,Low CC,7,1
2017,ford,f-250 sd,Excellent,Automatic,8,diesel,57297,Low CC,20,1
2014,ram,3500,Excellent,Automatic,6,diesel,190487,Low CC,16,1
2015,gmc,sierra 2500hd,Excellent,Manual,8,diesel,143233,Low CC,31,1
2015,bmw,m3,Excellent,Manual,6,gas,13066,Low CC,47,2
2019,chevrolet,suburban,Excellent,Automatic,8,gas,26179,Low CC,8,1
2016,bmw,x5,Excellent,Manual,6,gas,19317,Low CC,34,1
2012,chevrolet,2500 crew ltz 4x4 dmax,Excellent,Manual,8,diesel,88339,Low CC,15,1
2017,ram,1500,Excellent,Automatic,6,gas,34702,Low CC,12,1
2015,ford,f250 super duty,Excellent,Automatic,8,gas,81529,Low CC,40,1
2008,chevrolet,silverado,Excellent,Automatic,8,diesel,112797,Low CC,36,1
2014,rover,sport,Excellent,Automatic,6,gas,39999,Low CC,29,1
2016,toyota,tacoma limited,Excellent,Automatic,6,gas,77000,Low CC,28,1
2018,jeep,grand cherokee 4x4,Excellent,Automatic,6,gas,9500,Low CC,44,1
2016,chevrolet,silverado 1500,Excellent,Manual,6,gas,37903,Low CC,50,1
2011,chevrolet,corvette,Excellent,Automatic,8,gas,42207,Low CC,48,1
2018,chevrolet,colorado,Excellent,Manual,6,gas,24665,Low CC,46,1
2017,ford,f-250 sd,Excellent,Automatic,8,diesel,57297,Low CC,24,1
2018,ram,1500 4x4,Excellent,Manual,8,gas,34256,Low CC,40,1
2014,ford,f-150,Excellent,Automatic,6,gas,72889,Low CC,14,1
2018,gmc,sierra,Excellent,Manual,8,diesel,34563,Low CC,30,2
2019,ford,f-150,Excellent,Automatic,6,gas,2239,Low CC,10,1
2007,chevrolet,silverado 3500hd,Excellent,Manual,8,diesel,74894,Low CC,26,1
2016,bmw,x5,Excellent,Manual,6,gas,47160,Low CC,32,1
2013,rover,hse,Excellent,Manual,8,gas,120000,Low CC,43,1
2017,ram,1500,Excellent,Manual,6,gas,34702,Low CC,31,1
2013,lexus,es 350,Excellent,Automatic,6,gas,5700,Low CC,41,1
2011,ford,f250,Excellent,Automatic,8,diesel,122702,Low CC,14,1
2012,rover,sport,Excellent,Automatic,8,gas,57000,Low CC,25,1
2017,chevrolet,express,Excellent,Automatic,8,gas,2980,Low CC,11,1
2016,jeep,wrangler,Excellent,Manual,6,gas,12515,Low CC,27,1
2013,jeep,wrangler rubicon,Excellent,Automatic,6,gas,109690,Low CC,16,1
2017,ram,1500,Excellent,Automatic,8,gas,35695,Low CC,11,1
2017,ford,transit t-350 mr,Excellent,Manual,6,gas,17528,Low CC,50,2
2017,ford,f-750,Excellent,Automatic,8,diesel,147562,Low CC,14,1
2011,ford,f-150,Excellent,Automatic,8,gas,33950,Low CC,12,1
2015,infiniti,qx60,Excellent,Automatic,6,gas,53754,Low CC,46,1
2019,ford,transit wagon,Excellent,Automatic,6,gas,2750,Low CC,43,1
2005,ford,excursion limited 4x4,Excellent,Manual,8,diesel,75870,Low CC,27,1
2016,ram,1500,Excellent,Manual,6,diesel,45500,Low CC,29,1
2019,ford,transit,Excellent,Manual,6,gas,16000,Low CC,50,1
2016,chevrolet,camaro,Excellent,Automatic,6,gas,34000,Low CC,20,1
2012,gmc,sierra 2500hd,Excellent,Manual,8,diesel,138807,Low CC,23,1
2016,chrysler,town & country limited,Excellent,Automatic,6,gas,25531,Low CC,15,1
2019,ram,1500,Excellent,Manual,8,gas,13058,Low CC,36,1
2011,chevrolet,silverado 2500hd,Excellent,Automatic,8,gas,52451,Low CC,13,1
2017,gmc,acadia,Excellent,Manual,6,gas,62521,Low CC,9,1
2014,ford,super duty f-250 srw lariat,Excellent,Automatic,8,gas,94525,Low CC,28,1
2016,chevrolet,silverado,Excellent,Automatic,8,gas,28210,Low CC,42,1
2017,ram,1500,Excellent,Automatic,6,gas,34702,Low CC,34,1
2013,ford,f-450 sd,Excellent,Automatic,8,diesel,85025,Low CC,23,1
2019,chevrolet,silverado 1500 ld,Excellent,Automatic,8,gas,3580,Low CC,6,1
2015,gmc,sierra,Excellent,Automatic,8,gas,93920,Low CC,10,1
2014,chevrolet,camaro ss,Excellent,Manual,8,gas,27798,Low CC,48,1
2015,ram,1500,Excellent,Automatic,8,gas,45000,Low CC,48,1
2011,ford,f-350 sd,Excellent,Automatic,8,diesel,147105,Low CC,28,1
2018,ford,f-150 raptor,Excellent,Manual,6,gas,5500,Low CC,9,2
2013,ford,f-150,Excellent,Automatic,8,gas,68015,Low CC,35,1
2017,jeep,unlimited sahara,Excellent,Automatic,6,gas,41479,Low CC,21,1
2015,chevrolet,silverado 2500hd,Excellent,Manual,8,diesel,66797,Low CC,37,1
2014,ram,2500,Excellent,Automatic,6,diesel,151483,Low CC,21,1
2018,gmc,yukon xl sle,Excellent,Manual,8,gas,29286,Low CC,33,1
2001,volkswagen,eurovan,Excellent,Automatic,6,gas,129000,Low CC,48,1
2018,toyota,4runner sr5,Excellent,Manual,6,gas,11500,Low CC,41,1
2016,ford,transit,Excellent,Automatic,6,gas,2324,Low CC,23,1
2018,ford,transit,Excellent,Manual,6,gas,27500,Low CC,14,1
2015,dodge,challenger r/t plus coupe,Excellent,Automatic,8,gas,12860,Low CC,24,1
2016,ram,2500,Excellent,Manual,6,diesel,74508,Low CC,39,1
2013,ford,f-150,Excellent,Manual,8,gas,97000,Low CC,19,1
2017,ford,f-250 xlt lifted,Excellent,Manual,8,diesel,24615,Low CC,37,1
2012,chevrolet,camaro 2ss,Excellent,Automatic,8,gas,14000,Low CC,44,1
2016,chevrolet,silverado 1500,Excellent,Automatic,8,gas,99050,Low CC,32,1
2012,ram,cummins 3500 4x4,Excellent,Automatic,6,diesel,125553,Low CC,35,1
2016,chevrolet,silverado 2500hd,Excellent,Automatic,8,diesel,60048,Low CC,12,1
2016,ford,f-150 platinum,Excellent,Automatic,6,gas,14762,Low CC,49,1
2015,ford,super duty f-350 drw,Excellent,Manual,8,diesel,87000,Low CC,32,1
2015,ford,f-150,Excellent,Automatic,6,gas,103749,Low CC,24,1
2013,ford,f-150,Excellent,Automatic,8,gas,129491,Low CC,29,1
2016,nissan,pathfinder,Excellent,Automatic,6,gas,24752,Low CC,27,1
2017,honda,ridgeline,Excellent,Automatic,6,gas,22500,Low CC,5,1
2019,ford,transit wagon,Excellent,Manual,6,gas,2750,Low CC,5,1
2018,chevrolet,silverado lt 4x4,Excellent,Manual,8,gas,15790,Low CC,13,1
2016,chevrolet,silverado 2500hd,Excellent,Automatic,8,gas,16800,Low CC,47,1
2017,ford,f-350,Excellent,Manual,8,diesel,168061,Low CC,6,1
2018,chrysler,pacifica touring,Excellent,Automatic,6,gas,43000,Low CC,44,1
2016,ford,f-150 xlt,Excellent,Automatic,8,gas,35000,Low CC,30,1
2016,ford,f-150 xlt,Excellent,Automatic,6,gas,28178,Low CC,31,1
2015,bmw,m5,Excellent,Manual,8,gas,35582,Low CC,25,2
2014,chevrolet,silverado 3500hd,Excellent,Manual,8,gas,51361,Low CC,8,1
2014,toyota,tacoma,Excellent,Manual,6,gas,55433,Low CC,45,1
2019,chevrolet,silverado 1500,Excellent,Manual,8,gas,3341,Low CC,47,1
2008,ford,f-350 sd,Excellent,Automatic,8,gas,46327,Low CC,37,1
2012,gmc,sierra slt 2500hd,Excellent,Manual,8,diesel,117000,Low CC,9,1
2020,jeep,gladiator,Excellent,Manual,6,gas,13,Low CC,44,2
2012,ram,5500 cummins 4x4,Excellent,Automatic,6,diesel,214173,Low CC,31,1
2012,ram,3500,Excellent,Manual,6,diesel,116000,Low CC,41,1
2015,toyota,highlander,Excellent,Automatic,6,gas,39688,Low CC,18,1
2015,jeep,wrangler unlimited,Excellent,Automatic,6,gas,29000,Low CC,34,1
2014,ram,2500 cummins,Excellent,Automatic,6,diesel,68000,Low CC,42,1
2007,ram,2500,Excellent,Automatic,6,diesel,80743,Low CC,48,1
2014,chevrolet,silverado high country,Excellent,Automatic,8,gas,78000,Low CC,25,1
2014,toyota,tundra,Excellent,Automatic,8,gas,98892,Low CC,30,1
2013,ram,2500,Excellent,Manual,6,diesel,118845,Low CC,28,1
2018,toyota,4runner,Excellent,Manual,6,gas,28759,Low CC,34,1
2009,ford,f-550,Excellent,Automatic,8,diesel,98912,Low CC,25,1
2018,ford,transit t250 cargo van,Excellent,Automatic,6,gas,39962,Low CC,38,1
2016,chevrolet,silverado,Excellent,Automatic,8,gas,71000,Low CC,47,1
2016,bmw,x6m,Excellent,Automatic,8,gas,49375,Low CC,48,1
2016,chevrolet,ck15543,Excellent,Automatic,8,gas,10600,Low CC,28,1
2018,ford,f-250 lifted,Excellent,Automatic,8,diesel,26079,Low CC,47,1
2016,toyota,tacoma,Excellent,Manual,6,gas,46837,Low CC,50,1
2015,ram,3500,Excellent,Automatic,6,diesel,140142,Low CC,44,1
2013,audi,tt quattro convertible,Excellent,Automatic,4,gas,26256,Low CC,8,1
2017,ford,mustang gt performace pkg,Excellent,Automatic,8,gas,3666,Low CC,15,1
2014,rover,lr4,Excellent,Automatic,6,gas,84042,Low CC,21,1
2016,ford,transit wagon,Excellent,Manual,6,gas,79000,Low CC,12,1
2016,subaru,wrx sti,Excellent,Manual,4,gas,27432,Low CC,46,1
2016,toyota,tacoma,Excellent,Automatic,4,gas,39607,Low CC,30,1
2015,jeep,wrangler unlimited,Excellent,Manual,6,gas,25300,Low CC,39,1
2011,ford,f250,Excellent,Manual,8,diesel,180608,Low CC,5,1
2016,toyota,tacoma,Excellent,Automatic,6,gas,28619,Low CC,44,1
1984,ferrari,308 gtsi qv,Excellent,Manual,8,gas,34293,Low CC,26,2
2016,cadillac,escalade,Excellent,Manual,8,gas,22587,Low CC,26,2
2014,ford,f-250sd,Excellent,Manual,8,diesel,89023,Low CC,31,1
2016,ford,f-150 platinum,Excellent,Automatic,8,gas,97590,Low CC,36,1
2016,ford,f-150,Excellent,Manual,6,gas,107650,Low CC,24,1
2014,chevrolet,silverado 2500hd,Excellent,Automatic,8,diesel,130055,Low CC,40,1
2013,jeep,wrangler,Excellent,Automatic,6,gas,59368,Low CC,10,1
2015,chevrolet,suburban,Excellent,Automatic,8,gas,83313,Low CC,7,1
2013,ford,f150 super crew fx4,Excellent,Automatic,8,gas,76525,Low CC,13,1
2008,chevrolet,silverado,Excellent,Automatic,8,diesel,112797,Low CC,47,1
2017,ram,2500,Excellent,Automatic,6,diesel,62596,Low CC,32,1
2015,ford,f150,Excellent,Automatic,6,gas,53425,Low CC,43,1
2016,lexus,is 200t is200t 200,Excellent,Automatic,4,gas,17310,Low CC,28,1
2015,volkswagen,touareg,Excellent,Automatic,6,gas,39011,Low CC,25,1
2017,nissan,titan,Excellent,Automatic,8,gas,12940,Low CC,30,1
2016,chevrolet,2500hd ltz crew cab,Excellent,Automatic,8,diesel,77570,Low CC,30,1
2014,toyota,tundra 4wd truck,Excellent,Manual,8,gas,94986,Low CC,34,1
2016,chevrolet,silverado 2500hd,Excellent,Manual,8,diesel,107514,Low CC,29,1
2011,chevrolet,silverado 3500hd lt,Excellent,Manual,8,diesel,156278,Low CC,6,1
2015,ford,super duty f-250,Excellent,Automatic,8,diesel,125616,Low CC,24,1
2011,ford,f250,Excellent,Automatic,8,diesel,122702,Low CC,29,1
2018,chevrolet,corvette,Excellent,Automatic,8,gas,1400,Low CC,6,2
2016,chevrolet,silverado 1500,Excellent,Manual,8,gas,90513,Low CC,24,1
2015,chevrolet,camaro 2ss,Excellent,Automatic,8,gas,33346,Low CC,47,1
2016,ford,explorer,Excellent,Automatic,6,gas,38228,Low CC,45,1
2019,infiniti,qx60,Excellent,Manual,6,gas,18777,Low CC,33,1
2017,cadillac,escalade,Excellent,Automatic,8,gas,72234,Low CC,31,1
1989,pontiac,firebird turbo,Excellent,Automatic,6,gas,56317,Low CC,50,1
2015,ford,super duty f-250,Excellent,Manual,8,diesel,108130,Low CC,13,1
2014,chevrolet,silverado 2500hd,Excellent,Manual,8,diesel,155777,Low CC,43,1
2018,chevrolet,colorado,Excellent,Manual,6,gas,18354,Low CC,11,1
2016,jeep,grand cherokee,Excellent,Automatic,6,diesel,26178,Low CC,22,1
2016,ford,f-150,Excellent,Automatic,8,gas,102513,Low CC,37,1
2015,gmc,sierra,Excellent,Automatic,8,gas,78831,Low CC,16,1
2017,ford,f-250 sd,Excellent,Automatic,8,diesel,125780,Low CC,39,1
2014,cadillac,escalade,Excellent,Automatic,8,gas,117752,Low CC,45,1
2016,chevrolet,silverado 1500,Excellent,Automatic,8,gas,23300,Low CC,41,1
1965,chevrolet,biscayne,Excellent,Automatic,8,gas,450,Low CC,12,1
2013,ram,2500,Excellent,Manual,6,diesel,125538,Low CC,32,1
2014,ford,f350,Excellent,Automatic,8,diesel,138634,Low CC,16,1
2018,ford,f-250 lifted,Excellent,Automatic,8,diesel,26079,Low CC,27,1
2012,ford,super duty f350 srw lariat,Excellent,Automatic,8,diesel,157204,Low CC,50,1
2016,ford,transit wagon,Excellent,Automatic,6,gas,79000,Low CC,48,1
2017,ram,1500,Excellent,Manual,6,gas,34702,Low CC,35,1
2018,chevrolet,equinox,Excellent,Manual,4,gas,9500,Low CC,6,1
2016,mercedes-benz,c-class,Excellent,Automatic,4,gas,6520,Low CC,46,1
2012,ram,2500,Excellent,Automatic,6,diesel,181390,Low CC,48,1
2015,ford,f-250 sd,Excellent,Manual,8,diesel,171585,Low CC,31,1
1955,ford,thunderbird,Excellent,Manual,8,gas,89000,Low CC,17,1
2017,dodge,grand caravan,Excellent,Automatic,6,gas,40,Low CC,32,1
2016,ford,explorer,Excellent,Manual,6,gas,73795,Low CC,9,1
2018,gmc,sierra 1500,Excellent,Automatic,8,gas,3219,Low CC,14,2
2018,ford,explorer,Excellent,Automatic,6,gas,10300,Low CC,49,1
2016,cadillac,srx,Excellent,Automatic,6,gas,23864,Low CC,28,1
2013,jeep,wrangler unlimited,Excellent,Automatic,6,gas,20411,Low CC,20,1
2016,ford,f-350 sd,Excellent,Manual,8,diesel,142105,Low CC,24,1
2014,chevrolet,silverado 3500hd,Excellent,Automatic,8,gas,51361,Low CC,10,1
2016,ram,2500,Excellent,Manual,6,diesel,108762,Low CC,9,1
2019,chevrolet,silverado 1500,Excellent,Automatic,8,gas,4172,Low CC,33,1
2015,toyota,tundra 4wd trd pro,Excellent,Automatic,8,gas,32292,Low CC,35,1
2013,ford,super duty f-250,Excellent,Automatic,8,diesel,104515,Low CC,48,1
2016,ford,econoline,Excellent,Automatic,8,gas,47213,Low CC,28,1
2016,ford,transit,Excellent,Automatic,6,gas,2324,Low CC,30,1
2012,ram,2500,Excellent,Automatic,6,diesel,145262,Low CC,31,1
2012,bmw,650i,Excellent,Automatic,8,gas,47266,Low CC,6,1
2014,gmc,sierra 2500hd,Excellent,Automatic,8,diesel,131500,Low CC,34,1
2015,gmc,sierra slt,Excellent,Manual,8,gas,54000,Low CC,7,1
2012,jeep,wrangler,Excellent,Automatic,6,gas,99400,Low CC,11,1
2016,ram,pickup 1500,Excellent,Manual,6,diesel,12304,Low CC,40,1
2015,mercedes-benz,gl 350 4 matic,Excellent,Manual,6,diesel,48000,Low CC,16,1
2015,bmw,m4,Excellent,Manual,6,gas,10442,Low CC,32,1
2016,ram,1500,Excellent,Automatic,8,gas,30149,Low CC,43,1
2016,lexus,is 200t is200t is 200,Excellent,Manual,4,gas,23010,Low CC,45,1
2014,ram,3500,Excellent,Manual,6,diesel,127507,Low CC,17,1
2015,ford,f350,Excellent,Manual,8,diesel,112947,Low CC,20,1
2016,ford,f-150,Excellent,Automatic,6,gas,26000,Low CC,8,1
2017,nissan,titan,Excellent,Automatic,8,diesel,26000,Low CC,29,1
2015,chevrolet,silverado 2500hd built after aug 14,Excellent,Automatic,8,diesel,86345,Low CC,24,1
2014,audi,s6 prestige,Excellent,Manual,8,gas,45000,Low CC,43,1
2015,gmc,2500,Excellent,Automatic,8,gas,77352,Low CC,27,1
2016,ford,econoline,Excellent,Manual,8,gas,47213,Low CC,31,1
2015,chevrolet,silverado 1500 ltz,Excellent,Automatic,8,gas,74126,Low CC,25,1
1960,chevrolet,apache c10,Excellent,Automatic,8,gas,5874,Low CC,17,1
2007,ram,2500 slt bighorn,Excellent,Automatic,6,diesel,86505,Low CC,11,1
2008,chevrolet,kodiak,Excellent,Manual,8,diesel,14147,Low CC,17,1
2017,ford,f150 xlt,Excellent,Manual,8,gas,27000,Low CC,35,1
2018,ford,f-150,Excellent,Automatic,6,gas,31474,Low CC,39,1
2016,chevrolet,silverado 3500 4x4,Excellent,Manual,8,diesel,149800,Low CC,22,1
1966,mercury,cyclone,Excellent,Manual,8,gas,0,Low CC,23,1
2016,ford,f-150 xlt,Excellent,Manual,6,gas,70557,Low CC,42,1
2016,chevrolet,silverado 2500hd,Excellent,Manual,8,gas,37782,Low CC,27,1
2014,ram,1500 sport,Excellent,Automatic,8,gas,51723,Low CC,12,1
2016,ford,f-150 xlt,Excellent,Automatic,6,gas,28178,Low CC,8,1
2015,ford,super duty f-250,Excellent,Manual,8,diesel,125616,Low CC,37,1
2015,ram,3500,Excellent,Automatic,6,diesel,96502,Low CC,35,1
2015,bmw,328d xdrive awd sportwagon,Excellent,Manual,4,diesel,45000,Low CC,38,1
2004,chevrolet,ssr,Excellent,Automatic,8,gas,17456,Low CC,46,1
1970,dodge,coronet super bee,Excellent,Manual,8,gas,32000,Low CC,47,1
2014,ram,3500,Excellent,Automatic,8,gas,45901,Low CC,31,1
1994,toyota,supra turbo markiv,Excellent,Manual,6,gas,155000,Low CC,15,2
2014,ram,2500,Excellent,Manual,6,diesel,65938,Low CC,41,1
2014,ram,1500 hemi,Excellent,Automatic,8,gas,89075,Low CC,16,1
2018,gmc,yukon,Excellent,Automatic,8,gas,27917,Low CC,9,1
2017,jeep,grand cherokee,Excellent,Automatic,6,gas,25443,Low CC,49,1
2018,toyota,tacoma,Excellent,Manual,6,gas,179,Low CC,49,1
2016,toyota,xle handicap,Excellent,Manual,6,gas,9200,Low CC,12,1
2016,ford,f-250 superduty,Excellent,Manual,8,diesel,40609,Low CC,22,1
2017,ram,2500 crew,Excellent,Manual,6,diesel,123664,Low CC,41,1
2017,ram,2500,Excellent,Manual,6,diesel,34123,Low CC,29,1
2016,mercedes-benz,slk,Excellent,Automatic,6,gas,45865,Low CC,34,1
2017,chevrolet,silverado 1500,Excellent,Automatic,8,gas,47000,Low CC,7,1
2014,ram,3500,Excellent,Manual,6,diesel,90519,Low CC,5,1
2015,ford,f-350 lariat crew cab,Excellent,Automatic,8,diesel,87737,Low CC,26,1
2012,gmc,2500 hd denali,Excellent,Automatic,8,diesel,72000,Low CC,47,1
2019,rover,evoke se,Excellent,Automatic,4,gas,176,Low CC,41,1
2015,chevrolet,silverado 1500,Excellent,Automatic,6,gas,109248,Low CC,16,1
2016,chevrolet,silverado 3500hd,Excellent,Automatic,8,diesel,4431,Low CC,15,2
2016,chevrolet,suburban,Excellent,Automatic,8,gas,63000,Low CC,21,1
2018,toyota,tacoma trd,Excellent,Automatic,6,gas,14000,Low CC,40,1
2016,gmc,denali 3500 dually duramax,Excellent,Manual,8,diesel,64159,Low CC,17,2
2015,gmc,3500,Excellent,Automatic,8,diesel,164260,Low CC,10,1
2016,bmw,x5,Excellent,Automatic,8,gas,63930,Low CC,16,1
2016,chevrolet,colorado,Excellent,Automatic,6,gas,50364,Low CC,50,1
2014,toyota,tacoma,Excellent,Automatic,6,gas,111385,Low CC,42,1
2012,chevrolet,silverado 3500hd,Excellent,Automatic,8,gas,72686,Low CC,40,1
2019,chevrolet,silverado 2500hd,Excellent,Manual,8,diesel,3989,Low CC,7,2
2015,chevrolet,tahoe,Excellent,Automatic,8,gas,75291,Low CC,43,1
2016,toyota,tundra,Excellent,Automatic,8,gas,55212,Low CC,50,1
1956,chevrolet,corvette,Excellent,Automatic,8,gas,43502,Low CC,28,2
2016,gmc,sierra 1500,Excellent,Automatic,8,gas,30481,Low CC,12,1
2010,chevrolet,silverado lt,Excellent,Automatic,8,diesel,149987,Low CC,25,1
2017,chrysler,pacifica limited,Excellent,Manual,6,gas,27476,Low CC,5,1
2012,ford,f250,Excellent,Automatic,8,diesel,101917,Low CC,32,1
2017,ford,f-150 raptor f150,Excellent,Automatic,6,gas,44000,Low CC,38,2
2015,gmc,sierra,Excellent,Manual,8,gas,22920,Low CC,14,1
2019,ford,f150,Excellent,Manual,6,gas,610,Low CC,29,1
2011,chevrolet,silverado 2500hd,Excellent,Automatic,8,gas,69000,Low CC,32,1
2014,ram,2500 big horn,Excellent,Automatic,6,diesel,79000,Low CC,11,1
2013,ford,f-450 sd,Excellent,Automatic,8,diesel,85025,Low CC,42,1
2014,ram,2500 cummins,Excellent,Automatic,6,diesel,68000,Low CC,18,1
2018,dodge,challenger r/t,Excellent,Manual,8,gas,34443,Low CC,49,1
2013,chevrolet,silverado 1500,Excellent,Manual,8,gas,35543,Low CC,26,1
2017,infiniti,qx50,Excellent,Manual,6,gas,27687,Low CC,5,1
2014,ford,f-150,Excellent,Automatic,8,gas,92178,Low CC,14,1
2012,ram,3500 cummins 4x4,Excellent,Manual,6,diesel,125553,Low CC,28,1
2014,ram,1500 longhorn,Excellent,Manual,8,gas,33832,Low CC,10,1
2012,jeep,grand cherokee srt8,Excellent,Automatic,8,gas,72606,Low CC,32,1
2014,ford,f-250 lariat,Excellent,Automatic,8,diesel,65400,Low CC,49,1
2017,jeep,wrangler smokey mountain,Excellent,Manual,6,gas,94,Low CC,24,1
2019,cadillac,cts,Excellent,Manual,6,gas,4000,Low CC,12,1
2015,gmc,yukon,Excellent,Automatic,8,gas,83897,Low CC,35,1
2017,ram,1500,Excellent,Automatic,8,gas,41110,Low CC,39,1
2015,chevrolet,silverado,Excellent,Automatic,8,gas,32020,Low CC,11,1
1990,chevrolet,c/k 1500,Excellent,Manual,8,gas,1,Low CC,11,1
2011,ram,2500,Excellent,Automatic,8,diesel,101688,Low CC,19,1
2016,ford,transit wagon,Excellent,Automatic,6,gas,79000,Low CC,20,1
2015,gmc,sierra 2500 slt,Excellent,Automatic,8,gas,91650,Low CC,33,1
2016,ford,f-350,Excellent,Automatic,8,diesel,135000,Low CC,33,1
2018,jeep,grand cherokee,Excellent,Manual,6,gas,16812,Low CC,36,1
2017,chevrolet,camaro 1ss,Excellent,Automatic,8,gas,12769,Low CC,10,1
2018,ford,f-150 xlt 4x4,Excellent,Manual,6,gas,21227,Low CC,6,1
2016,chevrolet,silverado 1500 lifted,Excellent,Automatic,8,gas,42420,Low CC,11,1
2018,chevrolet,silverado lt 4x4,Excellent,Manual,8,gas,44278,Low CC,8,1
2016,chevrolet,colorado,Excellent,Manual,6,gas,51028,Low CC,43,1
2018,toyota,tundra,Excellent,Automatic,8,gas,30795,Low CC,37,1
2015,ford,f350,Excellent,Automatic,8,diesel,116449,Low CC,21,1
2012,ram,2500,Excellent,Automatic,6,diesel,66000,Low CC,50,1
2016,ram,1500,Excellent,Automatic,8,gas,22167,Low CC,47,1
2016,dodge,durango,Excellent,Automatic,8,gas,52620,Low CC,39,1
2016,chevrolet,silverado 1500,Excellent,Automatic,8,gas,99050,Low CC,35,1
2019,ford,transit wagon,Excellent,Manual,6,gas,2750,Low CC,32,1
2019,ford,f-150,Excellent,Automatic,6,gas,2179,Low CC,42,1
2015,toyota,tundra limited,Excellent,Manual,8,gas,82000,Low CC,35,1
2016,chevrolet,silverado 3500,Excellent,Automatic,8,diesel,123346,Low CC,14,1
2016,ford,explorer,Excellent,Manual,6,gas,28750,Low CC,35,1
1962,pontiac,bonneville,Excellent,Automatic,8,gas,11000,Low CC,9,1
2016,ram,2500 laramie,Excellent,Manual,8,gas,60000,Low CC,38,1
2015,chevrolet,silverado 3500hd,Excellent,Automatic,8,diesel,92500,Low CC,27,1
2018,ford,transit,Excellent,Automatic,6,gas,9049,Low CC,25,1
2015,toyota,tacoma trd offroad,Excellent,Automatic,6,gas,30888,Low CC,16,1
2008,ram,2500,Excellent,Automatic,6,diesel,180179,Low CC,47,1
2013,chevrolet,silverado 2500hd,Excellent,Automatic,8,diesel,76105,Low CC,6,1
2014,ford,super duty f-350 drw,Excellent,Automatic,8,diesel,87332,Low CC,44,1
2019,ram,1500 truck,Excellent,Automatic,8,gas,70,Low CC,36,1
2014,chevrolet,silverado 1500,Excellent,Manual,8,gas,40407,Low CC,45,1
2019,nissan,z,Excellent,Manual,6,gas,3503,Low CC,39,1
2018,honda,pilot ex-l with sensing,Excellent,Automatic,6,gas,12400,Low CC,31,1
2016,ford,transit 350,Excellent,Automatic,6,gas,127883,Low CC,16,1
2018,chevrolet,suburban,Excellent,Automatic,8,gas,44586,Low CC,32,1
1935,chevrolet,pu,Excellent,Automatic,6,gas,51917,Low CC,16,1
2017,chevrolet,2500 crew cab lt diesel,Excellent,Manual,8,diesel,33000,Low CC,16,1
2011,ford,f-250 sd,Excellent,Automatic,8,diesel,150879,Low CC,24,1
2020,jeep,gladiator,Excellent,Automatic,6,gas,13,Low CC,32,2
2018,ford,transit,Excellent,Automatic,6,gas,21555,Low CC,33,1
2018,rover,velar,Excellent,Automatic,6,gas,10814,Low CC,32,2
2008,ram,4500,Excellent,Manual,6,diesel,65264,Low CC,29,1
2011,chevrolet,silverado 2500hd,Excellent,Manual,8,diesel,131903,Low CC,46,1
2012,ford,f-250sd,Excellent,Manual,8,diesel,97925,Low CC,6,1
2012,gmc,sierra clt 2500hd,Excellent,Manual,8,diesel,117000,Low CC,24,1
1971,chevrolet,chevelle,Excellent,Automatic,8,gas,23412,Low CC,50,1
1969,chevrolet,camaro ss,Excellent,Automatic,8,gas,50018,Low CC,29,1
2006,chevrolet,corvette,Excellent,Manual,8,gas,33000,Low CC,47,1
2017,chevrolet,silverado 1500,Excellent,Automatic,6,gas,18708,Low CC,27,1
2016,ram,1500,Excellent,Automatic,8,gas,15149,Low CC,18,1
2012,ram,3500,Excellent,Automatic,6,diesel,115600,Low CC,33,1
2016,chevrolet,tahoe,Excellent,Manual,8,gas,45000,Low CC,17,1
1964,chevrolet,c10 truck,Excellent,Manual,8,gas,1300,Low CC,25,1
2018,ford,transit van,Excellent,Automatic,6,gas,12385,Low CC,14,1
2015,ford,mustang,Excellent,Manual,8,gas,8800,Low CC,46,1
2012,ford,f-350,Excellent,Manual,8,diesel,108000,Low CC,15,1
2015,chevrolet,silverado 1500,Excellent,Manual,8,gas,78790,Low CC,39,1
2016,ford,super duty f-250 srw,Excellent,Automatic,8,diesel,105818,Low CC,33,1
2018,ford,edge,Excellent,Manual,4,gas,10277,Low CC,6,1
2015,ford,f-150,Excellent,Manual,6,gas,123313,Low CC,36,1
2016,lexus,rc 350 fsport,Excellent,Manual,6,gas,31734,Low CC,44,1
2012,ford,f250,Excellent,Automatic,8,diesel,101917,Low CC,23,1
2015,chevrolet,silverado 2500hd,Excellent,Automatic,8,diesel,155885,Low CC,38,1
2019,cadillac,cts,Excellent,Manual,6,gas,4500,Low CC,13,1
2008,ford,f-350 sd,Excellent,Automatic,8,gas,46327,Low CC,9,1
2012,ram,3500 laramie longhorn,Excellent,Automatic,6,diesel,175974,Low CC,9,1
2007,ford,mustang shelby gt,Excellent,Manual,8,gas,30200,Low CC,17,1
2014,ford,f-150,Excellent,Automatic,8,gas,50001,Low CC,48,1
2015,ram,1500,Excellent,Manual,6,diesel,19500,Low CC,25,1
2017,ford,f-250 xlt lifted,Excellent,Automatic,8,diesel,24615,Low CC,45,1
2016,jeep,wrangler,Excellent,Automatic,6,gas,15146,Low CC,23,1
2012,ram,5500 cummins 4x4,Excellent,Automatic,6,diesel,214173,Low CC,43,1
2015,gmc,sierra 1500,Excellent,Automatic,8,gas,135874,Low CC,40,1
2017,honda,pilot,Excellent,Automatic,6,gas,37400,Low CC,18,1
2017,nissan,murano 2017 platinum,Excellent,Automatic,6,gas,37100,Low CC,17,1
2013,infiniti,qx56,Excellent,Manual,8,gas,93269,Low CC,22,1
2019,gmc,acadia,Excellent,Manual,6,gas,6500,Low CC,14,1
1970,ford,torino cobra,Excellent,Manual,8,gas,63000,Low CC,31,1
2018,chevrolet,silverado lt 4x4,Excellent,Automatic,8,gas,15790,Low CC,31,1
2014,chevrolet,silverado 1500,Excellent,Automatic,8,gas,65660,Low CC,46,1
2016,ford,super duty f-350 srw,Excellent,Automatic,8,diesel,151324,Low CC,48,1
2017,ford,f-250 xlt lifted,Excellent,Manual,8,diesel,24615,Low CC,35,1
2017,jeep,wrangler unlimited,Excellent,Automatic,6,gas,43410,Low CC,22,1
2016,ford,f-150 supercrew,Excellent,Automatic,6,gas,36000,Low CC,15,1
2014,gmc,sierra 2500hd,Excellent,Manual,8,diesel,64225,Low CC,19,1
1969,chevrolet,chevelle,Excellent,Manual,8,gas,7070,Low CC,27,1
2015,ford,f-250sd,Excellent,Automatic,8,diesel,28393,Low CC,26,1
1935,ford,pickup,Excellent,Automatic,8,gas,72200,Low CC,33,1
2018,dodge,caravan,Excellent,Automatic,6,gas,28920,Low CC,42,1
2010,ram,2500,Excellent,Manual,8,diesel,184465,Low CC,30,1
2012,ram,5500 cummins 4x4,Excellent,Manual,6,diesel,214173,Low CC,23,1
1953,chevrolet,truck,Excellent,Manual,8,gas,110,Low CC,38,1
2009,gmc,sierra 2500hd,Excellent,Automatic,8,diesel,131160,Low CC,25,1
2018,ford,super duty f-250,Excellent,Automatic,8,diesel,29202,Low CC,33,1
2016,gmc,sierra 3500hd,Excellent,Manual,8,diesel,66430,Low CC,6,2
2015,ford,f150,Excellent,Automatic,8,gas,32000,Low CC,44,1
2016,toyota,tundra,Excellent,Manual,8,gas,39840,Low CC,15,1
2013,ford,f-450 sd,Excellent,Automatic,8,diesel,85025,Low CC,48,1
2016,ford,f-350 super crew,Excellent,Manual,8,gas,29010,Low CC,39,1
2016,ford,transit 350 xlt 15 pass,Excellent,Manual,6,gas,24313,Low CC,37,1
2015,lexus,is350,Excellent,Manual,6,gas,49000,Low CC,32,1
2016,ram,1500 laramie,Excellent,Manual,8,gas,19791,Low CC,15,1
2014,ram,2500,Excellent,Automatic,6,diesel,179041,Low CC,20,1
2013,ford,f150 king ranch,Excellent,Automatic,6,gas,80083,Low CC,7,1
2013,chevrolet,tahoe,Excellent,Manual,8,gas,66557,Low CC,6,1
2015,gmc,yukon,Excellent,Automatic,8,gas,124192,Low CC,48,1
2015,chevrolet,1500 silverado 4x4,Excellent,Automatic,8,gas,17043,Low CC,50,1
2015,ford,super duty f-250,Excellent,Manual,8,diesel,0,Low CC,7,1
2017,chevrolet,silverado,Excellent,Manual,8,gas,9132,Low CC,28,1
2018,chevrolet,tahoe,Excellent,Automatic,8,gas,34085,Low CC,8,1
2016,chevrolet,silverado 1500,Excellent,Manual,8,gas,29139,Low CC,16,1
2014,toyota,4runner,Excellent,Automatic,6,gas,46549,Low CC,27,1
2009,ford,super duty f-450 drw,Excellent,Manual,8,diesel,114605,Low CC,8,1
2018,ram,2500,Excellent,Automatic,6,diesel,7643,Low CC,42,1
2019,mercedes-benz,benz glc300,Excellent,Automatic,4,gas,435,Low CC,34,1
2018,chevrolet,silverado 1500,Excellent,Automatic,8,gas,8974,Low CC,37,1
2018,jeep,grand cherokee,Excellent,Manual,6,gas,16812,Low CC,43,1
2012,chevrolet,silverado 3500 diesel,Excellent,Manual,8,diesel,110042,Low CC,17,1
2016,ford,transit wagon,Excellent,Manual,6,gas,79000,Low CC,36,1
2017,chevrolet,silverado 1500,Excellent,Manual,8,gas,42510,Low CC,23,1
2010,ford,e350 van,Excellent,Automatic,8,gas,103000,Low CC,24,1
2013,chevrolet,tahoe ltz 4x4,Excellent,Automatic,8,gas,66360,Low CC,49,1
2017,chevrolet,silverado 1500,Excellent,Automatic,6,gas,31535,Low CC,42,1
2017,ford,f-250 sd,Excellent,Manual,8,diesel,57297,Low CC,38,1
2010,ford,f-150,Excellent,Automatic,8,gas,92635,Low CC,33,1
2019,ford,expedition,Excellent,Automatic,6,gas,4233,Low CC,38,2
2016,gmc,yukon denali,Excellent,Automatic,8,gas,24325,Low CC,6,1
2014,ram,2500,Excellent,Manual,6,diesel,108722,Low CC,28,1
2015,chevrolet,silverado 2500hd,Excellent,Manual,8,gas,67045,Low CC,34,1
2018,nissan,armada,Excellent,Automatic,8,gas,32990,Low CC,20,1
2015,ford,super duty f-250,Excellent,Automatic,8,diesel,125616,Low CC,45,1
2018,dodge,caravan,Excellent,Automatic,6,gas,28920,Low CC,7,1
2011,ford,f350,Excellent,Manual,8,diesel,159964,Low CC,35,1
2016,ram,1500 crew cab 4x4 bighorn,Excellent,Automatic,8,gas,31000,Low CC,20,1
2017,nissan,armada,Excellent,Automatic,8,gas,38064,Low CC,26,1
2013,mercedes-benz,s550,Excellent,Manual,8,gas,97000,Low CC,17,1
2015,ram,1500 sport,Excellent,Automatic,8,gas,48000,Low CC,38,1
2015,ford,f-250 sd,Excellent,Automatic,8,diesel,171585,Low CC,39,1
2016,toyota,4runner,Excellent,Automatic,6,gas,53120,Low CC,43,1
2015,jeep,wrangler unlimited,Excellent,Manual,6,gas,42318,Low CC,9,1
2015,chevrolet,suburban,Excellent,Automatic,8,gas,83313,Low CC,45,1
2015,mercedes-benz,sl 550,Excellent,Automatic,8,gas,32285,Low CC,27,2
2016,cadillac,xts,Excellent,Automatic,6,gas,34730,Low CC,25,1
2003,mercedes-benz,g-500,Excellent,Manual,8,gas,160000,Low CC,11,1
2018,audi,q3,Excellent,Automatic,4,gas,15000,Low CC,28,1
2017,ford,super duty f-250,Excellent,Manual,8,diesel,90075,Low CC,24,1
2015,chevrolet,silverado 2500,Excellent,Manual,8,diesel,15880,Low CC,31,2
2016,ram,1500,Excellent,Manual,8,gas,77350,Low CC,45,1
2016,gmc,sierra 1500,Excellent,Manual,8,gas,44300,Low CC,41,1
2015,ford,f-250 sd,Excellent,Automatic,8,gas,114913,Low CC,15,1
2016,gmc,sierra 2500hd,Excellent,Manual,8,gas,35302,Low CC,28,1
2008,ram,4500,Excellent,Automatic,6,diesel,65264,Low CC,14,1
2010,jeep,gr cherokee laredo 4x4,Excellent,Automatic,6,gas,72053,Low CC,47,1
2013,ram,2500,Excellent,Manual,6,diesel,50426,Low CC,29,1
2014,chevrolet,ss,Excellent,Automatic,8,gas,70686,Low CC,48,1
2015,cadillac,escalade esv,Excellent,Automatic,8,gas,84221,Low CC,36,1
2018,ford,explorer xlt 4x4,Excellent,Automatic,6,gas,20000,Low CC,19,1
2011,bmw,alpina b7 lwb x-drive,Excellent,Manual,8,gas,73088,Low CC,9,1
2015,chevrolet,suburban lt,Excellent,Automatic,8,gas,95000,Low CC,10,1
2008,ford,f-350 sd,Excellent,Automatic,8,gas,46327,Low CC,33,1
2015,chevrolet,silverado 1500,Excellent,Manual,8,gas,80604,Low CC,41,1
2014,gmc,sierra 2500hd,Excellent,Automatic,8,diesel,122122,Low CC,25,1
2017,ford,f-550,Excellent,Automatic,8,diesel,7132,Low CC,32,2
2013,ford,f-450 sd,Excellent,Manual,8,diesel,85025,Low CC,12,1
2015,bmw,4 series,Excellent,Manual,4,gas,43624,Low CC,41,1
2016,toyota,tundra sr5 lifted,Excellent,Automatic,8,gas,31249,Low CC,32,1
2014,chevrolet,silverado 3500hd,Excellent,Manual,8,gas,51361,Low CC,46,1
2018,ford,explorer xlt 4x4,Excellent,Automatic,6,gas,20000,Low CC,14,1
2016,cadillac,escalade,Excellent,Automatic,8,gas,52854,Low CC,50,1
2013,ford,f150 fx4 4x4,Excellent,Manual,6,gas,83382,Low CC,18,1
2016,chevrolet,corvette,Excellent,Automatic,8,gas,5030,Low CC,18,1
2019,ford,f-150,Excellent,Automatic,6,gas,2121,Low CC,27,1
2018,chevrolet,camaro,Excellent,Automatic,8,gas,31275,Low CC,27,1
2015,ford,f-150,Excellent,Manual,6,gas,81787,Low CC,8,1
2018,dodge,caravan,Excellent,Manual,6,gas,28920,Low CC,15,1
2017,cadillac,ct6 premium luxury,Excellent,Manual,6,gas,12566,Low CC,8,1
2016,gmc,hd denali,Excellent,Automatic,8,gas,18600,Low CC,5,1
2017,ford,f250,Excellent,Manual,8,gas,21087,Low CC,46,1
2017,chevrolet,silverado 1500,Excellent,Automatic,8,gas,20992,Low CC,13,1
2018,gmc,sierra 1500 denali,Excellent,Manual,8,gas,12457,Low CC,27,1
2015,gmc,sierra sle,Excellent,Manual,8,gas,41175,Low CC,17,1
2009,chevrolet,silverado hd 2500 4x4,Excellent,Manual,8,diesel,68000,Low CC,36,1
2015,chevrolet,corvette,Excellent,Automatic,8,gas,14490,Low CC,7,1
2015,mercedes-benz,benz s550,Excellent,Manual,8,gas,54000,Low CC,39,1
2018,ford,edge,Excellent,Automatic,4,gas,23046,Low CC,22,1
2018,dodge,challenger 392 shaker,Excellent,Manual,8,gas,2000,Low CC,23,1
2018,ford,super duty f-350,Excellent,Automatic,8,diesel,8213,Low CC,48,2
2015,rover,sport hse,Excellent,Automatic,6,gas,44816,Low CC,6,1
2016,ram,1500,Excellent,Manual,6,diesel,78060,Low CC,19,1
2017,gmc,sierra slt 1500,Excellent,Automatic,8,gas,34606,Low CC,5,1
2008,ram,4500,Excellent,Automatic,6,diesel,65264,Low CC,10,1
2016,chevrolet,silverado 1500,Excellent,Automatic,8,gas,99050,Low CC,45,1
2014,ram,2500,Excellent,Automatic,6,diesel,96275,Low CC,23,1
2011,ford,f250,Excellent,Manual,8,diesel,180608,Low CC,49,1
2016,ford,f550,Excellent,Automatic,8,diesel,26795,Low CC,15,1
2019,chevrolet,express 2500,Excellent,Automatic,6,gas,13500,Low CC,46,1
2019,chevrolet,silverado 1500 ld,Excellent,Automatic,8,gas,3703,Low CC,49,1
2018,chevrolet,colorado,Excellent,Automatic,6,gas,24665,Low CC,26,1
1972,chevrolet,camaro rs,Excellent,Automatic,8,gas,98200,Low CC,8,1
2019,chevrolet,colorado lt,Excellent,Manual,6,gas,230000,Low CC,33,1
2018,ford,explorer xlt 4x4,Excellent,Automatic,6,gas,18000,Low CC,9,1
2017,chevrolet,silverado 2500hd,Excellent,Manual,8,diesel,29361,Low CC,49,1
2010,ford,f-450,Excellent,Automatic,8,diesel,167465,Low CC,49,1
2016,chevrolet,silverado 1500,Excellent,Automatic,8,gas,56462,Low CC,47,1
2015,chevrolet,suburban,Excellent,Automatic,8,gas,83313,Low CC,16,1
2017,jeep,grand cherokee,Excellent,Automatic,6,gas,18923,Low CC,5,1
2019,chevrolet,silverado,Excellent,Manual,8,gas,13287,Low CC,30,1
2017,ford,f350 kr dually 4x4 diesel,Excellent,Automatic,8,diesel,152955,Low CC,37,1
2018,ford,explorer xlt 4x4,Excellent,Automatic,6,gas,1,Low CC,44,1
2013,ram,2500,Excellent,Automatic,6,diesel,67000,Low CC,23,1
2017,ford,f-150,Excellent,Automatic,6,gas,28000,Low CC,10,1
2017,ford,explorer sport,Excellent,Automatic,6,gas,19200,Low CC,27,1
2009,ford,f-550,Excellent,Automatic,8,diesel,98912,Low CC,11,1
2018,ford,explorer,Excellent,Manual,6,gas,29694,Low CC,48,1
2017,ford,fifo,Excellent,Automatic,8,gas,6332,Low CC,25,1
2008,ram,4500,Excellent,Automatic,6,diesel,65264,Low CC,18,1
2018,cadillac,xts,Excellent,Automatic,6,gas,21305,Low CC,41,1
2009,chevrolet,silverado 3500hd,Excellent,Automatic,8,diesel,79407,Low CC,16,1
2013,chevrolet,express upfitter,Excellent,Automatic,8,gas,42713,Low CC,44,1
2013,ram,3500,Excellent,Automatic,6,diesel,99371,Low CC,10,1
2013,ford,f-350 diesel,Excellent,Automatic,8,diesel,25700,Low CC,22,1
2011,ford,f-150,Excellent,Automatic,8,gas,55334,Low CC,34,1
2015,gmc,sierra,Excellent,Manual,8,gas,26674,Low CC,10,1
2016,gmc,sierra denali,Excellent,Automatic,8,gas,20158,Low CC,38,1
2017,ram,1500 bighorn 4x4,Excellent,Automatic,8,gas,20235,Low CC,26,1
2015,gmc,sierra 1500 4x4,Excellent,Automatic,8,gas,65286,Low CC,33,1
2018,gmc,sierra 3500hd,Excellent,Automatic,8,diesel,11208,Low CC,13,2
2018,ram,2500,Excellent,Automatic,6,diesel,7643,Low CC,20,1
2016,infiniti,qx80,Excellent,Automatic,8,gas,14307,Low CC,19,1
2013,rover,lr4 hse,Excellent,Manual,8,gas,78810,Low CC,8,1
2017,ford,transit,Excellent,Automatic,6,gas,51406,Low CC,16,1
2017,ford,f250,Excellent,Automatic,8,diesel,24615,Low CC,12,1
2012,mercedes-benz,cl63 amg performance package,Excellent,Manual,8,gas,64000,Low CC,21,1
2012,dodge,challenger,Excellent,Manual,8,gas,33500,Low CC,40,1
2016,ram,2500,Excellent,Manual,6,diesel,96135,Low CC,32,1
2015,chevrolet,tahoe,Excellent,Manual,8,gas,89002,Low CC,30,1
2015,ram,3500,Excellent,Automatic,6,diesel,22590,Low CC,25,1
2013,ram,3500 slt - 2013,Excellent,Manual,6,diesel,78000,Low CC,29,1
2015,gmc,sierra,Excellent,Automatic,8,gas,26674,Low CC,39,1
2006,gmc,c4c042,Excellent,Manual,6,diesel,43119,Low CC,6,1
2019,ford,f-150,Excellent,Automatic,6,gas,2046,Low CC,38,1
2016,chevrolet,silverado,Excellent,Manual,8,diesel,104960,Low CC,6,1
2016,ford,f-150,Excellent,Manual,6,gas,63000,Low CC,47,1
2015,toyota,tacoma trd offroad,Excellent,Automatic,6,gas,30888,Low CC,44,1
2018,mercedes-benz,gla 250,Excellent,Automatic,4,gas,1950,Low CC,37,1
2012,gmc,sierra 1500 slt,Excellent,Automatic,8,gas,45000,Low CC,45,1
2018,chevrolet,tahoe premier,Excellent,Automatic,8,gas,24183,Low CC,43,2
2012,ford,f-350 super duty king ranc,Excellent,Automatic,8,diesel,65096,Low CC,27,1
2015,ford,f-150,Excellent,Manual,6,gas,38702,Low CC,28,1
2016,cadillac,escalade,Excellent,Automatic,8,gas,22587,Low CC,32,2
1966,cadillac,deville,Excellent,Manual,8,gas,20101,Low CC,30,1
2016,chevrolet,silverado 1500,Excellent,Manual,8,gas,54276,Low CC,6,1
2012,jeep,wrangler unlimited rubicon,Excellent,Manual,6,gas,96927,Low CC,39,1
2015,jaguar,xj,Excellent,Manual,6,gas,48052,Low CC,11,1
2017,ford,explorer,Excellent,Automatic,6,gas,48550,Low CC,26,1
2014,toyota,fj cruiser,Excellent,Automatic,6,gas,37134,Low CC,13,1
2018,jeep,wrangler,Excellent,Automatic,6,gas,4000,Low CC,24,1
1931,chevrolet,special sedan,Excellent,Manual,6,gas,500,Low CC,48,1
2017,chevrolet,silverado 1500,Excellent,Automatic,8,gas,82314,Low CC,13,1
2016,ford,f150 supercrew 4x4,Excellent,Manual,6,gas,22898,Low CC,47,1
2016,ford,mustang gt350,Excellent,Automatic,8,gas,12600,Low CC,8,1
2015,chevrolet,suburban,Excellent,Automatic,8,gas,59000,Low CC,48,1
2016,nissan,370z,Excellent,Automatic,6,gas,35175,Low CC,45,1
2011,chevrolet,silverado 3500hd,Excellent,Automatic,8,diesel,121734,Low CC,49,1
2014,chevrolet,silverado 3500hd,Excellent,Automatic,8,gas,51361,Low CC,19,1
2018,ford,super duty f-250,Excellent,Manual,8,diesel,64886,Low CC,44,1
2018,nissan,maxima,Excellent,Automatic,6,gas,10272,Low CC,38,1
2015,ford,f-150,Excellent,Automatic,6,gas,29261,Low CC,14,1
2018,ford,150 xlt,Excellent,Manual,6,gas,16000,Low CC,30,1
2013,ford,f250,Excellent,Manual,8,gas,91882,Low CC,19,1
2014,jeep,wrangler unlimited,Excellent,Manual,6,gas,30487,Low CC,36,1
2014,chevrolet,silverado 3500hd,Excellent,Automatic,8,diesel,147280,Low CC,19,1
2013,dodge,durango,Excellent,Manual,8,gas,71257,Low CC,47,1
2017,chevrolet,silverado,Excellent,Automatic,8,diesel,81210,Low CC,30,1
2008,chevrolet,silverado 2500 ltz di,Excellent,Manual,8,diesel,97523,Low CC,33,1
2014,chevrolet,silverado,Excellent,Automatic,8,gas,51013,Low CC,44,1
2013,jeep,wrangler,Excellent,Manual,6,gas,64443,Low CC,35,1
2017,ram,2500,Excellent,Manual,6,diesel,102605,Low CC,28,1
2015,ram,3500 tradesman,Excellent,Automatic,6,diesel,94922,Low CC,9,1
2017,ram,1500,Excellent,Manual,8,gas,27276,Low CC,50,1
2013,chevrolet,avalanche 1500,Excellent,Automatic,8,gas,61185,Low CC,50,1
2019,subaru,sti limited,Excellent,Manual,4,gas,1850,Low CC,39,1
2016,lexus,is,Excellent,Automatic,4,gas,11505,Low CC,5,1
2015,gmc,sierra 3500hd,Excellent,Automatic,8,diesel,148598,Low CC,29,1
2016,jeep,wrangler unlimited,Excellent,Automatic,6,gas,30901,Low CC,50,1
2014,gmc,sierra 2500hd sle,Excellent,Manual,8,gas,97039,Low CC,38,1
2018,ford,explorer,Excellent,Automatic,6,gas,3946,Low CC,32,1
2018,ram,1500 4x4,Excellent,Automatic,8,gas,34256,Low CC,38,1
2016,chevrolet,silverado hd,Excellent,Manual,8,diesel,33000,Low CC,44,1
2016,chevrolet,silverado,Excellent,Manual,8,diesel,68885,Low CC,44,1
2016,bmw,x3 xdrive 28i,Excellent,Manual,4,gas,22235,Low CC,35,1
2016,chevrolet,silverado 1500,Excellent,Automatic,8,gas,90513,Low CC,11,1
2016,chevrolet,silverado 3500,Excellent,Manual,8,diesel,46751,Low CC,33,2
2016,honda,pilot,Excellent,Automatic,6,gas,10400,Low CC,41,1
2009,chevrolet,corvette base coupe,Excellent,Manual,8,gas,38733,Low CC,39,1
2013,ford,f250sd lifted,Excellent,Manual,8,diesel,111317,Low CC,46,1
2013,ford,f-150,Excellent,Automatic,8,gas,129491,Low CC,7,1
2012,ford,f-250 super duty,Excellent,Automatic,8,diesel,85656,Low CC,50,1
2015,ram,3500,Excellent,Automatic,6,diesel,37470,Low CC,41,2
2017,chevrolet,silverado 1500,Excellent,Automatic,8,gas,20992,Low CC,31,1
2012,ford,super duty f-250 srw,Excellent,Manual,8,diesel,134623,Low CC,42,1
2019,ford,ranger,Excellent,Manual,4,gas,225,Low CC,19,1
2017,hyundai,santa fe,Excellent,Manual,6,gas,35991,Low CC,34,1
2009,ram,3500,Excellent,Automatic,6,diesel,159963,Low CC,11,1
2013,ram,2500 cummins srw,Excellent,Automatic,8,diesel,188000,Low CC,24,1
1930,ford,a,Excellent,Manual,8,gas,6000,Low CC,31,1
2008,ram,2500,Excellent,Automatic,6,diesel,190205,Low CC,32,1
2015,gmc,yukon xl,Excellent,Automatic,8,gas,89000,Low CC,12,1
2018,toyota,tundra,Excellent,Manual,8,gas,30795,Low CC,42,1
2017,nissan,titan,Excellent,Automatic,8,gas,26005,Low CC,39,1
2016,ford,explorer,Excellent,Manual,6,gas,75726,Low CC,7,1
2016,gmc,sierra 1500 slt,Excellent,Manual,8,gas,28300,Low CC,19,1
2012,ram,3500,Excellent,Automatic,6,diesel,160496,Low CC,19,1
2018,nissan,frontier,Excellent,Manual,6,gas,10331,Low CC,46,1
2014,ford,raptor svt,Excellent,Automatic,8,gas,81000,Low CC,9,1
2018,nissan,sentra model s,Excellent,Automatic,6,gas,5556,Low CC,18,1
2015,ford,f-250 xl crew cab,Excellent,Manual,8,diesel,88366,Low CC,9,1
2015,chevrolet,silverado 1500,Excellent,Manual,8,gas,84478,Low CC,46,1
2018,nissan,frontier,Excellent,Automatic,6,gas,10331,Low CC,28,1
2015,chevrolet,silverado 1500,Excellent,Automatic,8,gas,32088,Low CC,50,1
2015,ford,f-450 lariat crew cab,Excellent,Automatic,8,diesel,129864,Low CC,25,1
2016,chevrolet,silverado,Excellent,Automatic,8,diesel,33000,Low CC,6,1
2017,ford,f-150 lariat,Excellent,Manual,8,gas,44298,Low CC,31,1
1933,chevrolet,business coupe,Excellent,Manual,8,gas,5417,Low CC,12,1
2015,toyota,highlander,Excellent,Manual,6,gas,39688,Low CC,39,1
2012,chevrolet,silverado 3500 diesel,Excellent,Automatic,8,diesel,110042,Low CC,39,1
2012,ram,2500,Excellent,Automatic,8,diesel,79732,Low CC,26,1
2018,chevrolet,express,Excellent,Automatic,6,gas,12000,Low CC,22,1
2015,mercedes-benz,g550,Excellent,Manual,8,gas,43294,Low CC,13,2
2014,chevrolet,3500 hd dump,Excellent,Automatic,8,gas,1700,Low CC,37,1
2015,chevrolet,suburban,Excellent,Automatic,8,gas,83313,Low CC,38,1
2016,ford,f-350 sd,Excellent,Automatic,8,gas,68763,Low CC,45,1
2018,ford,t250,Excellent,Automatic,6,gas,5713,Low CC,26,1
2015,jeep,grand cherokee limited,Excellent,Manual,6,gas,38686,Low CC,44,1
2019,hyundai,santa fe xl,Excellent,Automatic,6,gas,10889,Low CC,5,1
2015,jeep,wrangler unlimited,Excellent,Automatic,6,gas,50073,Low CC,45,1
2017,nissan,pathfinder,Excellent,Manual,6,gas,17971,Low CC,15,1
2015,chevrolet,colorado,Excellent,Automatic,6,gas,83222,Low CC,39,1
2015,ram,3500,Excellent,Manual,6,diesel,37470,Low CC,7,2
2015,toyota,tacoma trd offroad,Excellent,Manual,6,gas,30888,Low CC,25,1
2017,mercedes-benz,c-class,Excellent,Automatic,4,gas,55322,Low CC,50,1
2014,chevrolet,silverado 3500hd,Excellent,Manual,8,gas,51361,Low CC,22,1
1969,chevrolet,camaro,Excellent,Automatic,8,gas,5500,Low CC,40,2
2015,ram,2500,Excellent,Automatic,8,gas,63000,Low CC,13,1
2013,jeep,wranger sahara unlimited,Excellent,Automatic,6,gas,47800,Low CC,25,1
2017,ram,3500,Excellent,Automatic,8,gas,41781,Low CC,36,1
2013,jeep,wrangler unlimited,Excellent,Automatic,6,gas,84578,Low CC,13,1
2006,chevrolet,2500hd regular cab,Excellent,Manual,8,diesel,66614,Low CC,12,1
2014,gmc,sierra 1500,Excellent,Automatic,8,gas,89493,Low CC,32,1
2016,ford,super duty f-250,Excellent,Manual,8,diesel,28837,Low CC,44,1
2017,chevrolet,silverado,Excellent,Manual,8,gas,20700,Low CC,43,1
2014,gmc,sierra,Excellent,Manual,8,gas,80638,Low CC,34,1
2006,ram,3500,Excellent,Automatic,6,diesel,107178,Low CC,12,1
2018,toyota,tacoma,Excellent,Automatic,6,gas,6715,Low CC,41,1
2018,ford,transit-250,Excellent,Automatic,6,gas,12823,Low CC,24,1
2018,gmc,savana,Excellent,Automatic,8,gas,18000,Low CC,39,1
2017,ford,f350,Excellent,Manual,8,gas,34516,Low CC,46,1
2016,ford,f-150,Excellent,Automatic,6,gas,19453,Low CC,21,1
2016,ford,transit cargo high roof,Excellent,Manual,6,gas,30227,Low CC,6,1
2012,ram,2500,Excellent,Manual,8,diesel,88220,Low CC,25,1
2015,chevrolet,silverado 3500hd,Excellent,Automatic,8,diesel,103335,Low CC,22,1
2017,chrysler,pacifica limited,Excellent,Manual,6,gas,27476,Low CC,16,1
2016,ford,mustang gt 700hp supercharged,Excellent,Manual,8,gas,45426,Low CC,24,1
2016,toyota,tacoma,Excellent,Automatic,6,gas,28000,Low CC,27,1
2015,ford,super duty f-350 drw,Excellent,Manual,8,diesel,87000,Low CC,16,1
2015,toyota,tacoma sport,Excellent,Manual,6,gas,85000,Low CC,20,1
2017,gmc,sierra 2500hd,Excellent,Automatic,8,diesel,28428,Low CC,31,2
2015,ram,2500,Excellent,Manual,6,diesel,92098,Low CC,47,1
2016,cadillac,escalade esv,Excellent,Automatic,8,gas,36310,Low CC,16,2
2015,audi,q7,Excellent,Automatic,6,gas,29913,Low CC,34,1
2016,gmc,sierra 1500,Excellent,Automatic,8,gas,40864,Low CC,35,1
1965,pontiac,gto,Excellent,Manual,8,gas,1200,Low CC,45,1
1990,chevrolet,c/k 1500,Excellent,Automatic,8,gas,1,Low CC,40,1
2015,chevrolet,silverado 1500,Excellent,Manual,8,gas,122671,Low CC,41,1
2016,subaru,outback limited 3.6l,Excellent,Automatic,6,gas,43376,Low CC,37,1
2018,cadillac,xts,Excellent,Manual,6,gas,17653,Low CC,50,1
2015,gmc,sierra 1500,Excellent,Automatic,8,gas,97023,Low CC,38,1
2015,chevrolet,tahoe,Excellent,Manual,8,gas,103498,Low CC,42,1
2017,ford,f250,Excellent,Automatic,8,diesel,24615,Low CC,22,1
2012,ford,f-150 king ranch,Excellent,Automatic,6,gas,106900,Low CC,28,1
2014,ford,f-150 svt raptor,Excellent,Automatic,8,gas,164784,Low CC,27,1
2018,cadillac,xts,Excellent,Automatic,6,gas,17653,Low CC,20,1
2014,bmw,x5 50i,Excellent,Automatic,8,gas,67000,Low CC,21,1
2016,ford,econoline,Excellent,Automatic,8,gas,47213,Low CC,49,1
2018,cadillac,xts,Excellent,Automatic,6,gas,17653,Low CC,14,1
2016,gmc,yukon,Excellent,Manual,8,gas,47110,Low CC,7,1
2011,ford,f-350 sd,Excellent,Manual,8,diesel,86786,Low CC,34,1
2018,ford,f150,Excellent,Automatic,6,gas,12966,Low CC,23,1
2016,toyota,tundra,Excellent,Automatic,8,gas,41820,Low CC,5,1
2011,ford,f-350 super duty lariat di,Excellent,Automatic,8,diesel,93975,Low CC,30,1
2017,nissan,titan,Excellent,Automatic,8,gas,17056,Low CC,15,1
2018,ford,transit 15 passenger van,Excellent,Manual,6,gas,24892,Low CC,34,1
2018,dodge,caravan,Excellent,Automatic,6,gas,28920,Low CC,38,1
2016,ford,transit wagon,Excellent,Automatic,6,gas,79000,Low CC,47,1
2015,chevrolet,tahoe,Excellent,Automatic,8,gas,118439,Low CC,26,1
2011,chevrolet,silverado 3500hd,Excellent,Manual,8,diesel,121734,Low CC,18,1
2006,bmw,325i,Excellent,Manual,6,gas,139000,Low CC,39,1
2014,chevrolet,silverado 3500hd,Excellent,Automatic,8,gas,51361,Low CC,10,1
2015,cadillac,escalade,Excellent,Manual,8,gas,28092,Low CC,17,2
2014,ram,2500,Excellent,Automatic,8,gas,121437,Low CC,49,1
2016,chevrolet,silverado 1500,Excellent,Manual,8,gas,34392,Low CC,32,1
2018,gmc,terrain slt awd diesel,Excellent,Automatic,4,gas,35426,Low CC,50,1
2015,chevrolet,silverado 3500hd,Excellent,Manual,8,diesel,88011,Low CC,33,1
2014,gmc,sierra z71 4x4 2500hd,Excellent,Automatic,8,diesel,115357,Low CC,48,1
2016,ford,f-150,Excellent,Manual,8,gas,51241,Low CC,14,1
2012,gmc,sierra 2500hd,Excellent,Automatic,8,diesel,149889,Low CC,25,1
2014,ram,2500,Excellent,Automatic,6,diesel,136134,Low CC,17,1
2015,ford,f-350 sd,Excellent,Manual,8,gas,42028,Low CC,19,1
2011,ford,f-150 raptor,Excellent,Automatic,8,gas,98902,Low CC,39,1
2018,chevrolet,silverado 2500,Excellent,Automatic,8,diesel,23685,Low CC,33,2
2013,jeep,wrangler rubicon,Excellent,Automatic,6,gas,109690,Low CC,18,1
2012,ram,slt 2500,Excellent,Automatic,6,diesel,56358,Low CC,11,1
2015,gmc,2500,Excellent,Automatic,8,gas,77352,Low CC,42,1
2012,chevrolet,silverado,Excellent,Automatic,8,gas,71599,Low CC,33,1
2018,ford,taurus,Excellent,Automatic,6,gas,9489,Low CC,38,1
2012,bmw,m3,Excellent,Automatic,8,gas,67041,Low CC,28,1
2018,jeep,cherokee,Excellent,Automatic,6,gas,10610,Low CC,6,1
2016,ford,f-550,Excellent,Automatic,8,diesel,126000,Low CC,44,1
2015,chevrolet,colorado crew cab z71,Excellent,Automatic,6,gas,26252,Low CC,26,1
2018,gmc,yukon sle,Excellent,Automatic,8,gas,26000,Low CC,17,1
2015,ford,f-250 sd,Excellent,Manual,8,diesel,124000,Low CC,17,1
2016,honda,odyssey,Excellent,Automatic,6,gas,1123,Low CC,33,1
2012,chevrolet,suburban,Excellent,Manual,8,gas,45975,Low CC,11,1
2016,ford,explorer,Excellent,Manual,6,gas,43240,Low CC,20,1
2018,chevrolet,silverado 2500 hd,Excellent,Manual,8,diesel,425,Low CC,36,2
2013,chrysler,town & country,Excellent,Automatic,6,gas,38556,Low CC,25,1
2016,ford,econoline,Excellent,Automatic,8,gas,47213,Low CC,11,1
1976,ford,f 100,Excellent,Manual,8,gas,98444,Low CC,8,1
2017,ford,f350 kr dually diesel 4x4,Excellent,Automatic,8,diesel,152955,Low CC,29,1
2008,chevrolet,silverado 3500 crew 4x4,Excellent,Manual,8,diesel,166071,Low CC,26,1
2017,ford,explorer,Excellent,Manual,6,gas,36000,Low CC,21,1
2012,ford,f350,Excellent,Automatic,8,diesel,119008,Low CC,44,1
2012,ram,3500,Excellent,Manual,8,diesel,106966,Low CC,38,1
2015,ram,3500,Excellent,Manual,6,diesel,169443,Low CC,35,1
2016,bmw,535i,Excellent,Automatic,6,gas,20600,Low CC,20,1
2019,chevrolet,silverado 1500,Excellent,Manual,8,gas,3341,Low CC,34,1
2017,ford,transit,Excellent,Automatic,6,gas,51406,Low CC,18,1
2011,chevrolet,silverado 3500hd,Excellent,Manual,8,gas,44433,Low CC,45,1
2013,infiniti,qx56,Excellent,Automatic,8,gas,93269,Low CC,11,1
2013,ford,f-150,Excellent,Manual,8,gas,97000,Low CC,28,1
2015,mercedes-benz,g550,Excellent,Automatic,8,gas,43294,Low CC,12,2
2015,audi,a8l,Excellent,Automatic,8,gas,48714,Low CC,48,1
2017,ram,2500,Excellent,Automatic,6,diesel,177550,Low CC,33,1
2013,chevrolet,silverado 2500,Excellent,Manual,8,gas,109454,Low CC,41,1
2016,ford,explorer,Excellent,Manual,6,gas,75726,Low CC,44,1
2013,ford,f-350sd,Excellent,Automatic,8,diesel,115472,Low CC,31,1
2014,toyota,tundra 2wd truck,Excellent,Manual,8,gas,62236,Low CC,50,1
2017,dodge,3500,Excellent,Manual,6,diesel,68000,Low CC,17,1
2011,ram,2500,Excellent,Manual,6,diesel,97000,Low CC,16,1
2018,ram,2500,Excellent,Automatic,6,diesel,7643,Low CC,15,1
2015,cadillac,escalade,Excellent,Automatic,8,gas,28092,Low CC,26,2
2014,ram,3500,Excellent,Manual,8,gas,142083,Low CC,21,1
2018,chevrolet,silverado,Excellent,Automatic,8,gas,16300,Low CC,49,1
2016,chevrolet,silverado 3500,Excellent,Manual,8,gas,22891,Low CC,8,1
2015,chevrolet,tahoe,Excellent,Automatic,8,gas,88188,Low CC,39,1
2018,ford,mustang,Excellent,Automatic,4,gas,25651,Low CC,35,1
2016,mercedes-benz,e350,Excellent,Manual,6,gas,14000,Low CC,7,1
2017,volvo,xc 60,Excellent,Manual,4,gas,18870,Low CC,37,1
2018,toyota,sienna,Excellent,Automatic,6,gas,22,Low CC,43,2
2013,chevrolet,corvette,Excellent,Manual,8,gas,14180,Low CC,6,2
2014,gmc,sierra 1500,Excellent,Automatic,8,gas,90903,Low CC,18,1
2018,chevrolet,silverado,Excellent,Automatic,8,gas,11801,Low CC,13,1
2019,gmc,terrain slt,Excellent,Manual,4,gas,7292,Low CC,6,1
2014,chevrolet,silverado 1500,Excellent,Automatic,8,gas,121736,Low CC,47,1
2010,chevrolet,silverado 3500hd,Excellent,Manual,8,diesel,79389,Low CC,24,1
2017,ford,super duty f-250,Excellent,Manual,8,diesel,90075,Low CC,28,1
2016,ram,2500 laramie limited,Excellent,Automatic,6,diesel,33181,Low CC,7,2
2018,ram,2500 laramie,Excellent,Automatic,6,diesel,20099,Low CC,26,1
2014,chevrolet,silverado 1500,Excellent,Automatic,8,gas,46850,Low CC,32,1
2013,jeep,wrangler,Excellent,Automatic,6,gas,118725,Low CC,19,1
2008,ford,f-350 sd,Excellent,Automatic,8,gas,46327,Low CC,11,1
2017,mercedes-benz,gla 250,Excellent,Automatic,4,gas,38197,Low CC,38,1
2014,ram,2500,Excellent,Automatic,8,gas,121437,Low CC,20,1
2013,chrysler,town & country,Excellent,Manual,6,gas,38556,Low CC,20,1
2016,gmc,sierra denali 3500 hd,Excellent,Manual,8,diesel,30179,Low CC,18,2
2016,ford,f-150 f150,Excellent,Manual,8,gas,32000,Low CC,16,1
2014,ram,2500 laramie,Excellent,Automatic,8,gas,90467,Low CC,48,1
1990,chevrolet,c/k 1500,Excellent,Automatic,8,gas,1,Low CC,43,1
2016,ford,transit,Excellent,Automatic,6,gas,2324,Low CC,12,1
2016,ford,transit wagon,Excellent,Automatic,6,gas,79000,Low CC,12,1
2016,rover,discovery sport,Excellent,Automatic,4,gas,26000,Low CC,38,1
2016,chevrolet,silverado 2500hd,Excellent,Automatic,8,gas,16800,Low CC,50,1
2005,ram,3500,Excellent,Manual,6,diesel,53134,Low CC,7,1
2015,ford,f350 super duty,Excellent,Manual,8,diesel,132772,Low CC,17,1
2019,chevrolet,tahoe,Excellent,Manual,8,gas,631,Low CC,16,2
2016,gmc,yukon,Excellent,Manual,8,gas,47110,Low CC,16,1
1969,chevrolet,corvette,Excellent,Automatic,8,gas,72410,Low CC,8,1
2016,chevrolet,silverado 1500,Excellent,Automatic,8,gas,90513,Low CC,43,1
2015,ram,3500,Excellent,Automatic,6,diesel,96502,Low CC,31,1
2014,toyota,tundra,Excellent,Automatic,8,gas,78000,Low CC,36,1
1970,dodge,cornet super bee,Excellent,Manual,8,gas,9273,Low CC,17,1
2016,toyota,tundra,Excellent,Automatic,8,gas,87500,Low CC,50,1
2017,jeep,wrangler rubicon 4x4,Excellent,Automatic,6,gas,34000,Low CC,29,1
2018,ford,f-150 xlt 4x4,Excellent,Manual,6,gas,22713,Low CC,34,1
1960,chevrolet,bel air,Excellent,Automatic,8,gas,683,Low CC,45,1
2016,nissan,frontier,Excellent,Automatic,6,gas,41911,Low CC,17,1
2011,ram,2500,Excellent,Automatic,6,diesel,104484,Low CC,27,1
2017,ford,super duty f-250 srw,Excellent,Automatic,8,gas,28282,Low CC,27,1
2017,chevrolet,silverado 1500,Excellent,Automatic,8,gas,35222,Low CC,11,1
2014,ram,1500 longhorn,Excellent,Manual,8,gas,33832,Low CC,50,1
2017,chevrolet,express,Excellent,Automatic,8,gas,36712,Low CC,37,1
2016,subaru,wrx sti,Excellent,Manual,4,gas,27909,Low CC,49,1
2016,ram,1500,Excellent,Automatic,8,gas,77350,Low CC,43,1
2015,chevrolet,tahoe,Excellent,Manual,8,gas,91000,Low CC,8,1
2015,toyota,4runner,Excellent,Automatic,6,gas,74000,Low CC,25,1
2015,ford,f-350 sd,Excellent,Automatic,8,diesel,70531,Low CC,31,1
2018,ford,edge,Excellent,Automatic,6,gas,19000,Low CC,28,1
2019,ford,transit 250 el cargo van,Excellent,Automatic,6,gas,15582,Low CC,14,1
2013,ford,f-150,Excellent,Automatic,6,gas,42419,Low CC,14,1
2012,chevrolet,silverado 3500hd,Excellent,Automatic,8,gas,72686,Low CC,20,1
2009,ram,3500,Excellent,Manual,6,diesel,91776,Low CC,25,1
2015,ford,f-150,Excellent,Manual,8,gas,51065,Low CC,22,1
2015,chevrolet,suburban,Excellent,Manual,8,gas,83313,Low CC,9,1
2012,jeep,wrangler sahara altitude,Excellent,Manual,6,gas,38906,Low CC,16,1
2015,chevrolet,silverado 3500hd,Excellent,Manual,8,diesel,92500,Low CC,40,1
2015,ford,f-350,Excellent,Automatic,8,diesel,115981,Low CC,28,1
2018,jeep,cherokee latitude 4x4,Excellent,Automatic,4,gas,545,Low CC,43,1
2017,jeep,grand cherokee limited,Excellent,Automatic,6,gas,38574,Low CC,32,1
2019,chevrolet,express 2500 cargo van,Excellent,Manual,6,gas,12989,Low CC,26,1
2014,toyota,tundra,Excellent,Automatic,8,gas,68144,Low CC,10,1
2016,ram,1500,Excellent,Automatic,8,gas,22167,Low CC,48,1
2016,gmc,sierra 2500hd,Excellent,Automatic,8,diesel,67000,Low CC,11,1
2017,chevrolet,silverado 2500hd,Excellent,Automatic,8,diesel,70933,Low CC,47,1
1969,pontiac,firebird,Excellent,Manual,8,gas,74700,Low CC,50,1
2017,nissan,titan,Excellent,Manual,8,gas,26005,Low CC,5,1
2016,ford,expedition,Excellent,Manual,6,gas,79628,Low CC,15,1
2011,ram,2500,Excellent,Manual,6,diesel,152076,Low CC,22,1
2018,toyota,tacoma,Excellent,Automatic,6,gas,8200,Low CC,20,1
2015,chevrolet,corvette,Excellent,Automatic,8,gas,24800,Low CC,24,1
2015,chevrolet,tahoe lt,Excellent,Automatic,8,gas,96355,Low CC,16,1
2015,chevrolet,suburban,Excellent,Manual,8,gas,116748,Low CC,26,1
2016,mercedes-benz,g63 amg,Excellent,Manual,8,gas,13053,Low CC,18,2
2018,ford,super duty f-250,Excellent,Automatic,8,diesel,64886,Low CC,41,1
2012,ram,3500,Excellent,Automatic,6,diesel,160496,Low CC,36,1
1990,chevrolet,c/k 1500,Excellent,Manual,8,gas,1,Low CC,15,1
2016,toyota,tundra sr5 lifted,Excellent,Automatic,8,gas,31249,Low CC,7,1
2011,gmc,sierra 3500hd,Excellent,Manual,8,diesel,138415,Low CC,46,1
2009,aston-martin,martin vantage roadster,Excellent,Automatic,8,gas,33000,Low CC,9,2
2014,ram,1500 laramie,Excellent,Automatic,8,gas,82487,Low CC,33,1
1957,chevrolet,bel air,Excellent,Automatic,8,gas,32000,Low CC,10,1
2011,chevrolet,silverado 3500hd,Excellent,Automatic,8,gas,44433,Low CC,17,1
2018,ram,1500 big horn crew cab 1500,Excellent,Manual,8,gas,14000,Low CC,17,1
2013,ford,f-350 4x4 diesel,Excellent,Automatic,8,diesel,109724,Low CC,50,1
2016,ford,f-150,Excellent,Manual,8,gas,76369,Low CC,21,1
2017,jeep,wrangler unlimited,Excellent,Automatic,6,gas,43410,Low CC,34,1
2014,gmc,sierra 1500,Excellent,Automatic,8,gas,76428,Low CC,44,1
2017,chevrolet,silverado 1500,Excellent,Manual,8,gas,16962,Low CC,19,1
2018,ford,transit,Excellent,Manual,6,gas,479,Low CC,11,2
2016,chevrolet,silverado 2500hd,Excellent,Automatic,8,gas,16800,Low CC,6,1
2016,ford,f-150 platinum,Excellent,Manual,6,gas,14672,Low CC,35,1
2012,ford,super duty f-350 4wd,Excellent,Automatic,8,diesel,32994,Low CC,27,1
2017,subaru,forester touring,Excellent,Automatic,4,gas,50000,Low CC,35,1
2012,ford,f-250sd,Excellent,Manual,8,gas,26271,Low CC,28,1
2019,chevrolet,tahoe,Excellent,Manual,8,gas,4638,Low CC,5,2
2018,chevrolet,silverado 2500hd,Excellent,Automatic,8,diesel,49768,Low CC,48,2
2015,chevrolet,silverado crew 4x4 lt,Excellent,Automatic,8,gas,72461,Low CC,32,1
2016,gmc,sierra 1500,Excellent,Manual,8,gas,30481,Low CC,15,1
2018,ram,promaster,Excellent,Automatic,6,gas,11096,Low CC,24,1
2014,toyota,tundra lifted,Excellent,Automatic,8,gas,51772,Low CC,33,1
2015,cadillac,escalade,Excellent,Automatic,8,gas,28092,Low CC,35,2
2017,ford,f-150 4x4,Excellent,Automatic,6,gas,14469,Low CC,17,1
2018,ford,f-150 king ranch,Excellent,Manual,6,gas,33640,Low CC,47,1
1965,ford,mustang fastback,Excellent,Automatic,8,gas,97106,Low CC,19,1
2012,chevrolet,silverado 3500hd,Excellent,Automatic,8,gas,72686,Low CC,27,1
2015,ford,edge,Excellent,Manual,6,gas,36712,Low CC,20,1
2016,ford,mustang,Excellent,Automatic,8,gas,46915,Low CC,28,1
2015,ford,mustang,Excellent,Automatic,8,gas,55026,Low CC,18,1
2014,chevrolet,silverado 1500,Excellent,Automatic,8,gas,85141,Low CC,9,1
2013,ford,super duty f-250 srw,Excellent,Manual,8,diesel,128000,Low CC,24,1
2018,ford,f-250,Excellent,Automatic,8,diesel,23607,Low CC,24,2
2015,jeep,wrangler unlimited,Excellent,Automatic,6,gas,46895,Low CC,34,1
2016,jeep,wrangler,Excellent,Automatic,6,gas,54773,Low CC,44,1
2018,subaru,wrx limited,Excellent,Manual,4,gas,7680,Low CC,12,1
2017,ford,f-350 xlt,Excellent,Automatic,8,diesel,27700,Low CC,27,2
2011,chevrolet,silverado 2500hd,Excellent,Automatic,8,gas,52451,Low CC,45,1
2012,gmc,sierra 2500 sle,Excellent,Manual,8,diesel,149302,Low CC,33,1
2019,ford,mustang,Excellent,Automatic,4,gas,18000,Low CC,19,1
2011,ram,2500,Excellent,Automatic,6,diesel,129991,Low CC,42,1
2018,ford,f 250 king ranch,Excellent,Manual,8,diesel,9100,Low CC,34,1
2017,ford,transit,Excellent,Manual,6,gas,51406,Low CC,17,1
2019,chevrolet,silverado 1500 ld,Excellent,Automatic,8,gas,13412,Low CC,6,1
2018,toyota,tundra,Excellent,Automatic,8,gas,4991,Low CC,13,1
2017,ford,transit,Excellent,Automatic,6,gas,60795,Low CC,19,1
2016,cadillac,cts 4,Excellent,Manual,6,gas,32050,Low CC,30,1
2015,chevrolet,suburban,Excellent,Automatic,8,gas,102618,Low CC,15,1
2015,chevrolet,tahoe,Excellent,Automatic,8,gas,91000,Low CC,42,1
2018,ram,2500,Excellent,Manual,6,diesel,7643,Low CC,26,1
2017,ford,f-350sd,Excellent,Automatic,8,diesel,48459,Low CC,46,2
2018,chevrolet,silverado lt 4x4,Excellent,Manual,8,gas,31224,Low CC,45,1
1969,chevrolet,camero,Excellent,Automatic,8,gas,39000,Low CC,25,1
2015,ford,f-250 sd,Excellent,Automatic,8,diesel,125221,Low CC,25,1
2014,ford,f-150,Excellent,Manual,8,gas,67579,Low CC,30,1
2015,ford,f-150 lariat,Excellent,Automatic,8,gas,40188,Low CC,5,1
2017,toyota,tacoma,Excellent,Manual,6,gas,62962,Low CC,30,1
2017,ram,1500,Excellent,Manual,6,gas,34702,Low CC,47,1
2015,chevrolet,silverado 3500hd,Excellent,Manual,8,diesel,94590,Low CC,9,1
2015,toyota,highlander limited,Excellent,Automatic,6,gas,38739,Low CC,24,1
2013,infiniti,qx56,Excellent,Manual,8,gas,103558,Low CC,28,1
2017,chevrolet,silverado 1500,Excellent,Manual,8,gas,59510,Low CC,49,1
2016,ram,laramie longhorn,Excellent,Automatic,6,diesel,97116,Low CC,33,1
2016,toyota,sequoia limited,Excellent,Manual,8,gas,33489,Low CC,23,1
2015,chevrolet,silverado 3500hd,Excellent,Manual,8,diesel,100672,Low CC,18,1
2016,toyota,tacoma,Excellent,Manual,6,gas,26401,Low CC,48,1
2015,gmc,sierra 3500hd,Excellent,Automatic,8,gas,64835,Low CC,36,1
2018,toyota,sienna le,Excellent,Automatic,6,gas,9,Low CC,5,2
2017,cadillac,escalade,Excellent,Automatic,8,gas,72234,Low CC,11,1
2015,ram,2500,Excellent,Manual,6,diesel,83353,Low CC,24,1
2016,chevrolet,silverado 2500 lifted,Excellent,Automatic,8,gas,63871,Low CC,16,1
2015,toyota,highlander,Excellent,Automatic,6,gas,39688,Low CC,14,1
1968,chevrolet,elc,Excellent,Manual,8,gas,23000,Low CC,5,2
2014,bmw,550i,Excellent,Automatic,8,gas,44500,Low CC,12,1
2008,chevrolet,silverado,Excellent,Manual,8,diesel,112797,Low CC,18,1
2012,ford,f-250 sd,Excellent,Automatic,8,diesel,149476,Low CC,34,1
2018,ford,f150 xlt,Excellent,Automatic,8,gas,17565,Low CC,40,1
1967,chevrolet,c10,Excellent,Manual,8,gas,3500,Low CC,15,1
2013,ford,f350,Excellent,Manual,8,gas,105500,Low CC,24,1
2013,mercedes-benz,sprinter,Excellent,Automatic,6,diesel,131000,Low CC,27,1
2018,gmc,canyon 2018 awd loaded,Excellent,Manual,6,gas,9000,Low CC,44,1
2016,gmc,sierra 1500,Excellent,Automatic,8,gas,44300,Low CC,44,1
2012,ram,2500 laramie diesel truck 4,Excellent,Manual,6,diesel,79732,Low CC,35,1
2018,gmc,yukon xl sle,Excellent,Manual,8,gas,29286,Low CC,39,1
2015,ford,f-350 crew cab,Excellent,Manual,8,gas,48844,Low CC,26,1
2014,ram,2500,Excellent,Automatic,8,gas,121437,Low CC,11,1
2018,ford,f-150,Excellent,Automatic,8,gas,10248,Low CC,5,1
2013,gmc,2500,Excellent,Manual,8,diesel,64000,Low CC,9,1
2011,gmc,sierra,Excellent,Automatic,8,diesel,123000,Low CC,31,1
2017,ram,1500,Excellent,Automatic,6,gas,19142,Low CC,33,1
2016,chevrolet,colorado lt,Excellent,Automatic,6,gas,33084,Low CC,25,1
2017,chevrolet,silverado 1500,Excellent,Automatic,6,gas,31535,Low CC,22,1
2018,chevrolet,silverado 1500,Excellent,Manual,8,gas,15859,Low CC,25,1
2014,chevrolet,camaro,Excellent,Manual,8,gas,8800,Low CC,43,1
2015,jeep,wrangler unlimited,Excellent,Automatic,6,gas,48967,Low CC,19,1
2017,toyota,tacoma,Excellent,Automatic,6,gas,48756,Low CC,48,1
2015,gmc,sierra 1500,Excellent,Manual,8,gas,44699,Low CC,33,1
2016,chevrolet,silverado lt,Excellent,Manual,8,gas,47000,Low CC,19,1
2012,ram,3500 cummins,Excellent,Manual,6,diesel,125553,Low CC,46,1
2018,ford,explorer,Excellent,Automatic,6,gas,16000,Low CC,21,1
2015,gmc,sierra,Excellent,Manual,8,gas,37816,Low CC,14,1
2010,gmc,sierra 2500hd,Excellent,Automatic,8,diesel,147842,Low CC,18,1
2018,ford,explorer,Excellent,Automatic,6,gas,3946,Low CC,37,1
2015,jeep,wrangler unlimited,Excellent,Automatic,6,gas,27654,Low CC,50,1
2018,toyota,highlander limited,Excellent,Manual,6,gas,16910,Low CC,15,1
2013,jeep,wrangler sport unlimited,Excellent,Manual,6,gas,28412,Low CC,14,1
2018,ram,promaster,Excellent,Manual,6,gas,13000,Low CC,46,1
2017,ram,2500 slt,Excellent,Manual,6,diesel,34123,Low CC,8,1
2015,bmw,m5,Excellent,Automatic,8,gas,36287,Low CC,19,1
2015,gmc,2500,Excellent,Manual,8,gas,77352,Low CC,8,1
2018,dodge,grand caravan sxt,Excellent,Manual,6,gas,49,Low CC,43,1
2017,ram,2500,Excellent,Manual,6,diesel,80826,Low CC,13,1
2017,ford,super duty f-250,Excellent,Manual,8,diesel,90075,Low CC,5,1
2007,gmc,savana,salvage,Automatic,8,gas,159500,Low CC,6,1
2014,ford,f-350,Excellent,Manual,8,diesel,112165,Low CC,40,1
2015,cadillac,escalade,Excellent,Automatic,8,gas,57197,Low CC,5,1
2014,gmc,sierra 1500,Excellent,Automatic,8,gas,100734,Low CC,48,1
2018,chevrolet,silverado 2500hd,Excellent,Automatic,8,diesel,23634,Low CC,11,1
2003,ferrari,360,Excellent,Automatic,8,gas,12275,Low CC,30,2
2019,dodge,grand caravan gt,Excellent,Automatic,6,gas,11516,Low CC,38,1
2015,bmw,m5,Excellent,Automatic,8,gas,18016,Low CC,44,2
2016,ford,f-150 lariat,Excellent,Automatic,8,gas,105843,Low CC,49,1
2014,toyota,4-runner,Excellent,Manual,6,gas,75802,Low CC,18,1
2012,bmw,x6,Excellent,Automatic,8,gas,100199,Low CC,43,1
2006,chevrolet,silverado 3500,Excellent,Automatic,8,diesel,82740,Low CC,50,1
2006,ram,2500 megacab 4x4,Excellent,Automatic,6,diesel,150220,Low CC,26,1
2011,ford,f-150,Excellent,Automatic,8,gas,33950,Low CC,26,1
2016,toyota,tacoma,Excellent,Automatic,4,gas,39607,Low CC,14,1
2017,toyota,tundra,Excellent,Automatic,8,gas,35218,Low CC,25,1
2018,chevrolet,canaro,Excellent,Automatic,8,gas,895,Low CC,37,1
2018,jeep,wrangler sahara,Excellent,Automatic,6,gas,15000,Low CC,48,1
2006,ford,e350 van eb50 smb,Excellent,Manual,8,diesel,102335,Low CC,20,2
2013,ford,f350,Excellent,Automatic,8,diesel,105616,Low CC,21,1
2016,dodge,grand caravan,Excellent,Automatic,6,gas,46155,Low CC,47,1
2013,ford,f250,Excellent,Automatic,8,diesel,163686,Low CC,19,1
2019,ford,transit wagon,Excellent,Manual,6,gas,2750,Low CC,14,1
2017,ram,3500,Excellent,Manual,8,gas,41781,Low CC,6,1
2016,dodge,srt hellcat,Excellent,Automatic,8,gas,2993,Low CC,49,2
2017,ram,1500,Excellent,Manual,6,gas,19142,Low CC,25,1
2017,nissan,titan,Excellent,Automatic,8,gas,17056,Low CC,14,1
2018,ford,f-150 xlt 4x4,Excellent,Automatic,6,gas,22713,Low CC,17,1
2016,gmc,canyon,Excellent,Automatic,6,gas,46958,Low CC,11,1
2016,ford,f-250 super duty,Excellent,Manual,8,gas,24000,Low CC,5,1
2015,chevrolet,silverado 1500,Excellent,Manual,8,gas,122671,Low CC,42,1
2019,ford,f-150,Excellent,Manual,6,gas,2332,Low CC,15,1
2015,gmc,sierra 1500,Excellent,Automatic,8,gas,26027,Low CC,25,1
2015,ford,explorer,Excellent,Automatic,6,gas,61920,Low CC,48,1
2015,ram,2500,Excellent,Manual,8,gas,112000,Low CC,20,1
2016,chevrolet,silverado 1500,Excellent,Automatic,8,gas,42941,Low CC,25,1
2018,chevrolet,colorado,Excellent,Manual,6,gas,18354,Low CC,49,1
2017,jeep,wrangler unlimited sport,Excellent,Manual,6,gas,30400,Low CC,32,1
2015,ford,f-350 sd,Excellent,Automatic,8,gas,126999,Low CC,28,1
2015,chevrolet,silverado 2500hd,Excellent,Manual,8,gas,96638,Low CC,43,1
2014,audi,a8l,Excellent,Manual,8,gas,63000,Low CC,11,1
2007,chevrolet,silverado 3500hd,Excellent,Automatic,8,diesel,74894,Low CC,48,1
2006,ram,2500 quad cab slt,Excellent,Automatic,6,diesel,114646,Low CC,40,1
2019,jeep,cherokee overland 4x4,Excellent,Automatic,4,gas,18000,Low CC,35,1
2019,ram,laramie,Excellent,Manual,8,gas,3400,Low CC,27,1
2012,jaguar,xj-l sc,Excellent,Automatic,8,gas,59220,Low CC,46,1
2015,gmc,sierra 2500hd,Excellent,Automatic,8,diesel,104817,Low CC,35,1
1936,ford,five window coupe,Excellent,Automatic,8,gas,0,Low CC,12,1
2017,ram,2500,Excellent,Manual,6,diesel,86156,Low CC,10,1
2018,lexus,gx470 suv,Excellent,Manual,8,gas,13900,Low CC,41,1
1970,ford,mustang fastback,Excellent,Automatic,8,gas,64000,Low CC,27,1
2011,chevrolet,silverado 3500 duramax,Excellent,Manual,8,gas,130086,Low CC,17,1
2016,ford,super duty f-250,Excellent,Manual,8,diesel,106096,Low CC,31,1
2013,gmc,sierra,Excellent,Automatic,8,gas,80638,Low CC,46,1
2017,gmc,sierra 1500,Excellent,Automatic,8,gas,119614,Low CC,16,1
2017,ford,f250 xlt crew cab,Excellent,Manual,8,gas,11400,Low CC,33,1
2012,cadillac,escalade,Excellent,Automatic,8,gas,107812,Low CC,7,1
2015,chevrolet,express van,Excellent,Automatic,8,diesel,50264,Low CC,19,1
2017,acura,mdx advance package,Excellent,Automatic,6,gas,8000,Low CC,39,1
2018,chevrolet,silverado 1500 crew ca,Excellent,Automatic,8,gas,8348,Low CC,23,1
2014,chevrolet,silverado 3500hd,Excellent,Manual,8,gas,51361,Low CC,22,1
1957,chevrolet,bel air,Excellent,Automatic,8,gas,32000,Low CC,35,1
1936,ford,five window coupe,Excellent,Manual,8,gas,0,Low CC,24,1
2014,mercedes-benz,cls-class,Excellent,Automatic,8,gas,37330,Low CC,50,1
2016,honda,pilot ex-l,Excellent,Manual,6,gas,29200,Low CC,36,1
2019,chevrolet,silverado,Excellent,Automatic,8,gas,13287,Low CC,5,1
2014,ram,2500 cummins,Excellent,Automatic,6,diesel,68000,Low CC,5,1
2015,mercedes-benz,gl450,Excellent,Automatic,6,gas,47396,Low CC,29,1
2018,toyota,tundra,Excellent,Automatic,8,gas,4991,Low CC,7,1
2018,ram,2500,Excellent,Manual,8,diesel,35000,Low CC,17,2
2018,jeep,grand cherokee limited 4x4,Excellent,Manual,6,gas,2700,Low CC,24,1
2013,toyota,tundra,Excellent,Automatic,8,gas,56979,Low CC,43,1
2011,ram,3500,Excellent,Manual,6,diesel,132520,Low CC,45,1
2011,ford,f-350 lariat crew cab,Excellent,Manual,8,diesel,131329,Low CC,35,1
2014,gmc,sierra 1500 denali,Excellent,Manual,8,gas,91505,Low CC,8,1
2014,ram,2500,Excellent,Automatic,6,diesel,54786,Low CC,47,1
2012,ford,f-250 sd,Excellent,Automatic,8,diesel,152781,Low CC,15,1
2016,chevrolet,silverado 3500,Excellent,Automatic,8,diesel,51182,Low CC,25,1
2017,volvo,xc60 inscriptn,Excellent,Automatic,4,gas,20400,Low CC,28,1
2011,ford,f-150,Excellent,Automatic,8,gas,33950,Low CC,45,1
2016,chevrolet,silverado 2500hd,Excellent,Automatic,8,gas,16800,Low CC,42,1
2015,ford,f-150,Excellent,Manual,6,gas,41559,Low CC,41,1
2015,mercedes-benz,c 300 4matic sport,Excellent,Automatic,4,gas,26000,Low CC,36,1
2011,ford,f-250 sd,Excellent,Automatic,8,diesel,106585,Low CC,35,1
2017,ford,f150,Excellent,Manual,6,gas,13201,Low CC,9,1
2012,ford,f-350,Excellent,Automatic,8,diesel,103200,Low CC,35,1
2017,toyota,tundra,Excellent,Automatic,8,gas,25500,Low CC,16,1
2017,ford,explorer,Excellent,Automatic,4,gas,23559,Low CC,46,1
2016,ford,f-150 lariat,Excellent,Automatic,6,gas,82189,Low CC,9,1
2018,rover,velar,Excellent,Automatic,6,gas,10814,Low CC,36,2
2016,ford,transit wagon,Excellent,Automatic,6,gas,79000,Low CC,49,1
2015,ford,f-350 super duty,Excellent,Automatic,8,diesel,154122,Low CC,41,1
2016,toyota,tundra sr5,Excellent,Automatic,8,gas,35945,Low CC,19,1
1998,ferrari,355,Excellent,Manual,8,gas,20055,Low CC,25,2
1968,chevrolet,c-10,Excellent,Automatic,8,gas,11885,Low CC,29,1
2015,dodge,challenger,Excellent,Automatic,8,gas,12292,Low CC,10,1
2013,ford,f-250 sd,Excellent,Automatic,8,diesel,83341,Low CC,7,1
2008,dodge,challenger,Excellent,Automatic,8,gas,6207,Low CC,25,1
2015,gmc,sierra 1500 slt,Excellent,Automatic,8,gas,85000,Low CC,19,1
2015,ford,super duty f-250,Excellent,Manual,8,diesel,108130,Low CC,32,1
2015,jeep,wrangler unlimited,Excellent,Automatic,6,gas,35302,Low CC,38,1
2016,audi,a6,Excellent,Manual,6,gas,35722,Low CC,36,1
2015,chevrolet,silverado 2500hd,Excellent,Automatic,8,gas,67045,Low CC,41,1
2017,chevrolet,silverado 1500,Excellent,Automatic,8,gas,87303,Low CC,31,1
2014,gmc,sierra 2500hd,Excellent,Automatic,8,diesel,122122,Low CC,8,1
2017,mercedes-benz,benz,Excellent,Manual,6,gas,32016,Low CC,39,2
2010,chevrolet,camaro,Excellent,Automatic,8,gas,5996,Low CC,18,1
2010,ford,e350,Excellent,Automatic,8,gas,108776,Low CC,43,1
2014,gmc,sierra 1500,Excellent,Manual,8,gas,95716,Low CC,28,1
2014,lexus,gx460,Excellent,Automatic,8,gas,67000,Low CC,12,1
2016,infiniti,qx 80,Excellent,Manual,8,gas,48486,Low CC,34,1
2018,chevrolet,tahoe,Excellent,Manual,8,gas,34250,Low CC,28,1
2015,ford,f-150 supercrew xlt fx4 4x4,Excellent,Automatic,6,gas,56544,Low CC,37,1
2018,toyota,rav 4,Excellent,Manual,4,gas,7601,Low CC,35,1
2016,gmc,2016 yukon denali,Excellent,Automatic,8,gas,62000,Low CC,11,1
2015,chevrolet,3500hd duramax,Excellent,Manual,8,diesel,119056,Low CC,15,1
2016,rover,sport,Excellent,Manual,6,diesel,71840,Low CC,36,1
2017,cadillac,ct6,Excellent,Automatic,6,gas,22107,Low CC,30,1
2018,ram,2500,Excellent,Automatic,8,gas,28124,Low CC,12,1
2013,toyota,tundra,Excellent,Automatic,8,gas,76622,Low CC,33,1
2009,ford,f-550,Excellent,Automatic,8,diesel,98912,Low CC,40,1
2016,lexus,gx 460,Excellent,Manual,8,gas,68304,Low CC,27,1
2013,ram,2500,Excellent,Automatic,6,diesel,68000,Low CC,29,1
2018,chevrolet,2500hd,Excellent,Manual,8,diesel,51092,Low CC,7,1
2017,toyota,tacoma trd off road,Excellent,Manual,6,gas,14520,Low CC,8,1
2013,chrysler,town & country,Excellent,Automatic,6,gas,38556,Low CC,28,1
2016,cadillac,xts,Excellent,Manual,6,gas,47456,Low CC,32,1
2013,chevrolet,camaro,Excellent,Manual,8,gas,18003,Low CC,16,1
2015,cadillac,escalade,Excellent,Manual,8,gas,59886,Low CC,18,1
2018,jeep,grand cherokee,Excellent,Manual,6,gas,16812,Low CC,10,1
2008,ram,3500,Excellent,Manual,6,gas,93233,Low CC,30,1
2015,rover,evoque,Excellent,Manual,4,gas,41726,Low CC,41,1
2015,mercedes-benz,s550 4matic,Excellent,Automatic,8,gas,21215,Low CC,46,2
2015,jaguar,xj,Excellent,Automatic,6,gas,71797,Low CC,42,1
2014,cadillac,escalade premium,Excellent,Automatic,8,gas,40000,Low CC,14,1
2016,chevrolet,silverado 2500 lifted,Excellent,Automatic,8,gas,63871,Low CC,14,1
2019,chevrolet,silverado 2500hd,Excellent,Automatic,8,diesel,3989,Low CC,31,2
2015,chevrolet,silverado 1500,Excellent,Automatic,8,gas,42347,Low CC,7,1
1971,ford,bronco,Excellent,Automatic,8,gas,67538,Low CC,49,1
2017,ford,f150,Excellent,Manual,6,gas,13201,Low CC,13,1
2019,infiniti,q50,Excellent,Automatic,6,gas,6761,Low CC,36,1
2015,ram,3500,Excellent,Manual,6,diesel,150439,Low CC,10,1
2015,chevrolet,silverado 1500,Excellent,Automatic,8,gas,80604,Low CC,32,1
2017,buick,envision,Excellent,Automatic,4,gas,8065,Low CC,44,1
2018,gmc,yukon xl,Excellent,Automatic,8,gas,31631,Low CC,11,1
2019,ford,ranger,Excellent,Automatic,4,gas,225,Low CC,5,1
2017,ford,transit,Excellent,Automatic,6,gas,51406,Low CC,19,1
2007,ford,shelby mustang,Excellent,Automatic,8,gas,4187,Low CC,41,1
2019,ford,expedition,Excellent,Manual,6,gas,4233,Low CC,44,2
2013,mercedes-benz,gl450,Excellent,Automatic,8,gas,35900,Low CC,22,1
1950,ford,station wagon,Excellent,Automatic,8,gas,9509,Low CC,39,2
2012,ford,f250,Excellent,Manual,8,diesel,83146,Low CC,19,1
2018,cadillac,ats-v coupe,Excellent,Automatic,6,gas,20,Low CC,23,2
2015,ford,f-150,Excellent,Manual,6,gas,123313,Low CC,48,1
2016,ford,super duty f-250 lariat 6.7,Excellent,Automatic,8,diesel,71470,Low CC,26,1
2018,ford,f150,Excellent,Automatic,6,gas,12704,Low CC,6,1
2016,volvo,xc90,Excellent,Manual,4,gas,28202,Low CC,46,1
2017,jaguar,xf,Excellent,Manual,6,gas,4318,Low CC,16,1
2016,dodge,challenger hellcat,Excellent,Automatic,8,gas,20898,Low CC,48,1
2018,ford,taurus,Excellent,Automatic,6,gas,9489,Low CC,40,1
2018,toyota,highlander xle,Excellent,Manual,6,gas,7000,Low CC,24,1
2017,ram,1500,Excellent,Automatic,6,gas,34702,Low CC,50,1
2014,ram,2500 cummins,Excellent,Manual,6,diesel,68000,Low CC,39,1
2019,chevrolet,suburban,Excellent,Automatic,8,gas,4716,Low CC,28,2
2017,nissan,titan xd pro-4x,Excellent,Automatic,8,diesel,21500,Low CC,19,1
2014,chevrolet,silverado 3500hd,Excellent,Automatic,8,gas,51361,Low CC,30,1
2016,gmc,yukon xl,Excellent,Manual,8,gas,51808,Low CC,17,1
2018,nissan,titan,Excellent,Automatic,8,gas,14860,Low CC,47,1
2015,ram,2500 slt 4x4,Excellent,Automatic,6,diesel,95000,Low CC,49,1
2018,toyota,sr5 4x4,Excellent,Automatic,6,gas,25043,Low CC,35,1
2015,jeep,wrangler unlimited,Excellent,Automatic,6,gas,36500,Low CC,14,1
1966,dodge,coronet deluxe,Excellent,Automatic,8,gas,25300,Low CC,30,1
2017,chevrolet,2500,Excellent,Automatic,8,diesel,51322,Low CC,7,1
2014,ford,f250,Excellent,Automatic,8,diesel,140012,Low CC,11,1
2017,chevrolet,silverado,Excellent,Automatic,8,gas,12860,Low CC,47,1
2015,gmc,2500hd denali,Excellent,Manual,8,diesel,31400,Low CC,19,1
1968,dodge,dart gts,Excellent,Manual,8,gas,15500,Low CC,37,1
2018,gmc,cayon,Excellent,Manual,6,gas,31725,Low CC,11,1
2016,ford,f-150,Excellent,Manual,6,gas,82020,Low CC,23,1
2016,ram,1500,Excellent,Automatic,8,gas,63512,Low CC,49,1
2015,ford,super duty f-250,Excellent,Automatic,8,diesel,125616,Low CC,38,1
2011,ford,f250,Excellent,Manual,8,diesel,180608,Low CC,44,1
2014,mercedes-benz,sprinter 2500,Excellent,Automatic,4,diesel,90000,Low CC,42,1
2012,ram,3500,Excellent,Automatic,6,diesel,145000,Low CC,23,1
2017,lexus,gx 460 4x4,Excellent,Automatic,8,gas,30306,Low CC,36,1
2016,ford,f-150 platinum,Excellent,Automatic,6,gas,14762,Low CC,21,1
2016,ford,f150,Excellent,Automatic,8,gas,48000,Low CC,40,1
2017,ford,f150 lariat,Excellent,Manual,6,gas,34700,Low CC,26,1
2016,ford,transit t150,Excellent,Manual,6,gas,16600,Low CC,50,1
2014,toyota,sienna l,Excellent,Manual,6,gas,75000,Low CC,17,1
2018,ram,1500 4x4,Excellent,Manual,8,gas,34256,Low CC,45,1
2016,chevrolet,silverado 2500 lifted,Excellent,Manual,8,gas,63871,Low CC,7,1
2013,ram,2500,Excellent,Automatic,6,diesel,67000,Low CC,12,1
2019,gmc,sierra,Excellent,Manual,8,gas,13257,Low CC,29,1
2015,chevrolet,silverado 2500hd,Excellent,Automatic,8,gas,150667,Low CC,32,1
2016,ford,transit,Excellent,Automatic,6,gas,105575,Low CC,40,1
2013,chevrolet,silverado 2500hd,Excellent,Automatic,8,diesel,116522,Low CC,38,1
2015,ford,transit cargo van,Excellent,Automatic,5,diesel,57552,Low CC,47,1
2015,ram,deisel cummins 3500,Excellent,Automatic,6,diesel,116500,Low CC,16,1
2018,ford,transit 15 passenger van,Excellent,Manual,6,gas,19485,Low CC,21,1
2011,ram,laramie,Excellent,Automatic,6,diesel,84777,Low CC,47,1
2012,ram,3500 cummins,Excellent,Automatic,6,diesel,125553,Low CC,20,1
2016,ram,3500 tradesman,Excellent,Automatic,6,diesel,65004,Low CC,28,1
2017,ford,f-150,Excellent,Automatic,6,gas,43127,Low CC,9,1
2016,ford,f-150 platinum,Excellent,Manual,8,gas,97590,Low CC,45,1
2016,cadillac,srx,Excellent,Automatic,6,gas,31409,Low CC,30,1
2014,mercedes-benz,s63,Excellent,Automatic,8,gas,69629,Low CC,41,2
2019,mitsubishi,outlander,Excellent,Automatic,4,gas,1,Low CC,7,1
2014,ford,super duty f-350 srw,Excellent,Automatic,8,diesel,153746,Low CC,13,1
2018,gmc,acadia,Excellent,Manual,6,gas,29070,Low CC,36,1
2014,ram,2500 cummins 4x4,Excellent,Manual,6,diesel,68000,Low CC,38,1
2014,ford,f-350 super duty,Excellent,Automatic,8,diesel,75378,Low CC,37,1
2009,ram,3500,Excellent,Automatic,8,diesel,159963,Low CC,30,1
2013,volvo,vnl 670,Excellent,Manual,6,diesel,469000,Low CC,29,1
2017,lexus,gx 460,Excellent,Automatic,8,gas,20400,Low CC,7,1
2014,ford,super duty f-250 srw lariat,Excellent,Automatic,8,gas,94525,Low CC,43,1
2013,chevrolet,avalanche 1500,Excellent,Automatic,8,gas,61185,Low CC,16,1
2018,gmc,yukon,Excellent,Automatic,8,gas,35326,Low CC,36,2
2012,ford,f250,Excellent,Manual,8,diesel,86131,Low CC,34,1
2019,nissan,z,Excellent,Automatic,6,gas,3503,Low CC,29,1
2011,chevrolet,silverado 2500hd,Excellent,Manual,8,diesel,101000,Low CC,39,1
2014,chevrolet,duramax flatbed 4x4,Excellent,Manual,8,diesel,145107,Low CC,47,1
2014,gmc,sierra sle,Excellent,Manual,6,gas,75675,Low CC,38,1
2016,ford,super duty f-250 lariat leveled deleted,Excellent,Manual,8,diesel,132134,Low CC,22,1
2002,volkswagen,eurovan,Excellent,Automatic,6,gas,172500,Low CC,44,1
2015,ford,f-150,Excellent,Automatic,6,gas,112324,Low CC,43,1
2016,ford,f-350 sd,Excellent,Manual,8,diesel,154446,Low CC,48,1
2016,ford,f150,Excellent,Automatic,6,gas,43904,Low CC,13,1
2018,chevrolet,traverse,Excellent,Automatic,6,gas,20200,Low CC,19,1
2014,chevrolet,silverado 1500,Excellent,Automatic,8,gas,118162,Low CC,30,1
2017,ram,1500,Excellent,Manual,8,gas,35695,Low CC,40,1
2014,chevrolet,silverado 2500 hd,Excellent,Manual,8,gas,80891,Low CC,40,1
2015,jeep,grand cherokee,Excellent,Automatic,6,gas,43391,Low CC,28,1
2009,dodge,challenger srt8,Excellent,Manual,8,gas,4240,Low CC,31,1
2016,chevrolet,ck15753,Excellent,Automatic,8,gas,10600,Low CC,29,1
2014,toyota,4runner,Excellent,Manual,6,gas,46549,Low CC,49,1
2018,ram,1500 slt 4x4,Excellent,Manual,6,gas,13459,Low CC,14,1
2014,lexus,gx 460,Excellent,Automatic,8,gas,66607,Low CC,27,1
2018,ford,transit,Excellent,Automatic,6,gas,21555,Low CC,37,1
2019,ford,explorer,Excellent,Automatic,6,gas,2244,Low CC,46,1
2017,chevrolet,silverado 1500,Excellent,Automatic,8,gas,20992,Low CC,20,1
2017,jeep,wrangler,Excellent,Automatic,6,gas,9000,Low CC,16,1
2017,ford,super duty f-250 srw,Excellent,Automatic,8,diesel,123271,Low CC,43,2
2013,lexus,gs350 f-sport,Excellent,Manual,6,gas,39305,Low CC,23,1
2017,ram,3500 4x4 work truck,Excellent,Automatic,6,diesel,33500,Low CC,42,1
2018,gmc,denali,Excellent,Manual,8,gas,3500,Low CC,35,1
2013,ford,f350,Excellent,Manual,8,gas,68837,Low CC,46,1
2015,ford,f-250 super duty 4x4,Excellent,Manual,8,diesel,191000,Low CC,32,1
2015,ford,superduty f-350 platinum deleted,Excellent,Manual,8,diesel,78916,Low CC,26,1
2012,toyota,tundra,Excellent,Automatic,8,gas,65807,Low CC,34,1
2015,chevrolet,colorado,Excellent,Manual,6,gas,83222,Low CC,5,1
2011,ford,f-350,Excellent,Manual,8,diesel,71000,Low CC,24,1
2017,jeep,grand cherokee,Excellent,Automatic,6,gas,33412,Low CC,10,1
2015,ford,super duty f-350 drw,Excellent,Automatic,8,diesel,87000,Low CC,30,1
2015,chevrolet,silverado 2500hd,Excellent,Automatic,8,diesel,134268,Low CC,18,1
2016,ford,super duty f-250,Excellent,Automatic,8,diesel,106096,Low CC,19,1
2015,gmc,yukon xl slt,Excellent,Automatic,6,gas,126000,Low CC,7,1
2016,chevrolet,silverado 1500 ltz,Excellent,Manual,8,gas,116207,Low CC,25,1
2015,cadillac,escalade premium,Excellent,Manual,8,gas,87329,Low CC,5,1
2015,rover,evoque,Excellent,Manual,4,gas,21622,Low CC,13,1
2013,toyota,4runner,Excellent,Automatic,6,gas,68500,Low CC,40,1
2015,ford,f-150,Excellent,Automatic,8,gas,76717,Low CC,16,1
2014,ford,f-150 fx4,Excellent,Automatic,6,gas,103000,Low CC,34,1
2016,toyota,tacoma,Excellent,Automatic,6,gas,28619,Low CC,38,1
2013,ram,2500,Excellent,Automatic,6,diesel,117541,Low CC,36,1
2018,dodge,durango,Excellent,Automatic,6,gas,20816,Low CC,23,1
2008,chevrolet,corvette base,Excellent,Automatic,8,gas,38000,Low CC,15,1
2018,dodge,caravan,Excellent,Automatic,6,gas,28920,Low CC,50,1
2013,ford,f250,Excellent,Automatic,8,diesel,72700,Low CC,31,1
2015,gmc,sierra 1500,Excellent,Manual,8,gas,97023,Low CC,45,1
2016,toyota,highlander,Excellent,Automatic,6,gas,36170,Low CC,13,1
2017,ford,expedition platinum 4x4,Excellent,Automatic,6,gas,59246,Low CC,27,1
2016,dodge,challenger,Excellent,Automatic,8,gas,5016,Low CC,27,2
2011,ford,f-350 super duty lariat li,Excellent,Automatic,8,diesel,94844,Low CC,16,1
1969,chevrolet,camaro ss,Excellent,Automatic,8,gas,50018,Low CC,16,1
2010,ram,3500,Excellent,Manual,6,diesel,115332,Low CC,19,1
1970,dodge,challenger,Excellent,Automatic,8,gas,34000,Low CC,37,2
2018,ford,raptor,Excellent,Manual,6,gas,24499,Low CC,17,2
2016,toyota,tundra sr5,Excellent,Automatic,8,gas,47500,Low CC,38,1
2015,chevrolet,silverado 1500,Excellent,Manual,8,gas,23595,Low CC,33,1
2017,chevrolet,silverado 1500,Excellent,Automatic,8,gas,45491,Low CC,25,1
2015,chevrolet,silverado 3500hd,Excellent,Manual,8,diesel,92500,Low CC,24,1
2015,ram,1500 lone star,Excellent,Automatic,6,diesel,75600,Low CC,41,1
2014,nissan,titan,Excellent,Automatic,8,gas,67030,Low CC,28,1
2008,ram,3500 srw,Excellent,Automatic,6,diesel,130856,Low CC,41,1
2015,mercedes-benz,s-class,Excellent,Manual,8,gas,61103,Low CC,19,1
2017,gmc,sierra 1500 crew,Excellent,Automatic,8,gas,45135,Low CC,46,1
2017,ford,f150 super crew,Excellent,Automatic,6,gas,21911,Low CC,43,1
2016,ford,f-150,Excellent,Automatic,6,gas,38000,Low CC,31,1
2014,ford,f-150 xlt,Excellent,Automatic,6,gas,21910,Low CC,15,1
2018,volvo,xc90,Excellent,Automatic,4,gas,14386,Low CC,12,2
2015,ram,2500,Excellent,Manual,6,diesel,180000,Low CC,26,1
2016,toyota,tundra,Excellent,Automatic,8,gas,37770,Low CC,14,1
2008,chevrolet,corvette,Excellent,Automatic,8,gas,20815,Low CC,48,1
2014,mercedes-benz,cls550,Excellent,Automatic,8,gas,40382,Low CC,7,1
2015,ram,1500 laramie longhorn,Excellent,Automatic,8,gas,81840,Low CC,19,1
2016,chevrolet,corvette,Excellent,Manual,8,gas,13186,Low CC,50,1
2017,ram,1500,Excellent,Automatic,8,gas,41110,Low CC,7,1
2018,toyota,tacoma trd pro,Excellent,Manual,6,gas,5990,Low CC,22,1
2016,toyota,4-runner sr5,Excellent,Automatic,6,gas,18700,Low CC,12,1
2017,ram,2500,Excellent,Automatic,6,diesel,29300,Low CC,7,1
2014,bmw,x5 xdrive50i,Excellent,Automatic,8,gas,41500,Low CC,11,1
1957,chevrolet,bel air,Excellent,Automatic,8,gas,32000,Low CC,18,1
2019,ford,transit,Excellent,Manual,6,gas,16000,Low CC,49,1
2013,ram,2500,Excellent,Manual,6,diesel,67000,Low CC,49,1
2013,infiniti,qx56,Excellent,Automatic,8,gas,93269,Low CC,46,1
2019,lincoln,mkc,Excellent,Manual,4,gas,12766,Low CC,47,1
2014,ford,f-250 sd,Excellent,Automatic,8,diesel,116674,Low CC,18,1
2012,ford,f-350 sd,Excellent,Automatic,8,diesel,75582,Low CC,21,1
2018,ram,2500 cummins,Excellent,Manual,6,diesel,41275,Low CC,13,1
2015,mercedes-benz,sprinter,Excellent,Automatic,4,diesel,74108,Low CC,5,1
2018,kia,stinger,Excellent,Manual,4,gas,9588,Low CC,42,1
2016,ford,f350,Excellent,Manual,8,diesel,72000,Low CC,24,1
2016,ford,f-150,Excellent,Manual,8,gas,41893,Low CC,34,1
1972,chevrolet,chevelle malibu,Excellent,Manual,8,gas,86778,Low CC,50,1
2018,gmc,savana 2500 cargo van,Excellent,Automatic,8,gas,6806,Low CC,5,1
2015,jeep,wrangler,Excellent,Automatic,6,gas,58976,Low CC,17,1
2014,chevrolet,silverado,Excellent,Automatic,8,gas,47048,Low CC,30,1
2017,gmc,yukon,Excellent,Automatic,8,gas,27484,Low CC,21,1
2014,audi,q7,Excellent,Automatic,6,gas,89000,Low CC,47,1
2019,chevrolet,silverado 2500hd,Excellent,Manual,8,diesel,2,Low CC,25,2
2006,ram,2500 4x4,Excellent,Manual,6,diesel,151000,Low CC,50,1
2018,acura,mdx sh-awd,Excellent,Manual,6,gas,7845,Low CC,21,1
2018,ford,f-250sd,Excellent,Automatic,8,diesel,4440,Low CC,13,2
2014,chevrolet,silverado 1500,Excellent,Automatic,8,gas,102802,Low CC,28,1
2018,nissan,titan,Excellent,Manual,8,gas,5145,Low CC,49,1
2016,ford,f150,Excellent,Manual,6,gas,47999,Low CC,42,1
2012,ford,super duty f-350 drw,Excellent,Manual,8,diesel,84310,Low CC,46,1
2007,chevrolet,silverado 3500hd,Excellent,Automatic,8,diesel,74894,Low CC,10,1
2016,gmc,canyon,Excellent,Manual,6,gas,43250,Low CC,25,1
2017,ford,raptor,Excellent,Automatic,6,gas,52000,Low CC,23,2
2011,chevrolet,silverado 2500hd,Excellent,Manual,8,gas,52451,Low CC,14,1
2012,ram,3500,Excellent,Automatic,6,diesel,96974,Low CC,5,1
2015,chevrolet,silverado 1500,Excellent,Automatic,8,gas,33964,Low CC,45,1
2014,bmw,7 series,Excellent,Manual,8,gas,66848,Low CC,42,1
2014,toyota,fj cruiser,Excellent,Manual,6,gas,87394,Low CC,46,1
2012,chevrolet,silverado 2500hd,Excellent,Automatic,8,gas,90100,Low CC,6,1
2017,gmc,acadia,Excellent,Manual,6,gas,35693,Low CC,37,1
2018,ford,edge,Excellent,Manual,6,gas,7000,Low CC,21,1
2017,ram,1500,Excellent,Automatic,8,gas,27276,Low CC,33,1
2014,ford,f-350 sd,Excellent,Manual,8,gas,167061,Low CC,14,1
2015,ford,f-150,Excellent,Manual,6,gas,123313,Low CC,26,1
1941,pontiac,torpedo deluxe,Excellent,Automatic,8,gas,44600,Low CC,15,1
2016,chevrolet,2500hd crewcab duramax 4x4,Excellent,Manual,8,diesel,27600,Low CC,47,2
2018,chevrolet,silverado lt 4x4,Excellent,Manual,8,gas,43345,Low CC,27,1
2016,ford,f-150,Excellent,Automatic,6,gas,29780,Low CC,29,1
2015,audi,q7,Excellent,Manual,6,gas,64344,Low CC,34,1
2017,ford,explorer,Excellent,Automatic,4,gas,23559,Low CC,37,1
2006,ford,f-350 sd xl 4wd,Excellent,Automatic,8,diesel,57000,Low CC,10,1
2013,chevrolet,silverado 3500,Excellent,Automatic,8,diesel,88000,Low CC,30,1
2014,ford,f150 eco boost,Excellent,Manual,6,gas,57623,Low CC,18,1
2003,ferrari,360,Excellent,Manual,8,gas,12275,Low CC,47,2
2015,gmc,sierra 1500,Excellent,Automatic,8,gas,26027,Low CC,25,1
2017,dodge,challenger,Excellent,Manual,8,gas,18816,Low CC,37,1
2011,ford,f-350 super duty lariat li,Excellent,Automatic,8,diesel,94844,Low CC,13,1
2017,chevrolet,silverado 1500,Excellent,Automatic,8,gas,39000,Low CC,12,1
2014,chevrolet,silverado 1500,Excellent,Automatic,8,gas,121736,Low CC,46,1
2017,chevrolet,camaro,Excellent,Automatic,4,gas,20437,Low CC,42,1
2013,gmc,sierra 1500,Excellent,Automatic,8,gas,27229,Low CC,11,1
2016,ram,2500,Excellent,Manual,6,diesel,112200,Low CC,35,1
2012,ram,2500,Excellent,Automatic,6,diesel,134111,Low CC,6,1
2019,ford,mustang gt,Excellent,Manual,8,gas,10,Low CC,10,1
2015,ford,f350,Excellent,Manual,8,diesel,116449,Low CC,41,1
2016,bmw,5 series,Excellent,Manual,6,gas,38096,Low CC,14,1
2015,ford,f-250 sd,Excellent,Manual,8,diesel,171585,Low CC,28,1
2016,cadillac,cts4,Excellent,Automatic,6,gas,37450,Low CC,34,1
2015,ford,f-150 lariat,Excellent,Automatic,6,gas,37500,Low CC,5,1
2016,bmw,5-series xdrive,Excellent,Automatic,8,gas,47698,Low CC,8,1
2016,gmc,sierra 1500,Excellent,Manual,6,gas,48524,Low CC,35,1
2018,ford,f-250 super duty,Excellent,Manual,8,diesel,26020,Low CC,45,1
2015,ford,f-350 4x4 crew cab,Excellent,Automatic,8,diesel,75000,Low CC,30,1
2016,ford,transit wagon,Excellent,Automatic,6,gas,79000,Low CC,26,1
2018,ford,f-250 xlt crew cab,Excellent,Automatic,8,diesel,39950,Low CC,30,1
2015,ford,f-150,Excellent,Automatic,6,gas,114342,Low CC,8,1
2014,ford,f-150 limited,Excellent,Manual,8,gas,78069,Low CC,34,1
2016,gmc,1500 sierra,Excellent,Automatic,8,gas,44047,Low CC,41,1
2018,ford,f-150 f150,Excellent,Automatic,6,gas,28000,Low CC,47,1
2015,gmc,sierra 1500,Excellent,Manual,8,gas,118000,Low CC,8,1
2018,chevrolet,silverado 1500 crew ca,Excellent,Automatic,8,gas,8348,Low CC,28,1
2018,ram,2500,Excellent,Manual,8,gas,28124,Low CC,26,1
2017,buick,envision awd suv,Excellent,Automatic,4,gas,21900,Low CC,21,1
2017,infiniti,qx50,Excellent,Manual,6,gas,27687,Low CC,15,1
2006,mitsubishi,evolution se,Excellent,Automatic,4,gas,61135,Low CC,27,1
2011,ford,f-350 super duty lariat di,Excellent,Automatic,8,diesel,99263,Low CC,10,1
2016,toyota,4runner sr5,Excellent,Automatic,6,gas,32800,Low CC,24,1
2011,gmc,sierra denali 3500 crew 4x4,Excellent,Automatic,8,diesel,160124,Low CC,9,1
2013,ford,f-450 sd,Excellent,Manual,8,diesel,85025,Low CC,49,1
2012,ram,3500,Excellent,Manual,6,diesel,116000,Low CC,40,1
1957,chevrolet,bel air,Excellent,Manual,8,gas,32000,Low CC,31,1
2013,ford,f-250 sd,Excellent,Manual,8,gas,86658,Low CC,46,1
2015,ford,super duty f-250 srw,Excellent,Manual,8,diesel,162667,Low CC,36,1
2016,toyota,tacoma,Excellent,Manual,6,gas,28619,Low CC,20,1
2018,ford,f150,Excellent,Automatic,6,gas,22535,Low CC,39,1
2015,ford,f150,Excellent,Automatic,6,gas,115895,Low CC,38,1
2016,ford,f-150,Excellent,Automatic,6,gas,30525,Low CC,13,1
2018,ford,f150,Excellent,Automatic,6,gas,15359,Low CC,49,1
2012,jeep,wrangler,Excellent,Automatic,6,gas,99384,Low CC,6,1
2019,ford,f-150,Excellent,Automatic,6,gas,2234,Low CC,16,1
2011,ram,2500,Excellent,Automatic,8,diesel,100661,Low CC,13,1
2016,gmc,sierra 3500,Excellent,Manual,8,diesel,132562,Low CC,42,1
2014,gmc,sierra 3500hd,Excellent,Manual,8,diesel,79419,Low CC,31,1
2014,ford,f-150 4x4,Excellent,Automatic,6,gas,75440,Low CC,38,1
2016,chevrolet,silverado,Excellent,Automatic,8,diesel,104960,Low CC,24,1
2015,jeep,grand cherokee,Excellent,Manual,6,gas,33431,Low CC,30,1
2014,chevrolet,corvette,Excellent,Automatic,8,gas,11879,Low CC,39,1
2015,mercedes-benz,benz,Excellent,Automatic,4,diesel,80617,Low CC,6,1
2015,chevrolet,tahoe,Excellent,Automatic,8,gas,77000,Low CC,33,1
2011,ford,f250,Excellent,Automatic,8,diesel,122702,Low CC,25,1
2016,lexus,gs 350 f-sport,Excellent,Automatic,6,gas,27198,Low CC,31,1
2018,ford,explorer limited,Excellent,Manual,6,gas,44337,Low CC,21,1
2018,ram,2500,Excellent,Manual,8,gas,9930,Low CC,7,1
2002,ford,f-650,Excellent,Automatic,6,diesel,141270,Low CC,31,1
2016,ford,f-550,Excellent,Automatic,8,diesel,126000,Low CC,39,1
2019,bmw,x3,Excellent,Automatic,4,gas,14659,Low CC,48,1
2018,chevrolet,silverado 1500,Excellent,Automatic,8,gas,4,Low CC,25,1
2016,ford,transit wagon,Excellent,Manual,6,gas,79000,Low CC,11,1
2017,jeep,grand cherokee limited,Excellent,Manual,6,gas,38574,Low CC,11,1
2014,mercedes-benz,e-class,Excellent,Manual,8,gas,81030,Low CC,27,1
2018,chevrolet,camaro ss,Excellent,Automatic,8,gas,1200,Low CC,43,1
2013,gmc,sierra 2500hd,Excellent,Automatic,8,diesel,64440,Low CC,20,1
2018,chevrolet,corvette,Excellent,Automatic,8,gas,1400,Low CC,14,2
2015,toyota,tundra crewmax 5.7 clean,Excellent,Automatic,8,gas,119545,Low CC,33,1
2014,gmc,2500hd sierra denali duramax,Excellent,Automatic,8,diesel,118269,Low CC,23,1
2013,ford,f-350 sd,Excellent,Manual,8,diesel,75892,Low CC,18,1
2015,bmw,x5m,Excellent,Automatic,8,gas,53819,Low CC,23,1
2016,nissan,titan xd,Excellent,Automatic,8,diesel,31000,Low CC,15,1
2013,ram,2500,Excellent,Manual,6,diesel,125538,Low CC,22,1
2007,ram,2500,Excellent,Automatic,6,diesel,144066,Low CC,16,1
2013,ram,2500,Excellent,Manual,6,diesel,95400,Low CC,39,1
2015,infiniti,qx80,Excellent,Automatic,8,gas,71199,Low CC,18,1
2013,toyota,tundra crew cab 4x4,Excellent,Manual,8,gas,51300,Low CC,17,1
2016,chevrolet,silverado 2500 lifted,Excellent,Automatic,8,gas,63871,Low CC,27,1
2017,ram,3500,Excellent,Automatic,6,diesel,18023,Low CC,17,1
2015,chevrolet,silverado 2500hd,Excellent,Automatic,8,gas,99105,Low CC,16,1
1950,mercury,custom coupe,Excellent,Manual,8,gas,79694,Low CC,14,1
1967,volkswagen,t-2,Excellent,Automatic,4,gas,99000,Low CC,27,1
2013,ford,f-150,Excellent,Automatic,8,gas,97000,Low CC,42,1
2016,ford,explorer,Excellent,Manual,4,gas,64375,Low CC,9,1
2013,audi,s8,Excellent,Automatic,8,gas,86782,Low CC,25,1
2017,nissan,murano,Excellent,Manual,6,gas,27000,Low CC,12,1
2016,chevrolet,silverado 2500hd,Excellent,Manual,8,gas,16800,Low CC,45,1
2016,ford,explorer,Excellent,Manual,4,gas,47162,Low CC,6,1
2012,chevrolet,silverado 2500hd,Excellent,Manual,8,diesel,104533,Low CC,21,1
2016,gmc,denali 2500,Excellent,Manual,8,gas,129000,Low CC,20,1
2018,ford,transit-250,Excellent,Automatic,6,gas,26066,Low CC,15,1
2018,ford,transit,Excellent,Manual,6,gas,9049,Low CC,16,1
2017,chevrolet,silverado 1500,Excellent,Manual,8,gas,26686,Low CC,16,1
2015,dodge,challenger,Excellent,Manual,8,gas,41900,Low CC,42,1
2016,ford,super duty f-250,Excellent,Automatic,8,diesel,106096,Low CC,16,1
2014,chevrolet,silverado 1500,Excellent,Automatic,8,gas,129360,Low CC,48,1
2014,toyota,sequoia,Excellent,Automatic,8,gas,65597,Low CC,40,1
2007,chevrolet,silverado 3500hd,Excellent,Manual,8,diesel,74894,Low CC,47,1
2016,ford,f-150,Excellent,Automatic,8,gas,21877,Low CC,11,1
2018,chevrolet,silverado lt 4x4,Excellent,Automatic,8,gas,19201,Low CC,20,1
2016,chevrolet,silverado 1500,Excellent,Automatic,8,gas,39352,Low CC,31,1
2018,chevrolet,silverado 1500,Excellent,Automatic,8,gas,4438,Low CC,28,1
2014,ram,2500,Excellent,Manual,6,diesel,96275,Low CC,25,1
2015,ram,3500 tradesman crew cab 4x4,Excellent,Automatic,6,diesel,51188,Low CC,40,1
2018,chevrolet,silverado lt 4x4,Excellent,Manual,8,gas,44278,Low CC,32,1
2016,dodge,challenger srt hellcat,Excellent,Automatic,8,gas,19600,Low CC,28,2
2015,gmc,1500 sierra denali,Excellent,Manual,6,gas,25500,Low CC,39,1
2015,jeep,wrangler unlimited,Excellent,Automatic,6,gas,65000,Low CC,25,1
2018,gmc,acadia,Excellent,Automatic,6,gas,29070,Low CC,32,1
2016,lexus,is 200t is200t is200,Excellent,Automatic,4,gas,13463,Low CC,45,1
2015,gmc,yukon xl,Excellent,Manual,8,gas,89000,Low CC,30,1
2014,toyota,tundra,Excellent,Automatic,8,gas,11095,Low CC,17,1
2012,gmc,sierra slt,Excellent,Automatic,6,diesel,118200,Low CC,42,1
2013,ram,2500,Excellent,Manual,6,diesel,143726,Low CC,20,1
2017,chevrolet,silverado 1500 crew cab,Excellent,Automatic,8,gas,80480,Low CC,40,1
2016,chevrolet,silverado 1500,Excellent,Automatic,8,gas,45752,Low CC,18,1
2018,ford,transit wagon,Excellent,Automatic,6,gas,22254,Low CC,42,1
2009,ford,f-550,Excellent,Manual,8,diesel,98912,Low CC,12,1
2016,infiniti,qx 80,Excellent,Automatic,8,gas,48486,Low CC,11,1
2016,ram,1500 rebel 4x4 5.7l hemi,Excellent,Manual,8,gas,88900,Low CC,10,1
2019,ford,mustang,Excellent,Automatic,4,gas,18000,Low CC,40,1
2009,ford,f350,Excellent,Manual,8,diesel,148414,Low CC,39,1
2017,ford,f250,Excellent,Automatic,8,gas,91689,Low CC,44,1
2015,jeep,grand cherokee,Excellent,Automatic,6,gas,33431,Low CC,14,1
2017,chevrolet,silverado duramax 2500,Excellent,Automatic,8,diesel,46000,Low CC,48,1
2019,chevrolet,colorado 4x4,Excellent,Automatic,4,gas,1192,Low CC,37,1
2014,ram,2500,Excellent,Manual,6,diesel,96275,Low CC,39,1
2012,jeep,grand cherokee srt-8,Excellent,Automatic,8,gas,92092,Low CC,45,1
2015,chevrolet,silverado 2500 hd lt,Excellent,Manual,8,diesel,86423,Low CC,32,1
1955,chevrolet,bel air,Excellent,Manual,8,gas,4000,Low CC,32,1
2018,subaru,wrx sti limited,Excellent,Automatic,4,gas,5335,Low CC,33,1
2017,gmc,sierra 1500,Excellent,Automatic,8,gas,129487,Low CC,21,1
2018,chevrolet,traverse,Excellent,Manual,6,gas,3436,Low CC,17,1
2014,ford,f-150,Excellent,Manual,8,gas,78006,Low CC,40,1
2008,chevrolet,silverado,Excellent,Automatic,8,diesel,112797,Low CC,21,1
2016,ram,3500,Excellent,Automatic,6,diesel,77231,Low CC,32,1
2015,ford,f-350 sd,Excellent,Automatic,8,diesel,125457,Low CC,9,1
2015,gmc,yukon xl,Excellent,Manual,8,gas,89000,Low CC,25,1
2016,chevrolet,silverado 2500 lifted,Excellent,Automatic,8,gas,63871,Low CC,24,1
2013,audi,a7,Excellent,Automatic,6,gas,53000,Low CC,34,1
2015,ram,2500,Excellent,Manual,8,gas,105533,Low CC,7,1
2015,chevrolet,suburban,Excellent,Automatic,8,gas,59000,Low CC,23,1
2016,ford,transit wagon,Excellent,Automatic,6,gas,79000,Low CC,10,1
2015,ford,super duty f-250,Excellent,Manual,8,diesel,125616,Low CC,49,1
2017,ford,transit,Excellent,Manual,6,gas,24337,Low CC,47,1
2018,chevrolet,silverado lt 4x4,Excellent,Manual,8,gas,25440,Low CC,43,1
2018,ram,1500 quadcab slt 4wd,Excellent,Manual,6,gas,19076,Low CC,28,1
2012,ram,5500 4x4 cummins,Excellent,Manual,6,diesel,214173,Low CC,36,1
2015,jeep,wrangler,Excellent,Automatic,6,gas,25800,Low CC,20,1
2016,ford,super duty f-250 srw,Excellent,Automatic,8,diesel,105818,Low CC,31,1
2015,ford,f-150,Excellent,Automatic,6,gas,81816,Low CC,40,1
2013,jeep,wrangler sahara,Excellent,Automatic,6,gas,57000,Low CC,46,1
2012,ford,f250,Excellent,Manual,8,diesel,64421,Low CC,48,1
2016,ford,explorer,Excellent,Manual,4,gas,47162,Low CC,41,1
2008,ram,2500,Excellent,Automatic,6,diesel,180179,Low CC,37,1
2014,ram,2500,Excellent,Automatic,8,gas,121437,Low CC,37,1
2017,toyota,4runner trd pro,Excellent,Automatic,6,gas,26000,Low CC,21,1
2019,chevrolet,silverado 1500,Excellent,Manual,8,gas,3490,Low CC,20,1
2018,nissan,nv passenger,Excellent,Manual,8,gas,11269,Low CC,42,1
2008,kia,sportage,Excellent,Automatic,6,gas,75310,Low CC,19,2
2017,ford,explorer,Excellent,Automatic,6,gas,30402,Low CC,24,1
2012,dodge,5500,Excellent,Automatic,6,diesel,270000,Low CC,17,1
2018,ford,transit 350 15 passenger,Excellent,Automatic,6,gas,24892,Low CC,12,1
2012,chevrolet,silverado 3500hd,Excellent,Automatic,8,gas,72686,Low CC,17,1
2016,ford,f-350 sd,Excellent,Automatic,8,diesel,90060,Low CC,16,1
2015,toyota,tacoma trd offroad,Excellent,Manual,6,gas,30888,Low CC,46,1
2015,dodge,challenger,Excellent,Automatic,8,gas,41900,Low CC,18,1
2018,nissan,titan,Excellent,Automatic,8,gas,5145,Low CC,30,1
2012,ford,f350,Excellent,Automatic,8,gas,40425,Low CC,6,1
2015,mercedes-benz,g550,Excellent,Automatic,8,gas,43294,Low CC,46,2
2017,ram,2500,Excellent,Automatic,6,diesel,80150,Low CC,44,1
2013,ram,2500,Excellent,Automatic,6,diesel,68000,Low CC,17,1
2014,chevrolet,silverado 1500,Excellent,Manual,8,gas,46850,Low CC,8,1
2018,chrysler,pacifica limited,Excellent,Manual,6,gas,289,Low CC,39,2
2014,ram,2500,Excellent,Manual,6,diesel,161489,Low CC,28,1
2016,ford,f150,Excellent,Automatic,8,gas,42769,Low CC,42,1
2017,ram,2500 laramie mega cab,Excellent,Automatic,8,gas,28863,Low CC,6,1
2013,ram,2500,Excellent,Automatic,6,diesel,143726,Low CC,39,1
2018,ram,2500,Excellent,Automatic,6,diesel,7643,Low CC,17,1
2015,gmc,sierra 3500hd available wifi,Excellent,Manual,8,gas,65981,Low CC,43,1
2012,ram,3500,Excellent,Manual,6,diesel,52487,Low CC,38,1
2016,ford,f-150,Excellent,Manual,6,gas,63000,Low CC,38,1
2018,cadillac,escalade esv,Excellent,Automatic,8,gas,11895,Low CC,29,2
2016,dodge,challenger,Excellent,Automatic,8,gas,5016,Low CC,10,2
2014,chevrolet,silverado 1500,Excellent,Automatic,8,gas,68262,Low CC,11,1
2018,ford,explorer xlt,Excellent,Automatic,6,gas,14772,Low CC,35,1
2015,ford,f-350,Excellent,Manual,8,diesel,168061,Low CC,22,1
2016,ford,explorer,Excellent,Manual,4,gas,31133,Low CC,28,1
2014,chevrolet,silverado 1500,Excellent,Manual,8,gas,94912,Low CC,38,1
2015,cadillac,escalade esv,Excellent,Automatic,8,gas,60000,Low CC,29,1
2015,cadillac,escalade,Excellent,Manual,8,gas,77164,Low CC,37,1
2013,chevrolet,silverado 2500hd,Excellent,Automatic,8,diesel,76105,Low CC,31,1
2019,ford,f250,Excellent,Manual,8,diesel,6956,Low CC,29,2
1937,ford,coupe,Excellent,Manual,8,gas,41000,Low CC,27,1
2012,ford,f150,Excellent,Automatic,6,gas,52000,Low CC,29,1
2015,chevrolet,tahoe,Excellent,Automatic,8,gas,105918,Low CC,47,1
2016,jeep,cherokee trailhawk,Excellent,Automatic,6,gas,33800,Low CC,30,1
2015,jeep,wrangler,Excellent,Manual,6,gas,34372,Low CC,11,1
2017,nissan,titan,Excellent,Manual,8,gas,37575,Low CC,45,1
2015,ford,f-150 sport fx-4,Excellent,Automatic,6,gas,47611,Low CC,49,1
2018,cadillac,escalade,Excellent,Manual,8,gas,32310,Low CC,33,2
2012,chevrolet,2500,Excellent,Automatic,8,diesel,83847,Low CC,32,1
2018,gmc,yukon,Excellent,Manual,8,gas,13145,Low CC,16,2
2017,ford,f450,Excellent,Automatic,8,diesel,68978,Low CC,9,1
2018,chevrolet,suburban,Excellent,Manual,8,gas,21433,Low CC,40,1
1968,mercedes-benz,280 sl,Excellent,Automatic,6,gas,47768,Low CC,23,2
2016,chevrolet,corvette,Excellent,Automatic,8,gas,13325,Low CC,47,1
2015,ford,f-150,Excellent,Automatic,6,gas,81816,Low CC,27,1
2013,ram,2500,Excellent,Automatic,6,diesel,125538,Low CC,5,1
2017,ford,f-150,Excellent,Automatic,6,gas,25745,Low CC,41,1
2013,ford,f-150,Excellent,Automatic,8,gas,68015,Low CC,49,1
2016,ford,econoline,Excellent,Manual,8,gas,47213,Low CC,6,1
2014,chevrolet,corvette stingray 1 lt,Excellent,Automatic,8,gas,44131,Low CC,50,1
2014,jeep,grand cherokee srt,Excellent,Automatic,8,gas,65500,Low CC,36,1
2015,chevrolet,silverado high country,Excellent,Manual,8,diesel,114580,Low CC,50,1
2016,ford,f-150,Excellent,Automatic,6,gas,34273,Low CC,15,1
2017,ford,super duty f-350 drw,Excellent,Manual,8,diesel,65285,Low CC,33,2
2017,toyota,tacoma,Excellent,Automatic,6,gas,62962,Low CC,35,1
2010,ram,2500 laramie diesel t,Excellent,Automatic,6,diesel,124472,Low CC,37,1
2016,ford,explorer,Excellent,Manual,4,gas,31133,Low CC,6,1
2009,gmc,sierra 3500hd,Excellent,Automatic,8,diesel,97084,Low CC,7,1
2018,dodge,durango,Excellent,Automatic,8,gas,9939,Low CC,24,1
2017,audi,q7,Excellent,Manual,6,gas,46269,Low CC,49,1
2016,ford,f-150 xlt,Excellent,Manual,8,gas,35000,Low CC,26,1
2018,ford,transit t250,Excellent,Automatic,6,gas,17229,Low CC,14,1
2013,chevrolet,silverado ltz,Excellent,Automatic,8,gas,77000,Low CC,7,1
2016,rover,discovery sport,Excellent,Manual,4,gas,18447,Low CC,47,1
2014,jeep,wrangler sahara unlimited,Excellent,Automatic,6,gas,37400,Low CC,16,1
2017,ford,transit,Excellent,Automatic,6,gas,24337,Low CC,5,1
2019,ford,explorer,Excellent,Automatic,6,gas,2015,Low CC,33,1
2015,chevrolet,silverado 3500hd,Excellent,Automatic,8,diesel,189251,Low CC,10,1
2017,gmc,sierra 1500,Excellent,Manual,8,gas,33952,Low CC,18,1
2017,chevrolet,silverado 1500,Excellent,Manual,8,gas,36070,Low CC,23,1
2016,toyota,tundra,Excellent,Manual,8,gas,58790,Low CC,46,1
2017,toyota,4runner trd pro,Excellent,Automatic,6,gas,26000,Low CC,9,1
2015,ford,f-150 king ranch,Excellent,Manual,8,gas,43000,Low CC,42,1
2008,chevrolet,silverado 2500,Excellent,Automatic,6,diesel,97523,Low CC,12,1
2017,ford,f350 drw xlt,Excellent,Manual,8,diesel,54432,Low CC,32,1
2015,audi,s5,Excellent,Automatic,6,gas,35046,Low CC,42,1
2014,ford,f-250 lariat fx4 super duty,Excellent,Manual,8,diesel,249000,Low CC,25,1
2016,rover,discovery sport,Excellent,Manual,4,gas,18447,Low CC,44,1
2017,ford,f-550,Excellent,Automatic,8,diesel,9928,Low CC,49,2
2018,ford,transit-250,Excellent,Automatic,6,gas,28614,Low CC,8,1
2017,gmc,sierra sle 1500 double cab,Excellent,Automatic,8,gas,38000,Low CC,23,1
2010,ram,3500,Excellent,Automatic,6,diesel,115552,Low CC,21,1
2017,gmc,acadia slt-1,Excellent,Automatic,4,gas,100,Low CC,48,1
2015,nissan,titan,Excellent,Manual,8,gas,83015,Low CC,30,1
2015,ram,3500,Excellent,Automatic,6,diesel,37470,Low CC,43,2
2012,ford,f250 lariat,Excellent,Manual,8,gas,23423,Low CC,40,1
2011,ford,f-250 diesel super crew cab,Excellent,Automatic,8,diesel,97000,Low CC,42,1
2017,chevrolet,silverado 1500,Excellent,Automatic,8,gas,103611,Low CC,39,1
1947,chevrolet,fleetmaster street rod,Excellent,Automatic,8,gas,13968,Low CC,25,1
2017,ford,f250,Excellent,Automatic,8,gas,21087,Low CC,43,1
2018,ram,2500,Excellent,Manual,8,gas,28124,Low CC,47,1
2018,dodge,charger r/t,Excellent,Automatic,8,gas,19500,Low CC,10,1
2017,jaguar,f-pace 35t premium 4d,Excellent,Manual,6,gas,14800,Low CC,34,1
2011,chevrolet,silverado 2500hd,Excellent,Automatic,8,diesel,131903,Low CC,34,1
2012,ram,2500,Excellent,Automatic,8,diesel,88220,Low CC,27,1
2018,chevrolet,silverado 3500 hd,Excellent,Manual,8,diesel,31000,Low CC,30,2
1968,dodge,dart gts,Excellent,Manual,8,gas,15500,Low CC,8,1
2016,chevrolet,corvette,Excellent,Manual,8,gas,5000,Low CC,15,2
2012,ram,5500 cummins 4x4,Excellent,Automatic,6,diesel,214173,Low CC,26,1
2012,ford,escape,Excellent,Automatic,4,gas,85423,Low CC,6,2
2017,ford,f150 super crew,Excellent,Manual,8,gas,7256,Low CC,41,1
2011,chevrolet,silverado 3500hd,Excellent,Automatic,8,diesel,121734,Low CC,30,1
2017,ford,transit,Excellent,Automatic,6,gas,30704,Low CC,22,1
2014,gmc,sierra sle,Excellent,Automatic,6,gas,75675,Low CC,41,1
2018,chevrolet,ck35743 lt,Excellent,Manual,8,diesel,38000,Low CC,9,1
2017,ford,f-150,Excellent,Automatic,8,gas,84150,Low CC,34,1
2017,chevrolet,express,Excellent,Automatic,8,gas,35228,Low CC,6,1
2016,lincoln,navigator 4wd 4dr,Excellent,Manual,6,gas,68020,Low CC,21,1
2014,chevrolet,silverado 3500hd,Excellent,Manual,8,gas,51361,Low CC,19,1
2017,chevrolet,silverado 1500,Excellent,Manual,8,gas,24223,Low CC,34,1
2011,ram,2500,Excellent,Manual,6,diesel,113599,Low CC,43,1
2012,ram,3500 laramie longhorn,Excellent,Automatic,6,diesel,175974,Low CC,10,1
2015,mercedes-benz,gl450,Excellent,Manual,6,gas,47396,Low CC,12,1
2016,ram,2500,Excellent,Automatic,6,diesel,24899,Low CC,44,1
2016,jeep,grand cherokee,Excellent,Automatic,6,gas,23000,Low CC,41,1
2019,ford,transit wagon,Excellent,Manual,6,gas,2750,Low CC,21,1
2017,rover,evoque,Excellent,Automatic,4,gas,12352,Low CC,21,1
2013,subaru,impreza,Excellent,Automatic,4,gas,30267,Low CC,31,1
2006,gmc,c4c042,Excellent,Manual,6,diesel,43119,Low CC,8,1
2016,volvo,xc90,Excellent,Automatic,4,gas,39700,Low CC,35,1
2014,ram,2500,Excellent,Manual,8,gas,121437,Low CC,9,1
2016,ram,2500,Excellent,Manual,8,diesel,45603,Low CC,27,2
2014,chevrolet,silverado 4wd,Excellent,Manual,8,gas,48376,Low CC,5,1
2017,dodge,2500,Excellent,Automatic,6,diesel,83630,Low CC,40,1
2015,ford,f-150,Excellent,Manual,6,gas,114342,Low CC,9,1
2016,gmc,yukon,Excellent,Automatic,8,gas,47110,Low CC,44,1
2016,ford,transit,Excellent,Automatic,6,gas,2324,Low CC,48,1
2015,chevrolet,tahoe,Excellent,Manual,8,gas,85382,Low CC,7,1
2013,ram,1500 sport,Excellent,Automatic,8,gas,64126,Low CC,21,1
2018,ford,f-150,Excellent,Automatic,6,gas,42000,Low CC,46,1
2014,ram,5500,Excellent,Automatic,6,diesel,108726,Low CC,39,1
2008,chevrolet,corvette convertible,Excellent,Automatic,8,gas,22950,Low CC,43,1
2012,chevrolet,silverado 2500hd,Excellent,Manual,8,diesel,104533,Low CC,47,1
2015,gmc,sierra 1500,Excellent,Automatic,8,gas,29520,Low CC,48,1
2015,chevrolet,silverado 1500,Excellent,Automatic,8,gas,59425,Low CC,16,1
2019,chevrolet,silverado 1500 ld,Excellent,Automatic,8,gas,18560,Low CC,29,1
2017,gmc,sierra 1500 texas edition,Excellent,Manual,6,gas,100,Low CC,44,1
2017,ford,f-150 lariat,Excellent,Manual,6,gas,50404,Low CC,49,1
1971,chevrolet,k10 4x4,Excellent,Automatic,8,gas,1000,Low CC,42,2
2014,ford,f350 kind ranch,Excellent,Manual,8,diesel,105000,Low CC,46,1
2006,ram,3500 slt,Excellent,Manual,6,diesel,110248,Low CC,22,1
2018,dodge,durango,Excellent,Automatic,8,gas,9939,Low CC,8,1
2016,ram,sport 1500,Excellent,Automatic,8,gas,79000,Low CC,44,1
2011,ford,f-350 super duty lariat li,Excellent,Manual,8,diesel,94844,Low CC,41,1
2016,toyota,tacoma,Excellent,Manual,6,gas,50293,Low CC,32,1
2015,ford,f-150 lariat,Excellent,Automatic,8,gas,40188,Low CC,44,1
2010,ram,2500,Excellent,Automatic,8,diesel,184465,Low CC,29,1
1931,ford,model a coupe,Excellent,Automatic,8,gas,6200,Low CC,11,1
2014,mercedes-benz,benz,Excellent,Automatic,8,gas,64000,Low CC,6,1
2016,ram,2500 diesel,Excellent,Manual,6,gas,86037,Low CC,33,1
2012,chevrolet,silverado 2500hd,Excellent,Automatic,8,gas,79000,Low CC,13,1
2015,chevrolet,corvette,Excellent,Manual,8,gas,14490,Low CC,32,1
2013,jeep,wrangler unlimited,Excellent,Automatic,6,gas,64849,Low CC,17,1
2012,chevrolet,silverado 3500hd,Excellent,Automatic,8,gas,72686,Low CC,18,1
2017,jeep,wrangler unlimited rubicon,Excellent,Automatic,6,gas,27100,Low CC,30,1
2014,ford,f-150 eco boost,Excellent,Manual,4,gas,62000,Low CC,44,1
2013,mercedes-benz,benz sl 550 amg,Excellent,Manual,8,gas,42500,Low CC,16,1
2015,ford,super duty f-350 drw,Excellent,Automatic,8,diesel,87000,Low CC,27,1
2014,chevrolet,silverado 1500,Excellent,Manual,8,gas,118162,Low CC,28,1
2017,chevrolet,silverado,Excellent,Manual,8,gas,18000,Low CC,38,1
2016,cadillac,cts,Excellent,Manual,6,gas,39275,Low CC,13,1
2018,ford,f-150,Excellent,Automatic,6,gas,18690,Low CC,33,1
2017,dodge,grand caravan sxt,Excellent,Automatic,6,gas,43000,Low CC,43,1
2012,subaru,wrx sti-s,Excellent,Automatic,4,gas,53795,Low CC,12,1
2018,chevrolet,silverado lt 4x4,Excellent,Automatic,8,gas,43345,Low CC,8,1
2016,ford,f350,Excellent,Automatic,8,gas,87690,Low CC,40,1
2016,audi,a6,Excellent,Manual,6,gas,35722,Low CC,46,1
2008,chevrolet,corvette,Excellent,Automatic,8,gas,18500,Low CC,16,1
2016,dodge,challenger,Excellent,Automatic,8,gas,23068,Low CC,9,1
2015,ford,f-350,Excellent,Automatic,8,diesel,129997,Low CC,45,1
2015,ford,f-250 super duty,Excellent,Automatic,8,diesel,152000,Low CC,17,1
2013,ford,f-150,Excellent,Automatic,8,gas,120973,Low CC,23,1
2011,ford,f-350,Excellent,Automatic,8,diesel,88415,Low CC,5,1
2018,ram,2500,Excellent,Automatic,8,gas,9930,Low CC,33,1
2014,gmc,sierra 1500,Excellent,Automatic,8,gas,83935,Low CC,20,1
1972,datsun,240z coupe,Excellent,Manual,6,gas,78990,Low CC,8,1
2016,ford,f150 platinum,Excellent,Automatic,6,gas,34775,Low CC,44,1
2018,bmw,x2 x-drive,Excellent,Manual,4,gas,7000,Low CC,47,1
2008,ram,4500,Excellent,Automatic,6,diesel,65264,Low CC,14,1
2017,jeep,wrangler unlimited,Excellent,Automatic,6,gas,35215,Low CC,33,1
2016,rover,sport,Excellent,Manual,6,gas,48123,Low CC,15,1
2017,ford,transit,Excellent,Automatic,6,gas,51406,Low CC,23,1
2016,ford,f-150,Excellent,Manual,8,gas,41882,Low CC,36,1
2014,ram,2500,Excellent,Automatic,6,diesel,65938,Low CC,25,1
2014,chevrolet,silverado 1500,Excellent,Automatic,8,gas,68262,Low CC,29,1
2019,ford,mustang,Excellent,Automatic,4,gas,18000,Low CC,27,1
1970,ford,bronco,Excellent,Automatic,8,gas,70000,Low CC,50,1
2007,chevrolet,silverado 3500hd,Excellent,Automatic,8,diesel,74894,Low CC,30,1
2018,ford,taurus,Excellent,Manual,6,gas,9489,Low CC,48,1
2018,ram,mega cab dually,Excellent,Manual,6,diesel,11435,Low CC,22,2
2019,chevrolet,silverado 1500 ld,Excellent,Automatic,8,gas,3580,Low CC,40,1
2015,lexus,rx 350 f sport,Excellent,Manual,6,gas,29395,Low CC,9,1
2012,ford,f250,Excellent,Automatic,8,diesel,83146,Low CC,21,1
2016,ram,1500,Excellent,Automatic,8,gas,35007,Low CC,46,1
2013,ram,1500,Excellent,Automatic,8,gas,51000,Low CC,18,1
2014,audi,a8 l premium sedan,Excellent,Automatic,8,gas,45771,Low CC,18,1
2018,chevrolet,silverado lt 4x4,Excellent,Automatic,8,gas,31224,Low CC,49,1
2015,audi,a7 prestige,Excellent,Manual,6,gas,74000,Low CC,33,1
2015,gmc,sierra,Excellent,Automatic,8,gas,93920,Low CC,41,1
2019,ram,1500,Excellent,Automatic,8,gas,13664,Low CC,8,1
2014,ram,2500,Excellent,Automatic,6,diesel,57267,Low CC,14,1
2013,jeep,wrangler,Excellent,Manual,6,gas,76345,Low CC,8,1
2014,ford,f-350,Excellent,Automatic,8,diesel,112165,Low CC,45,1
2015,chevrolet,suburban,Excellent,Manual,8,gas,52250,Low CC,41,1
2013,ram,2500,Excellent,Automatic,6,diesel,67000,Low CC,30,1
2016,ram,1500,Excellent,Automatic,8,gas,75000,Low CC,16,1
2014,ram,2500,Excellent,Manual,8,gas,100001,Low CC,21,1
2017,ford,f-250 sd,Excellent,Manual,8,diesel,57297,Low CC,40,1
2012,gmc,sierra 2500hd,Excellent,Manual,8,diesel,149889,Low CC,47,1
2019,jeep,grand cherokee,Excellent,Automatic,8,gas,15265,Low CC,22,1
2014,ram,2500,Excellent,Automatic,6,diesel,161489,Low CC,15,1
2015,cadillac,escalade esv,Excellent,Manual,8,gas,60000,Low CC,5,1
2019,chevrolet,silverado 1500 ld,Excellent,Automatic,8,gas,15463,Low CC,23,1
2015,chevrolet,tahoe,Excellent,Manual,8,gas,84308,Low CC,5,1
2014,toyota,tundra xsp-x,Excellent,Manual,8,gas,35000,Low CC,43,1
2018,ram,1500,Excellent,Automatic,6,gas,10614,Low CC,48,1
2017,ford,explorer platinum,Excellent,Automatic,6,gas,48500,Low CC,41,1
2010,ford,super duty f-350 drw lariat,Excellent,Manual,8,diesel,110478,Low CC,23,1
2016,gmc,sierra 1500,Excellent,Automatic,8,gas,62315,Low CC,25,1
2018,ford,transit t250,Excellent,Manual,6,gas,17229,Low CC,10,1
2012,ram,5500 cummins 4x4,Excellent,Manual,6,diesel,214173,Low CC,31,1
2015,infiniti,qx80 awd limited,Excellent,Automatic,8,gas,24500,Low CC,22,1
2015,gmc,sierra 1500,Excellent,Manual,8,gas,130493,Low CC,15,1
2017,cadillac,escalade,Excellent,Automatic,8,gas,72234,Low CC,7,1
2015,gmc,sierra 1500,Excellent,Automatic,8,gas,97023,Low CC,45,1
2018,dodge,durango rt,Excellent,Automatic,8,gas,35303,Low CC,10,1
2018,ford,super duty f-250,Excellent,Manual,8,diesel,64886,Low CC,27,1
1966,chevrolet,impala,Excellent,Manual,8,gas,37000,Low CC,28,2
1966,ford,mustang 2+2 fastback,Excellent,Manual,8,gas,10000,Low CC,7,1
2016,ford,f350,Excellent,Automatic,8,diesel,71146,Low CC,26,1
2014,gmc,2500hd sierra denali duramax,Excellent,Automatic,8,diesel,118269,Low CC,41,1
2014,rover,sport,Excellent,Automatic,8,gas,43000,Low CC,50,1
2018,toyota,4runner sr5 premium,Excellent,Automatic,6,gas,11500,Low CC,10,1
2016,chevrolet,silverado 3500hd work,Excellent,Manual,8,gas,120690,Low CC,14,1
2017,ford,transit,Excellent,Automatic,6,gas,24337,Low CC,11,1
2018,ram,2500,Excellent,Automatic,8,gas,9930,Low CC,31,1
2011,chevrolet,silverado 2500hd,Excellent,Manual,8,diesel,156907,Low CC,48,1
2017,subaru,wrx sti 2.5l,Excellent,Automatic,4,gas,33601,Low CC,9,1
2015,chevrolet,tahoe,Excellent,Automatic,8,gas,83320,Low CC,19,1
2016,ford,transit wagon,Excellent,Automatic,6,gas,79000,Low CC,15,1
2018,ford,explorer,Excellent,Manual,6,gas,13687,Low CC,25,1
2013,chevrolet,silverado 2500hd,Excellent,Automatic,8,gas,132314,Low CC,50,1
2015,chevrolet,silverado 2500hd,Excellent,Automatic,8,gas,96638,Low CC,44,1
1965,dodge,polara 500 conv.,Excellent,Automatic,8,gas,73000,Low CC,28,1
2015,ford,f 150 4x4 supercrew lariat,Excellent,Automatic,6,gas,72650,Low CC,25,1
2016,ford,f-150,Excellent,Manual,8,gas,41893,Low CC,45,1
2011,ford,f-550,Excellent,Automatic,8,diesel,192457,Low CC,50,1
2015,chevrolet,silverado,Excellent,Manual,8,diesel,170781,Low CC,48,1
2018,toyota,tacoma,Excellent,Automatic,6,gas,9561,Low CC,37,1
2017,ford,f-250 sd,Excellent,Manual,8,diesel,125780,Low CC,33,1
2017,ram,1500 crew cab,Excellent,Manual,8,gas,21141,Low CC,37,1
2015,gmc,sierra,Excellent,Manual,8,gas,54110,Low CC,8,1
